"File","Line","Text"
"lib\firebase_options_platform.web.dart","35","""抓取 Web Token 失敗：$e"""
"lib\main.dart","31","'聊天訊息通知'"
"lib\main.dart","32","'用於接收角色的最新回覆與遊戲提醒。'"
"lib\main.dart","41","""👻 [背景小精靈] 成功攔截到背景通知: ${message.notification?.title}"""
"lib\main.dart","106","'⚠️ 通知服務初始化逾時'"
"lib\main.dart","108","'❌ 通知服務初始化失敗：$e'"
"lib\main.dart","113","'ℹ️ Web Debug 模式，略過 Firebase App Check'"
"lib\main.dart","131","'✅ Firebase App Check 初始化成功'"
"lib\main.dart","133","'⚠️ Firebase App Check 初始化逾時'"
"lib\main.dart","135","'❌ Firebase App Check 初始化失敗：$e'"
"lib\main.dart","188","""更新在線狀態失敗: $e"""
"lib\main.dart","218","'戀戀拾光'"
"lib\main.dart","301","""真的找不到這個人😭"""
"lib\main.dart","318","""讀取失敗：${snapshot.error}"""
"lib\main.dart","326","'繁體中文'"
"lib\main.dart","341","""🚨 收到推播的 Data 內容: $data"""
"lib\main.dart","349","""❌ 嚴重錯誤：找不到有效的 characterId"""
"lib\main.dart","364","""📫 玩家點擊了社交通知，準備導向私密信箱頁面"""
"lib\main.dart","375","""⚠️ 尚未登入，略過 FCM token 儲存"""
"lib\main.dart","394","""✅ FCM token 已儲存：${defaultTargetPlatform.name}"""
"lib\main.dart","399","""🌐 網頁版：暫不初始化推播（避免 Service Worker 錯誤）"""
"lib\main.dart","426","'⚠️ 取得 FCM token 逾時，本次略過'"
"lib\main.dart","435","'⚠️ 儲存 FCM token 逾時，本次略過'"
"lib\main.dart","437","'❌ 儲存 FCM token 失敗：$e'"
"lib\main.dart","454","""❌ 推播初始化發生錯誤: $e"""
"lib\data\store_data.dart","19","'初見禮包'"
"lib\data\store_data.dart","20","'曖昧禮包'"
"lib\data\store_data.dart","21","'心動禮包'"
"lib\data\store_data.dart","22","'熱戀禮包'"
"lib\data\store_data.dart","23","'知己禮包'"
"lib\data\store_data.dart","24","'守候禮包'"
"lib\data\store_data.dart","25","'信賴禮包'"
"lib\data\store_data.dart","26","'我愛你禮包'"
"lib\data\store_data.dart","27","'蜜月禮包'"
"lib\data\store_data.dart","28","'承諾禮包'"
"lib\data\store_data.dart","29","'相伴禮包'"
"lib\data\store_data.dart","30","'深愛禮包'"
"lib\data\store_data.dart","31","'長久禮包'"
"lib\data\store_data.dart","32","'唯一禮包'"
"lib\data\store_data.dart","33","'摯愛禮包'"
"lib\data\store_data.dart","34","'一生一世包'"
"lib\data\store_data.dart","35","'誓約禮包'"
"lib\data\store_data.dart","36","'永恆戀人包'"
"lib\data\store_data.dart","38","'戀戀拾光．星之契約'"
"lib\help\help_content_zh.dart","10","'遊玩指南'"
"lib\help\help_content_zh.dart","11","'歡迎來到《戀戀拾光》'"
"lib\help\help_content_zh.dart","13","'完善拾光檔案與「關於我們」的內容，可以讓角色更加了解你，聊天體驗也會更自然喔！'"
"lib\help\help_content_zh.dart","14","'搜尋問題或功能'"
"lib\help\help_content_zh.dart","15","'找不到相關問題'"
"lib\help\help_content_zh.dart","17","'可以換一個關鍵字搜尋，或透過「聯絡我們」詢問官方。'"
"lib\help\help_content_zh.dart","21","'開始遊玩'"
"lib\help\help_content_zh.dart","26","'第一次進入遊戲後，建議先做什麼？'"
"lib\help\help_content_zh.dart","28","'建議先完成個人檔案設定喔！設定完成後，角色在回覆時才會知道該如何稱呼你，也能更了解你的基本資訊，讓之後的互動更加自然。'"
"lib\help\help_content_zh.dart","30","'第一次'"
"lib\help\help_content_zh.dart","31","'新手'"
"lib\help\help_content_zh.dart","32","'個人檔案'"
"lib\help\help_content_zh.dart","33","'稱呼'"
"lib\help\help_content_zh.dart","38","'要怎麼開始和角色聊天？'"
"lib\help\help_content_zh.dart","40","'你可以前往「邂逅」中的每日邂逅，或到探索大廳尋找心儀的角色。進入角色主頁後，點選下方的「開始劇情」或「閒聊」，就可以開始聊天。公開角色可以自由選擇是否加入好友。'"
"lib\help\help_content_zh.dart","42","'聊天'"
"lib\help\help_content_zh.dart","43","'每日邂逅'"
"lib\help\help_content_zh.dart","44","'探索大廳'"
"lib\help\help_content_zh.dart","45","'開始劇情'"
"lib\help\help_content_zh.dart","46","'閒聊'"
"lib\help\help_content_zh.dart","51","'聊天室左下角的雲朵按鈕有哪些功能？'"
"lib\help\help_content_zh.dart","53","'點擊聊天室左下角的雲朵按鈕，可以開啟背包、劇情摘要、照片、錄音、拾光檔案與互動玩法等功能。'"
"lib\help\help_content_zh.dart","55","'雲朵'"
"lib\help\help_content_zh.dart","56","'聊天室'"
"lib\help\help_content_zh.dart","57","'背包'"
"lib\help\help_content_zh.dart","58","'劇情摘要'"
"lib\help\help_content_zh.dart","59","'照片'"
"lib\help\help_content_zh.dart","60","'錄音'"
"lib\help\help_content_zh.dart","65","'什麼是「拾光檔案」？'"
"lib\help\help_content_zh.dart","67","'拾光檔案就是《戀戀拾光》裡的個人檔案。你可以設定檔案名稱、姓名、身高、外貌、職業、個性與自我介紹。介紹得越詳細，角色就越能了解你，回覆也會更貼近你的設定。'"
"lib\help\help_content_zh.dart","69","'拾光檔案'"
"lib\help\help_content_zh.dart","70","'姓名'"
"lib\help\help_content_zh.dart","71","'身高'"
"lib\help\help_content_zh.dart","72","'外貌'"
"lib\help\help_content_zh.dart","73","'職業'"
"lib\help\help_content_zh.dart","74","'個性'"
"lib\help\help_content_zh.dart","75","'自我介紹'"
"lib\help\help_content_zh.dart","80","'互動玩法目前有哪些？'"
"lib\help\help_content_zh.dart","82","'目前互動玩法包含戳戳、送小禮物與發送定位。未來也會持續新增更多互動內容與遊戲玩法。'"
"lib\help\help_content_zh.dart","84","'互動玩法'"
"lib\help\help_content_zh.dart","85","'戳戳'"
"lib\help\help_content_zh.dart","86","'禮物'"
"lib\help\help_content_zh.dart","87","'定位'"
"lib\help\help_content_zh.dart","92","'聊天室右上角的選單有哪些功能？'"
"lib\help\help_content_zh.dart","94","'點擊聊天室右上角的三條線，可以使用搜尋對話、專屬回憶與背景、與我相關、關於我們、給他的備忘錄、生理期追蹤與重製記憶等功能。'"
"lib\help\help_content_zh.dart","96","'三條線'"
"lib\help\help_content_zh.dart","97","'搜尋對話'"
"lib\help\help_content_zh.dart","98","'專屬回憶'"
"lib\help\help_content_zh.dart","99","'與我相關'"
"lib\help\help_content_zh.dart","100","'關於我們'"
"lib\help\help_content_zh.dart","101","'備忘錄'"
"lib\help\help_content_zh.dart","102","'生理期'"
"lib\help\help_content_zh.dart","103","'重製記憶'"
"lib\help\help_content_zh.dart","111","'生活陪伴'"
"lib\help\help_content_zh.dart","116","'生理期追蹤要怎麼設定？'"
"lib\help\help_content_zh.dart","118","'選擇生理期開始與結束的日期後，按下「儲存紀錄」。角色就會知道你的生理期日期，並可能在回覆中加入小小的提醒與關心。'"
"lib\help\help_content_zh.dart","120","'生理期'"
"lib\help\help_content_zh.dart","121","'月經'"
"lib\help\help_content_zh.dart","122","'日期'"
"lib\help\help_content_zh.dart","123","'提醒'"
"lib\help\help_content_zh.dart","128","'「關於我們」的回憶要怎麼新增？'"
"lib\help\help_content_zh.dart","130","'「關於我們」裡的回憶需要由玩家手動輸入。儲存後，角色會記得你們之間發生過的重要事情，讓後續互動更有延續感。'"
"lib\help\help_content_zh.dart","132","'關於我們'"
"lib\help\help_content_zh.dart","133","'回憶'"
"lib\help\help_content_zh.dart","134","'記憶'"
"lib\help\help_content_zh.dart","139","'備忘錄怎麼使用？'"
"lib\help\help_content_zh.dart","141","'你可以建立備忘事項並設定日期。到了指定日期，角色會提醒你當天的事情，App 也會透過系統通知提醒你。'"
"lib\help\help_content_zh.dart","143","'備忘錄'"
"lib\help\help_content_zh.dart","144","'日期'"
"lib\help\help_content_zh.dart","145","'通知'"
"lib\help\help_content_zh.dart","146","'提醒'"
"lib\help\help_content_zh.dart","151","'備忘錄可以修改或刪除嗎？'"
"lib\help\help_content_zh.dart","153","'可以。已建立的備忘錄可以隨時修改或刪除。'"
"lib\help\help_content_zh.dart","155","'備忘錄'"
"lib\help\help_content_zh.dart","156","'修改'"
"lib\help\help_content_zh.dart","157","'刪除'"
"lib\help\help_content_zh.dart","162","'AI 會記得多久以前的內容？'"
"lib\help\help_content_zh.dart","164","'不同聊天模式的記憶方式與範圍不完全相同。AI 會根據角色設定、目前模式、近期對話，以及你儲存的回憶與拾光檔案內容生成回覆。若有希望角色長期記得的重要事項，建議加入「關於我們」、專屬回憶或拾光檔案。'"
"lib\help\help_content_zh.dart","166","'記憶'"
"lib\help\help_content_zh.dart","167","'忘記'"
"lib\help\help_content_zh.dart","168","'長期記憶'"
"lib\help\help_content_zh.dart","169","'聊天模式'"
"lib\help\help_content_zh.dart","177","'瞬間（朋友圈）'"
"lib\help\help_content_zh.dart","182","'「瞬間」是公開朋友圈嗎？'"
"lib\help\help_content_zh.dart","184","'是的。瞬間分為「探索」與「專屬」。添加其他玩家為好友後，對方角色的貼文除了會出現在探索，也會出現在專屬內容中。當角色的創作者發文時，你也有機會看到相關貼文。'"
"lib\help\help_content_zh.dart","186","'瞬間'"
"lib\help\help_content_zh.dart","187","'朋友圈'"
"lib\help\help_content_zh.dart","188","'探索'"
"lib\help\help_content_zh.dart","189","'專屬'"
"lib\help\help_content_zh.dart","190","'好友'"
"lib\help\help_content_zh.dart","195","'玩家和角色都可以發文嗎？'"
"lib\help\help_content_zh.dart","197","'可以。玩家可以自行發文，角色也可以發文。'"
"lib\help\help_content_zh.dart","199","'發文'"
"lib\help\help_content_zh.dart","200","'角色發文'"
"lib\help\help_content_zh.dart","201","'玩家發文'"
"lib\help\help_content_zh.dart","206","'角色可以預約自動發文嗎？'"
"lib\help\help_content_zh.dart","208","'可以。你可以設定每天固定的發文時間，系統會依角色後台設定的個性，自動生成符合角色風格的貼文。'"
"lib\help\help_content_zh.dart","210","'預約發文'"
"lib\help\help_content_zh.dart","211","'自動發文'"
"lib\help\help_content_zh.dart","212","'發文時間'"
"lib\help\help_content_zh.dart","217","'角色自動發文會消耗花花嗎？'"
"lib\help\help_content_zh.dart","219","'不會。角色的預約自動發文目前不會消耗任何花花。'"
"lib\help\help_content_zh.dart","221","'自動發文'"
"lib\help\help_content_zh.dart","222","'花花'"
"lib\help\help_content_zh.dart","223","'點數'"
"lib\help\help_content_zh.dart","228","'貼文可以進行哪些互動？'"
"lib\help\help_content_zh.dart","230","'貼文支援按讚、留言、分享與儲存。角色的創作者也可以使用該角色的身分回覆玩家，或到其他貼文下留言互動。'"
"lib\help\help_content_zh.dart","232","'按讚'"
"lib\help\help_content_zh.dart","233","'留言'"
"lib\help\help_content_zh.dart","234","'分享'"
"lib\help\help_content_zh.dart","235","'儲存'"
"lib\help\help_content_zh.dart","243","'AI 聊天與語音'"
"lib\help\help_content_zh.dart","248","'為什麼 AI 每次回答可能不一樣？'"
"lib\help\help_content_zh.dart","250","'AI 會根據角色人設、世界觀、前後對話、玩家設定與當下聊天內容即時生成回覆。因此，即使輸入相似的內容，也可能得到不同回答。這是生成式 AI 的特性，也讓每次互動保有變化與驚喜。'"
"lib\help\help_content_zh.dart","252","'AI回答'"
"lib\help\help_content_zh.dart","253","'回答不同'"
"lib\help\help_content_zh.dart","254","'生成式AI'"
"lib\help\help_content_zh.dart","259","'角色為什麼可能顯示離線？'"
"lib\help\help_content_zh.dart","261","'角色顯示離線可能是網路連線異常、AI 或雲端服務暫時異常、角色資料尚未完整載入，或角色內容正在重新檢查。可以先重新整理、確認網路，或稍後再試。若持續無法使用，請回報客服並附上角色名稱與畫面截圖。'"
"lib\help\help_content_zh.dart","263","'離線'"
"lib\help\help_content_zh.dart","264","'無法聊天'"
"lib\help\help_content_zh.dart","265","'網路'"
"lib\help\help_content_zh.dart","266","'雲端'"
"lib\help\help_content_zh.dart","271","'聊天紀錄會跨裝置同步嗎？'"
"lib\help\help_content_zh.dart","273","'會。只要使用相同帳號登入，聊天紀錄與相關資料就會同步到其他裝置。'"
"lib\help\help_content_zh.dart","275","'聊天紀錄'"
"lib\help\help_content_zh.dart","276","'換手機'"
"lib\help\help_content_zh.dart","277","'同步'"
"lib\help\help_content_zh.dart","282","'可以刪除或重新開始對話嗎？'"
"lib\help\help_content_zh.dart","284","'可以。玩家可以刪除對話、重新生成回覆，或使用重製對話與記憶功能。重製前請先確認是否有重要內容需要保留。'"
"lib\help\help_content_zh.dart","286","'刪除對話'"
"lib\help\help_content_zh.dart","287","'重新生成'"
"lib\help\help_content_zh.dart","288","'重製記憶'"
"lib\help\help_content_zh.dart","293","'語音功能在哪裡使用？'"
"lib\help\help_content_zh.dart","295","'目前語音功能主要在聊天室中使用。建立角色時，可以輸入希望的聲音描述，系統會協助尋找最符合角色設定的聲音。'"
"lib\help\help_content_zh.dart","297","'語音'"
"lib\help\help_content_zh.dart","298","'聊天室'"
"lib\help\help_content_zh.dart","300","'建立角色'"
"lib\help\help_content_zh.dart","305","'第一次播放語音為什麼比較慢？'"
"lib\help\help_content_zh.dart","307","'第一次播放時，系統需要先為角色生成並載入語音，因此可能需要等待幾秒鐘。生成完成後，再次播放通常會快很多；網路狀況也可能影響載入速度。'"
"lib\help\help_content_zh.dart","309","'語音很慢'"
"lib\help\help_content_zh.dart","310","'第一次播放'"
"lib\help\help_content_zh.dart","311","'載入'"
"lib\help\help_content_zh.dart","316","'語音播放會消耗花花嗎？'"
"lib\help\help_content_zh.dart","318","'建立角色時的語音試聽不會消耗花花；語音通話每次會扣除 20 點花花。'"
"lib\help\help_content_zh.dart","320","'語音'"
"lib\help\help_content_zh.dart","321","'花花'"
"lib\help\help_content_zh.dart","322","'20點'"
"lib\help\help_content_zh.dart","323","'試聽'"
"lib\help\help_content_zh.dart","328","'玩家可以替角色更換聲音嗎？'"
"lib\help\help_content_zh.dart","330","'可以。角色的創作者可以再次編輯角色並重新選擇合適的聲音。'"
"lib\help\help_content_zh.dart","332","'更換聲音'"
"lib\help\help_content_zh.dart","333","'修改語音'"
"lib\help\help_content_zh.dart","338","'聲音不符合角色時，可以怎麼反映？'"
"lib\help\help_content_zh.dart","340","'你可以前往角色主頁，在「時空迴音」留下對角色聲音的看法或建議。每個角色都是創作者投入心力製作的作品，請以尊重、友善的方式提供意見，不要惡意攻擊角色或創作者。'"
"lib\help\help_content_zh.dart","342","'聲音不符合'"
"lib\help\help_content_zh.dart","343","'時空迴音'"
"lib\help\help_content_zh.dart","344","'建議'"
"lib\help\help_content_zh.dart","352","'角色創作'"
"lib\help\help_content_zh.dart","357","'要從哪裡建立角色？'"
"lib\help\help_content_zh.dart","359","'前往個人主頁後，按下「創建角色」，即可開始建立自己的角色。'"
"lib\help\help_content_zh.dart","361","'建立角色'"
"lib\help\help_content_zh.dart","362","'創建角色'"
"lib\help\help_content_zh.dart","363","'個人主頁'"
"lib\help\help_content_zh.dart","368","'一個帳號可以建立幾個角色？'"
"lib\help\help_content_zh.dart","370","'目前沒有角色數量、公開數量或欄位數量限制，歡迎盡情發揮創意與想法。'"
"lib\help\help_content_zh.dart","372","'角色上限'"
"lib\help\help_content_zh.dart","373","'數量限制'"
"lib\help\help_content_zh.dart","374","'無上限'"
"lib\help\help_content_zh.dart","379","'草稿、私人角色與公開角色有什麼不同？'"
"lib\help\help_content_zh.dart","381","'草稿是尚未建立完成，或編輯到一半而暫時儲存的角色；私人角色只有創作者本人看得到，適合先測試對話是否符合預期；公開角色則會顯示在公開頁面，所有玩家都可以看見並互動。'"
"lib\help\help_content_zh.dart","383","'草稿'"
"lib\help\help_content_zh.dart","384","'私人角色'"
"lib\help\help_content_zh.dart","385","'公開角色'"
"lib\help\help_content_zh.dart","390","'公開角色送出後會立即上架嗎？'"
"lib\help\help_content_zh.dart","392","'會。目前公開角色完成發布後會立即上架，但仍須遵守使用條款與創作者規範。若收到檢舉或發現違規內容，平台可能進行檢查或下架處理。'"
"lib\help\help_content_zh.dart","394","'立即上架'"
"lib\help\help_content_zh.dart","395","'公開角色'"
"lib\help\help_content_zh.dart","396","'發布'"
"lib\help\help_content_zh.dart","401","'公開後還可以編輯角色嗎？'"
"lib\help\help_content_zh.dart","403","'可以。公開角色仍可再次編輯，編輯期間角色不會自動下架，並會維持顯示於公開頁面。'"
"lib\help\help_content_zh.dart","405","'編輯角色'"
"lib\help\help_content_zh.dart","406","'公開後修改'"
"lib\help\help_content_zh.dart","411","'可以刪除自己的公開角色嗎？'"
"lib\help\help_content_zh.dart","413","'可以，但只有該角色的創作者可以刪除自己建立的角色，其他玩家無法編輯或刪除。'"
"lib\help\help_content_zh.dart","415","'刪除角色'"
"lib\help\help_content_zh.dart","416","'創作者'"
"lib\help\help_content_zh.dart","417","'親媽'"
"lib\help\help_content_zh.dart","422","'角色圖片最多可以上傳幾張？'"
"lib\help\help_content_zh.dart","424","'每個角色最多可以上傳 10 張圖片。第一張圖片會作為角色的主要展示圖片，也是其他玩家對角色的第一印象照。'"
"lib\help\help_content_zh.dart","426","'角色圖片'"
"lib\help\help_content_zh.dart","427","'10張'"
"lib\help\help_content_zh.dart","428","'第一張'"
"lib\help\help_content_zh.dart","429","'封面'"
"lib\help\help_content_zh.dart","434","'為什麼第二張以後的照片需要解鎖？'"
"lib\help\help_content_zh.dart","436","'第二張以後的專屬照片會依角色設定的好感度逐步解鎖。隨著你和角色的互動增加，就能看到更多專屬照片。'"
"lib\help\help_content_zh.dart","438","'照片解鎖'"
"lib\help\help_content_zh.dart","439","'好感度'"
"lib\help\help_content_zh.dart","440","'專屬照片'"
"lib\help\help_content_zh.dart","445","'標籤要怎麼新增？有數量限制嗎？'"
"lib\help\help_content_zh.dart","447","'建立或編輯角色時，可以在角色設定中新增標籤。目前沒有標籤數量限制，但建議選擇真正符合角色個性與設定的標籤，方便其他玩家搜尋。'"
"lib\help\help_content_zh.dart","449","'標籤'"
"lib\help\help_content_zh.dart","450","'數量限制'"
"lib\help\help_content_zh.dart","451","'搜尋'"
"lib\help\help_content_zh.dart","456","'為什麼角色可能無法公開或變成離線？'"
"lib\help\help_content_zh.dart","458","'可能原因包括角色資料尚未填寫完整、網路或雲端服務暫時異常，或圖片與文字內容需要調整。請先確認欄位是否完整，並確保內容符合創作者規範；若仍無法使用，請聯絡客服。'"
"lib\help\help_content_zh.dart","460","'無法公開'"
"lib\help\help_content_zh.dart","461","'離線'"
"lib\help\help_content_zh.dart","462","'欄位不完整'"
"lib\help\help_content_zh.dart","467","'可以建立同人或二創角色嗎？'"
"lib\help\help_content_zh.dart","469","'可以，但請尊重原作品與權利人的規範，不得冒充官方授權，也不得使用侵害著作權、商標權、肖像權或其他權利的內容。發布前請先閱讀《創作者規範》。'"
"lib\help\help_content_zh.dart","471","'同人'"
"lib\help\help_content_zh.dart","472","'二創'"
"lib\help\help_content_zh.dart","473","'版權'"
"lib\help\help_content_zh.dart","474","'創作者規範'"
"lib\help\help_content_zh.dart","482","'搜尋與邂逅'"
"lib\help\help_content_zh.dart","487","'目前可以搜尋哪些內容？'"
"lib\help\help_content_zh.dart","489","'目前可以透過角色名稱、創作者名稱與角色標籤等內容尋找角色。'"
"lib\help\help_content_zh.dart","491","'搜尋'"
"lib\help\help_content_zh.dart","492","'角色名稱'"
"lib\help\help_content_zh.dart","493","'創作者'"
"lib\help\help_content_zh.dart","494","'標籤'"
"lib\help\help_content_zh.dart","499","'邂逅裡有哪些分類？'"
"lib\help\help_content_zh.dart","501","'目前邂逅包含最新、熱門、標籤與人氣熱榜等分類。'"
"lib\help\help_content_zh.dart","503","'邂逅'"
"lib\help\help_content_zh.dart","504","'最新'"
"lib\help\help_content_zh.dart","505","'熱門'"
"lib\help\help_content_zh.dart","506","'標籤'"
"lib\help\help_content_zh.dart","507","'人氣熱榜'"
"lib\help\help_content_zh.dart","512","'熱門角色是怎麼排序的？'"
"lib\help\help_content_zh.dart","514","'熱門角色目前主要依角色的遊玩次數排序。'"
"lib\help\help_content_zh.dart","516","'熱門'"
"lib\help\help_content_zh.dart","517","'遊玩次數'"
"lib\help\help_content_zh.dart","518","'排序'"
"lib\help\help_content_zh.dart","523","'什麼是「閃耀新星」？'"
"lib\help\help_content_zh.dart","525","'新建立並公開的角色會出現在「閃耀新星．強檔推薦」區域，讓玩家更容易發現新作品。'"
"lib\help\help_content_zh.dart","527","'閃耀新星'"
"lib\help\help_content_zh.dart","528","'新角色'"
"lib\help\help_content_zh.dart","529","'推薦'"
"lib\help\help_content_zh.dart","537","'帳號與外觀'"
"lib\help\help_content_zh.dart","542","'要從哪裡更換主題顏色？'"
"lib\help\help_content_zh.dart","544","'前往個人主頁右上角的設定，即可自訂主題顏色。套用後，App 多數頁面與聊天室介面都會跟著變更。'"
"lib\help\help_content_zh.dart","546","'主題顏色'"
"lib\help\help_content_zh.dart","547","'設定'"
"lib\help\help_content_zh.dart","548","'聊天室顏色'"
"lib\help\help_content_zh.dart","553","'換手機後資料會同步嗎？'"
"lib\help\help_content_zh.dart","555","'可以。只要在新裝置使用相同帳號登入，帳號內的資料就會進行同步。'"
"lib\help\help_content_zh.dart","557","'換手機'"
"lib\help\help_content_zh.dart","558","'新裝置'"
"lib\help\help_content_zh.dart","559","'同步資料'"
"lib\help\help_content_zh.dart","564","'不同登入方式可以互通嗎？'"
"lib\help\help_content_zh.dart","566","'目前 Apple、Google、Facebook 與 Email 等不同登入方式不會自動互通。請使用原本註冊或登入時使用的相同方式，以免進入不同帳號。'"
"lib\help\help_content_zh.dart","568","'Apple登入'"
"lib\help\help_content_zh.dart","569","'Google登入'"
"lib\help\help_content_zh.dart","570","'Facebook登入'"
"lib\help\help_content_zh.dart","571","'Email登入'"
"lib\help\help_content_zh.dart","576","'可以修改暱稱、頭像與「與我相關」嗎？'"
"lib\help\help_content_zh.dart","578","'暱稱與頭像可以修改；目前「與我相關」內容無法由玩家自行編輯。'"
"lib\help\help_content_zh.dart","580","'暱稱'"
"lib\help\help_content_zh.dart","581","'頭像'"
"lib\help\help_content_zh.dart","582","'與我相關'"
"lib\help\help_content_zh.dart","587","'要怎麼刪除帳號？'"
"lib\help\help_content_zh.dart","589","'進入個人主頁右上角的設定，往下滑即可找到「刪除帳號」。送出後會有 3 天緩衝期，在緩衝期間重新登入，就會取消帳號刪除。'"
"lib\help\help_content_zh.dart","591","'刪除帳號'"
"lib\help\help_content_zh.dart","592","'三天'"
"lib\help\help_content_zh.dart","593","'緩衝期'"
"lib\help\help_content_zh.dart","598","'刪除帳號後，角色、聊天紀錄與花花會怎麼處理？'"
"lib\help\help_content_zh.dart","600","'帳號刪除完成後，公開角色與聊天紀錄也會一併刪除。已購買的花花不會辦理退款，請在刪除帳號前再次確認。'"
"lib\help\help_content_zh.dart","602","'刪除帳號'"
"lib\help\help_content_zh.dart","603","'公開角色'"
"lib\help\help_content_zh.dart","604","'聊天紀錄'"
"lib\help\help_content_zh.dart","605","'花花'"
"lib\help\help_content_zh.dart","613","'花花與付款'"
"lib\help\help_content_zh.dart","618","'花花可以用在哪些功能？'"
"lib\help\help_content_zh.dart","620","'花花目前可以使用在 AI 聊天、贈送禮物與語音通話等功能。'"
"lib\help\help_content_zh.dart","622","'花花'"
"lib\help\help_content_zh.dart","623","'點數'"
"lib\help\help_content_zh.dart","624","'聊天'"
"lib\help\help_content_zh.dart","625","'送禮'"
"lib\help\help_content_zh.dart","626","'語音通話'"
"lib\help\help_content_zh.dart","631","'花花會過期嗎？'"
"lib\help\help_content_zh.dart","633","'不會。帳號中的花花目前沒有使用期限。'"
"lib\help\help_content_zh.dart","635","'花花過期'"
"lib\help\help_content_zh.dart","636","'點數期限'"
"lib\help\help_content_zh.dart","641","'購買後花花沒有入帳怎麼辦？'"
"lib\help\help_content_zh.dart","643","'請前往個人主頁的設定，點選「聯絡我們」，提供購買時間、購買數量與相關畫面；也可以寄信至 lianlianshiguang@gmail.com。官方會盡量在 48 小時內回覆。'"
"lib\help\help_content_zh.dart","645","'花花沒入帳'"
"lib\help\help_content_zh.dart","646","'購買失敗'"
"lib\help\help_content_zh.dart","647","'48小時'"
"lib\help\help_content_zh.dart","652","'花花或虛擬商品可以退款嗎？'"
"lib\help\help_content_zh.dart","654","'退款會依購買平台與所在地法規處理。透過 Apple 購買者請依 Apple 的退款流程申請；透過 Google Play 購買者請依 Google Play 的退款規範辦理。'"
"lib\help\help_content_zh.dart","656","'退款'"
"lib\help\help_content_zh.dart","657","'Apple退款'"
"lib\help\help_content_zh.dart","658","'Google退款'"
"lib\help\help_content_zh.dart","666","'客服與回報'"
"lib\help\help_content_zh.dart","671","'遇到 Bug 要怎麼回報？'"
"lib\help\help_content_zh.dart","673","'請前往設定中的「聯絡我們」，並盡量附上錯誤畫面截圖、裝置型號、發生時間與角色名稱。官方通常會於工作日 3～5 天內回覆。'"
"lib\help\help_content_zh.dart","676","'錯誤'"
"lib\help\help_content_zh.dart","677","'回報'"
"lib\help\help_content_zh.dart","678","'截圖'"
"lib\help\help_content_zh.dart","679","'裝置'"
"lib\help\help_content_zh.dart","684","'想提出功能建議，可以從哪裡聯絡官方？'"
"lib\help\help_content_zh.dart","686","'可以透過設定中的「聯絡我們」，或前往官方 Instagram、Threads 私訊提出建議。'"
"lib\help\help_content_zh.dart","688","'功能建議'"
"lib\help\help_content_zh.dart","689","'意見'"
"lib\help\help_content_zh.dart","696","'要怎麼檢舉違規角色？'"
"lib\help\help_content_zh.dart","698","'進入角色卡片後，點擊右上角的選單，即可找到檢舉角色功能。'"
"lib\help\help_content_zh.dart","700","'檢舉角色'"
"lib\help\help_content_zh.dart","701","'違規角色'"
"lib\help\help_content_zh.dart","702","'右上角'"
"lib\help\help_content_zh.dart","707","'官方客服信箱是什麼？'"
"lib\help\help_content_zh.dart","709","'官方客服信箱：lianlianshiguang@gmail.com'"
"lib\help\help_content_zh.dart","711","'客服'"
"lib\help\help_content_zh.dart","713","'信箱'"
"lib\help\help_content_zh.dart","718","'官方 Discord 與社群在哪裡？'"
"lib\help\help_content_zh.dart","720","'你可以透過 App 內的官方社群入口加入 Discord，或追蹤官方 Instagram 與 Threads，取得最新公告、活動消息與開發進度。'"
"lib\help\help_content_zh.dart","723","'社群'"
"lib\l10n\app_localizations_ja.dart","12","'設定'"
"lib\l10n\app_localizations_ja.dart","15","'テーマカラーを変更'"
"lib\l10n\app_localizations_ja.dart","21","'言語を変更'"
"lib\l10n\app_localizations_ja.dart","24","'すべての友達'"
"lib\l10n\app_localizations_ja.dart","27","'まだ友達がいません。'"
"lib\l10n\app_localizations_ja.dart","30","'不明なキャラクター'"
"lib\l10n\app_localizations_ja.dart","34","'友達リストの読み込み中にエラーが発生しました: $error'"
"lib\l10n\app_localizations_ja.dart","38","'優しい'"
"lib\l10n\app_localizations_ja.dart","41","'明るい'"
"lib\l10n\app_localizations_ja.dart","44","'活発'"
"lib\l10n\app_localizations_ja.dart","50","'お嬢様'"
"lib\l10n\app_localizations_ja.dart","53","'お坊ちゃま'"
"lib\l10n\app_localizations_ja.dart","56","'裕福な家庭'"
"lib\l10n\app_localizations_ja.dart","59","'腹黒'"
"lib\l10n\app_localizations_ja.dart","62","'独占欲'"
"lib\l10n\app_localizations_ja.dart","65","'偏執的'"
"lib\l10n\app_localizations_ja.dart","68","'一途'"
"lib\l10n\app_localizations_ja.dart","77","'先輩(女性)'"
"lib\l10n\app_localizations_ja.dart","80","'後輩(男性)'"
"lib\l10n\app_localizations_ja.dart","86","'美しく魅力的'"
"lib\l10n\app_localizations_ja.dart","92","'挑発的'"
"lib\l10n\app_localizations_ja.dart","95","'年の差'"
"lib\l10n\app_localizations_ja.dart","98","'ユーザーが見つかりません'"
"lib\l10n\app_localizations_ja.dart","101","'画像データが一致しません。画像を再選択してください。'"
"lib\l10n\app_localizations_ja.dart","104","'キャラクター作成'"
"lib\l10n\app_localizations_ja.dart","107","'キャラクターアルバム (最初の画像がメインアバター)'"
"lib\l10n\app_localizations_ja.dart","110","'キャラクター名:*'"
"lib\l10n\app_localizations_ja.dart","113","'キャラクター説明:'"
"lib\l10n\app_localizations_ja.dart","116","'年齢:'"
"lib\l10n\app_localizations_ja.dart","119","'職業:*'"
"lib\l10n\app_localizations_ja.dart","122","'誕生日:(MMDD)'"
"lib\l10n\app_localizations_ja.dart","125","'性別 *'"
"lib\l10n\app_localizations_ja.dart","128","'未選択'"
"lib\l10n\app_localizations_ja.dart","131","'男'"
"lib\l10n\app_localizations_ja.dart","134","'女'"
"lib\l10n\app_localizations_ja.dart","137","'その他'"
"lib\l10n\app_localizations_ja.dart","140","'身長:(cm)'"
"lib\l10n\app_localizations_ja.dart","143","'外見の形容:'"
"lib\l10n\app_localizations_ja.dart","146","'性格タグ'"
"lib\l10n\app_localizations_ja.dart","149","'その他の性格タグ...'"
"lib\l10n\app_localizations_ja.dart","152","'その他'"
"lib\l10n\app_localizations_ja.dart","155","'好きなもの:(例: イチゴケーキ、猫、雨の日)'"
"lib\l10n\app_localizations_ja.dart","158","'嫌いなもの:(例: 苦いメロン、うるさい場所)'"
"lib\l10n\app_localizations_ja.dart","161","'人知れぬ小さな秘密: (例: 実は方向音痴)'"
"lib\l10n\app_localizations_ja.dart","164","'言動'"
"lib\l10n\app_localizations_ja.dart","167","'話し方とスタイル: (例: 見知らぬ人には冷たい)'"
"lib\l10n\app_localizations_ja.dart","171","'会話例: (プレイヤー: あなたは本当にいい人ですね！ キャラクター: ...ああ。)'"
"lib\l10n\app_localizations_ja.dart","174","'キャラクター背景:'"
"lib\l10n\app_localizations_ja.dart","177","'キャラクターのバックグラウンドストーリーを入力してください (最大 2500 文字)'"
"lib\l10n\app_localizations_ja.dart","180","'ストーリーの始まり:'"
"lib\l10n\app_localizations_ja.dart","183","'キャラクターのプロットを入力してください (最大 2500 文字)'"
"lib\l10n\app_localizations_ja.dart","186","'ストーリーのあらすじ (最大 50 文字、出会いカードに表示されます)'"
"lib\l10n\app_localizations_ja.dart","189","'キャラクターの追加情報:'"
"lib\l10n\app_localizations_ja.dart","192","'追加内容を入力してください...'"
"lib\l10n\app_localizations_ja.dart","195","'他のプレイヤーがプレイできるように公開しますか？'"
"lib\l10n\app_localizations_ja.dart","204","'作成'"
"lib\l10n\app_localizations_ja.dart","207","'保存'"
"lib\l10n\app_localizations_ja.dart","213","'キャラクター作成画面を終了します'"
"lib\l10n\app_localizations_ja.dart","216","'下書きとして保存しますか？'"
"lib\l10n\app_localizations_ja.dart","225","'追加内容を編集'"
"lib\l10n\app_localizations_ja.dart","228","'キャラクター名を入力し、アバターを少なくとも1枚アップロードしてください！'"
"lib\l10n\app_localizations_ja.dart","231","'保存中...'"
"lib\l10n\app_localizations_ja.dart","234","'画像をアップロード中...'"
"lib\l10n\app_localizations_ja.dart","237","'画像を10枚までしかアップロードできません。'"
"lib\l10n\app_localizations_ja.dart","240","'画像を処理中...'"
"lib\l10n\app_localizations_ja.dart","243","'キャラクターデータを保存中...'"
"lib\l10n\app_localizations_ja.dart","247","'キャラクター「$charName」が作成されました！'"
"lib\l10n\app_localizations_ja.dart","252","'キャラクター作成に失敗しました: 画像のアップロードがタイムアウトしました。インターネット接続を確認してください。'"
"lib\l10n\app_localizations_ja.dart","256","'キャラクター作成に失敗しました: $error'"
"lib\l10n\app_localizations_ja.dart","260","'外観とコンテンツ'"
"lib\l10n\app_localizations_ja.dart","263","'アカウントとコンテンツ管理'"
"lib\l10n\app_localizations_ja.dart","266","'私たちについて'"
"lib\l10n\app_localizations_ja.dart","269","'アカウント管理'"
"lib\l10n\app_localizations_ja.dart","278","'不明'"
"lib\l10n\app_localizations_ja.dart","284","'キャラクター管理'"
"lib\l10n\app_localizations_ja.dart","287","'ブロックされたキャラクターを表示'"
"lib\l10n\app_localizations_ja.dart","293","'利用規約'"
"lib\l10n\app_localizations_ja.dart","302","'押し間違えました'"
"lib\l10n\app_localizations_ja.dart","305","'確認'"
"lib\l10n\app_localizations_ja.dart","308","'はい！戻ってくるのを待っています♥(´∀` )'"
"lib\l10n\app_localizations_ja.dart","311","'アカウントを削除'"
"lib\l10n\app_localizations_ja.dart","314","'このアカウントを削除してもよろしいですか？இдஇ'"
"lib\l10n\app_localizations_ja.dart","317","'この操作は元に戻せません。すべてのデータが完全に削除されます！'"
"lib\l10n\app_localizations_ja.dart","320","'いいえ、削除しません'"
"lib\l10n\app_localizations_ja.dart","323","'確認'"
"lib\l10n\app_localizations_ja.dart","326","'アカウントが正常に削除されました。'"
"lib\l10n\app_localizations_ja.dart","330","'ゲーム内のキャラクターやシーンはすべて架空のものですので、現実世界と混同しないでください！似ている点がある場合でも、それは偶然の一致です'"
"lib\l10n\app_localizations_ja.dart","341","'まずプロフィールを編集して情報を完成させてください！'"
"lib\l10n\app_localizations_ja.dart","344","'編集へ'"
"lib\l10n\app_localizations_ja.dart","347","'後で'"
"lib\l10n\app_localizations_ja.dart","351","'$friendName とチャット中'"
"lib\l10n\app_localizations_ja.dart","356","'$friendName とのチャット内容'"
"lib\l10n\app_localizations_ja.dart","360","'メッセージを入力...'"
"lib\l10n\app_localizations_zh.dart","12","'設定'"
"lib\l10n\app_localizations_zh.dart","15","'更換主題顏色'"
"lib\l10n\app_localizations_zh.dart","18","'反饋建議'"
"lib\l10n\app_localizations_zh.dart","21","'更換語言'"
"lib\l10n\app_localizations_zh.dart","24","'所有好友'"
"lib\l10n\app_localizations_zh.dart","27","'您還沒有任何好友。'"
"lib\l10n\app_localizations_zh.dart","30","'未知角色'"
"lib\l10n\app_localizations_zh.dart","34","'載入好友列表時發生錯誤: $error'"
"lib\l10n\app_localizations_zh.dart","38","'溫柔'"
"lib\l10n\app_localizations_zh.dart","41","'開朗'"
"lib\l10n\app_localizations_zh.dart","44","'活潑'"
"lib\l10n\app_localizations_zh.dart","47","'調皮'"
"lib\l10n\app_localizations_zh.dart","50","'千金'"
"lib\l10n\app_localizations_zh.dart","53","'少爺'"
"lib\l10n\app_localizations_zh.dart","56","'豪門'"
"lib\l10n\app_localizations_zh.dart","59","'勾心鬥角'"
"lib\l10n\app_localizations_zh.dart","62","'佔有'"
"lib\l10n\app_localizations_zh.dart","65","'偏執'"
"lib\l10n\app_localizations_zh.dart","68","'執著'"
"lib\l10n\app_localizations_zh.dart","71","'大叔'"
"lib\l10n\app_localizations_zh.dart","74","'阿姨'"
"lib\l10n\app_localizations_zh.dart","77","'學姊'"
"lib\l10n\app_localizations_zh.dart","80","'學弟'"
"lib\l10n\app_localizations_zh.dart","83","'帥'"
"lib\l10n\app_localizations_zh.dart","86","'美艷動人'"
"lib\l10n\app_localizations_zh.dart","89","'反差'"
"lib\l10n\app_localizations_zh.dart","92","'開車'"
"lib\l10n\app_localizations_zh.dart","95","'年齡差'"
"lib\l10n\app_localizations_zh.dart","98","'找不到使用者'"
"lib\l10n\app_localizations_zh.dart","101","'圖片資料不一致，請重新選擇圖片。'"
"lib\l10n\app_localizations_zh.dart","104","'創建角色'"
"lib\l10n\app_localizations_zh.dart","107","'角色相冊 (第一張為主要頭像)'"
"lib\l10n\app_localizations_zh.dart","110","'角色名稱:*'"
"lib\l10n\app_localizations_zh.dart","113","'角色描述:'"
"lib\l10n\app_localizations_zh.dart","116","'年齡:'"
"lib\l10n\app_localizations_zh.dart","119","'職業:*'"
"lib\l10n\app_localizations_zh.dart","122","'生日:(MMDD)'"
"lib\l10n\app_localizations_zh.dart","125","'性別 *'"
"lib\l10n\app_localizations_zh.dart","128","'未選擇'"
"lib\l10n\app_localizations_zh.dart","131","'男'"
"lib\l10n\app_localizations_zh.dart","134","'女'"
"lib\l10n\app_localizations_zh.dart","137","'其他'"
"lib\l10n\app_localizations_zh.dart","140","'身高:(cm)'"
"lib\l10n\app_localizations_zh.dart","143","'外貌形容:'"
"lib\l10n\app_localizations_zh.dart","146","'個性標籤'"
"lib\l10n\app_localizations_zh.dart","149","'其他個性標籤...'"
"lib\l10n\app_localizations_zh.dart","152","'其他'"
"lib\l10n\app_localizations_zh.dart","155","'喜歡的東西:(例如：草莓蛋糕、貓咪、雨天)'"
"lib\l10n\app_localizations_zh.dart","158","'討厭的東西:(例如：苦瓜、吵鬧的地方)'"
"lib\l10n\app_localizations_zh.dart","161","'不為人知的小秘密: (例如：其實是個路癡)'"
"lib\l10n\app_localizations_zh.dart","164","'言行舉止'"
"lib\l10n\app_localizations_zh.dart","167","'說話語氣與風格: (例如：對陌生人冷淡)'"
"lib\l10n\app_localizations_zh.dart","170","'對話範例: (玩家：你真好！ 角色：...喔。)'"
"lib\l10n\app_localizations_zh.dart","173","'角色背景:'"
"lib\l10n\app_localizations_zh.dart","176","'輸入角色的背景故事 (最多 2500 字)'"
"lib\l10n\app_localizations_zh.dart","179","'劇情開頭:'"
"lib\l10n\app_localizations_zh.dart","182","'輸入角色的劇情 (最多 2500 字)'"
"lib\l10n\app_localizations_zh.dart","185","'故事簡介 (最多 50 字，會顯示在邂逅卡片上)'"
"lib\l10n\app_localizations_zh.dart","188","'角色其他補充:'"
"lib\l10n\app_localizations_zh.dart","191","'輸入補充內容...'"
"lib\l10n\app_localizations_zh.dart","194","'公開讓其他玩家遊玩嗎？'"
"lib\l10n\app_localizations_zh.dart","197","'是'"
"lib\l10n\app_localizations_zh.dart","200","'否'"
"lib\l10n\app_localizations_zh.dart","203","'創建'"
"lib\l10n\app_localizations_zh.dart","206","'儲存'"
"lib\l10n\app_localizations_zh.dart","209","'取消'"
"lib\l10n\app_localizations_zh.dart","212","'您將退出創角畫面'"
"lib\l10n\app_localizations_zh.dart","215","'需要儲存為草稿嗎？'"
"lib\l10n\app_localizations_zh.dart","218","'需要'"
"lib\l10n\app_localizations_zh.dart","221","'不需要'"
"lib\l10n\app_localizations_zh.dart","224","'編輯補充內容'"
"lib\l10n\app_localizations_zh.dart","227","'請填寫角色名稱並至少上傳一張頭像！'"
"lib\l10n\app_localizations_zh.dart","230","'儲存中...'"
"lib\l10n\app_localizations_zh.dart","233","'正在上傳圖片...'"
"lib\l10n\app_localizations_zh.dart","236","'最多只能上傳 10 張圖片。'"
"lib\l10n\app_localizations_zh.dart","239","'正在處理圖片...'"
"lib\l10n\app_localizations_zh.dart","242","'正在儲存角色資料...'"
"lib\l10n\app_localizations_zh.dart","246","'角色 \""$charName\"" 已創建！'"
"lib\l10n\app_localizations_zh.dart","250","'創建角色失敗：圖片上傳超時，請檢查您的網路連線。'"
"lib\l10n\app_localizations_zh.dart","254","'創建角色失敗：$error'"
"lib\l10n\app_localizations_zh.dart","258","'外觀與內容'"
"lib\l10n\app_localizations_zh.dart","261","'帳號與內容管理'"
"lib\l10n\app_localizations_zh.dart","264","'關於我們'"
"lib\l10n\app_localizations_zh.dart","267","'帳號管理'"
"lib\l10n\app_localizations_zh.dart","276","'未知'"
"lib\l10n\app_localizations_zh.dart","279","'使用者 ID 已複製到剪貼簿'"
"lib\l10n\app_localizations_zh.dart","282","'角色管理'"
"lib\l10n\app_localizations_zh.dart","285","'查看已封鎖的角色'"
"lib\l10n\app_localizations_zh.dart","288","'隱私條款'"
"lib\l10n\app_localizations_zh.dart","291","'服務條款'"
"lib\l10n\app_localizations_zh.dart","294","'登出帳號'"
"lib\l10n\app_localizations_zh.dart","297","'你要登出了嗎?(´;ω;`)'"
"lib\l10n\app_localizations_zh.dart","300","'我按錯了'"
"lib\l10n\app_localizations_zh.dart","303","'確認'"
"lib\l10n\app_localizations_zh.dart","306","'好的!那我等你回來♥(´∀` )'"
"lib\l10n\app_localizations_zh.dart","309","'刪除帳號'"
"lib\l10n\app_localizations_zh.dart","312","'你確定要刪掉這個帳號?இдஇ'"
"lib\l10n\app_localizations_zh.dart","315","'這個操作無法復原，所有資料都會被永久刪除！'"
"lib\l10n\app_localizations_zh.dart","318","'沒有,我沒有要刪掉'"
"lib\l10n\app_localizations_zh.dart","321","'確定'"
"lib\l10n\app_localizations_zh.dart","324","'帳號已成功刪除。'"
"lib\l10n\app_localizations_zh.dart","327","'遊戲裡面的角色與場景皆為虛構,請勿帶入現實!如有雷同,純屬巧合'"
"lib\l10n\app_localizations_zh.dart","331","'App 版本: $version'"
"lib\l10n\app_localizations_zh.dart","335","'提示'"
"lib\l10n\app_localizations_zh.dart","338","'請先編輯您的個人檔案以完善資料喔！'"
"lib\l10n\app_localizations_zh.dart","341","'前往編輯'"
"lib\l10n\app_localizations_zh.dart","344","'稍後'"
"lib\l10n\app_localizations_zh.dart","348","'與 $friendName 聊天'"
"lib\l10n\app_localizations_zh.dart","353","'與 $friendName 的聊天內容'"
"lib\l10n\app_localizations_zh.dart","357","'輸入訊息...'"
"lib\l10n\app_localizations_zh.dart","365","'设定'"
"lib\l10n\app_localizations_zh.dart","368","'更换主题颜色'"
"lib\l10n\app_localizations_zh.dart","371","'反馈建议'"
"lib\l10n\app_localizations_zh.dart","374","'更换语言'"
"lib\l10n\app_localizations_zh.dart","377","'所有好友'"
"lib\l10n\app_localizations_zh.dart","380","'您还没有任何好友。'"
"lib\l10n\app_localizations_zh.dart","383","'未知角色'"
"lib\l10n\app_localizations_zh.dart","387","'加载好友列表时发生错误: $error'"
"lib\l10n\app_localizations_zh.dart","391","'温柔'"
"lib\l10n\app_localizations_zh.dart","394","'开朗'"
"lib\l10n\app_localizations_zh.dart","397","'活泼'"
"lib\l10n\app_localizations_zh.dart","400","'调皮'"
"lib\l10n\app_localizations_zh.dart","403","'千金'"
"lib\l10n\app_localizations_zh.dart","406","'少爷'"
"lib\l10n\app_localizations_zh.dart","409","'豪门'"
"lib\l10n\app_localizations_zh.dart","412","'勾心斗角'"
"lib\l10n\app_localizations_zh.dart","415","'占有'"
"lib\l10n\app_localizations_zh.dart","418","'偏执'"
"lib\l10n\app_localizations_zh.dart","421","'执着'"
"lib\l10n\app_localizations_zh.dart","424","'大叔'"
"lib\l10n\app_localizations_zh.dart","427","'阿姨'"
"lib\l10n\app_localizations_zh.dart","430","'学姐'"
"lib\l10n\app_localizations_zh.dart","433","'学弟'"
"lib\l10n\app_localizations_zh.dart","436","'帅'"
"lib\l10n\app_localizations_zh.dart","439","'美艳动人'"
"lib\l10n\app_localizations_zh.dart","442","'反差'"
"lib\l10n\app_localizations_zh.dart","445","'开车'"
"lib\l10n\app_localizations_zh.dart","448","'年龄差'"
"lib\l10n\app_localizations_zh.dart","451","'找不到使用者'"
"lib\l10n\app_localizations_zh.dart","454","'图片资料不一致，请重新选择图片。'"
"lib\l10n\app_localizations_zh.dart","457","'创建角色'"
"lib\l10n\app_localizations_zh.dart","460","'角色相册 (第一张为主要头像)'"
"lib\l10n\app_localizations_zh.dart","463","'角色名称:*'"
"lib\l10n\app_localizations_zh.dart","466","'角色描述:'"
"lib\l10n\app_localizations_zh.dart","469","'年龄:'"
"lib\l10n\app_localizations_zh.dart","472","'职业:*'"
"lib\l10n\app_localizations_zh.dart","475","'生日:(MMDD)'"
"lib\l10n\app_localizations_zh.dart","478","'性别 *'"
"lib\l10n\app_localizations_zh.dart","481","'未选择'"
"lib\l10n\app_localizations_zh.dart","484","'男'"
"lib\l10n\app_localizations_zh.dart","487","'女'"
"lib\l10n\app_localizations_zh.dart","490","'其他'"
"lib\l10n\app_localizations_zh.dart","493","'身高:(cm)'"
"lib\l10n\app_localizations_zh.dart","496","'外貌形容:'"
"lib\l10n\app_localizations_zh.dart","499","'个性标签'"
"lib\l10n\app_localizations_zh.dart","502","'其他个性标签...'"
"lib\l10n\app_localizations_zh.dart","505","'其他'"
"lib\l10n\app_localizations_zh.dart","508","'喜欢的东西:(例如：草莓蛋糕、猫咪、雨天)'"
"lib\l10n\app_localizations_zh.dart","511","'讨厌的东西:(例如：苦瓜、吵闹的地方)'"
"lib\l10n\app_localizations_zh.dart","514","'不为人知的小秘密: (例如：其实是个路痴)'"
"lib\l10n\app_localizations_zh.dart","517","'言行举止'"
"lib\l10n\app_localizations_zh.dart","520","'说话语气与风格: (例如：对陌生人冷淡)'"
"lib\l10n\app_localizations_zh.dart","523","'对话范例: (玩家：你真好！ 角色：...喔。)'"
"lib\l10n\app_localizations_zh.dart","526","'角色背景:'"
"lib\l10n\app_localizations_zh.dart","529","'输入角色的背景故事 (最多 2500 字)'"
"lib\l10n\app_localizations_zh.dart","532","'剧情开头:'"
"lib\l10n\app_localizations_zh.dart","535","'输入角色的剧情 (最多 2500 字)'"
"lib\l10n\app_localizations_zh.dart","538","'故事简介 (最多 50 字，会显示在邂逅卡片上)'"
"lib\l10n\app_localizations_zh.dart","541","'角色其他补充:'"
"lib\l10n\app_localizations_zh.dart","544","'输入补充内容...'"
"lib\l10n\app_localizations_zh.dart","547","'公开让其他玩家游玩吗？'"
"lib\l10n\app_localizations_zh.dart","550","'是'"
"lib\l10n\app_localizations_zh.dart","553","'否'"
"lib\l10n\app_localizations_zh.dart","556","'创建'"
"lib\l10n\app_localizations_zh.dart","559","'储存'"
"lib\l10n\app_localizations_zh.dart","562","'取消'"
"lib\l10n\app_localizations_zh.dart","565","'您将退出创角画面'"
"lib\l10n\app_localizations_zh.dart","568","'需要储存为草稿吗？'"
"lib\l10n\app_localizations_zh.dart","571","'需要'"
"lib\l10n\app_localizations_zh.dart","574","'不需要'"
"lib\l10n\app_localizations_zh.dart","577","'编辑补充内容'"
"lib\l10n\app_localizations_zh.dart","580","'请填写角色名称并至少上传一张头像！'"
"lib\l10n\app_localizations_zh.dart","583","'储存中...'"
"lib\l10n\app_localizations_zh.dart","586","'正在上传图片...'"
"lib\l10n\app_localizations_zh.dart","589","'最多只能上传 10 张图片。'"
"lib\l10n\app_localizations_zh.dart","592","'正在处理图片...'"
"lib\l10n\app_localizations_zh.dart","595","'正在储存角色数据...'"
"lib\l10n\app_localizations_zh.dart","599","'角色 \""$charName\"" 已创建！'"
"lib\l10n\app_localizations_zh.dart","603","'创建角色失败：图片上传超时，请检查您的网络连接。'"
"lib\l10n\app_localizations_zh.dart","607","'创建角色失败：$error'"
"lib\l10n\app_localizations_zh.dart","611","'外观与内容'"
"lib\l10n\app_localizations_zh.dart","614","'帐号与内容管理'"
"lib\l10n\app_localizations_zh.dart","617","'关于我们'"
"lib\l10n\app_localizations_zh.dart","620","'帐号管理'"
"lib\l10n\app_localizations_zh.dart","629","'未知'"
"lib\l10n\app_localizations_zh.dart","632","'使用者 ID 已复制到剪贴簿'"
"lib\l10n\app_localizations_zh.dart","635","'角色管理'"
"lib\l10n\app_localizations_zh.dart","638","'查看已封锁的角色'"
"lib\l10n\app_localizations_zh.dart","641","'隐私条款'"
"lib\l10n\app_localizations_zh.dart","644","'服务条款'"
"lib\l10n\app_localizations_zh.dart","647","'登出帐号'"
"lib\l10n\app_localizations_zh.dart","650","'你要登出了吗?(´;ω;`)'"
"lib\l10n\app_localizations_zh.dart","653","'我按错了'"
"lib\l10n\app_localizations_zh.dart","656","'确认'"
"lib\l10n\app_localizations_zh.dart","659","'好的!那我等你回来♥(´∀` )'"
"lib\l10n\app_localizations_zh.dart","662","'删除帐号'"
"lib\l10n\app_localizations_zh.dart","665","'你确定要删掉这个帐号?இдஇ'"
"lib\l10n\app_localizations_zh.dart","668","'这个操作无法复原，所有资料都会被永久删除！'"
"lib\l10n\app_localizations_zh.dart","671","'没有,我没有要删掉'"
"lib\l10n\app_localizations_zh.dart","674","'确定'"
"lib\l10n\app_localizations_zh.dart","677","'帐号已成功删除。'"
"lib\l10n\app_localizations_zh.dart","680","'游戏里面的角色与场景皆为虚构,请勿带入现实!如有雷同,纯属巧合'"
"lib\l10n\app_localizations_zh.dart","684","'App 版本: $version'"
"lib\l10n\app_localizations_zh.dart","688","'提示'"
"lib\l10n\app_localizations_zh.dart","691","'请先编辑您的个人档案以完善资料喔！'"
"lib\l10n\app_localizations_zh.dart","694","'前往编辑'"
"lib\l10n\app_localizations_zh.dart","697","'稍后'"
"lib\l10n\app_localizations_zh.dart","701","'与 $friendName 聊天'"
"lib\l10n\app_localizations_zh.dart","706","'与 $friendName 的聊天内容'"
"lib\l10n\app_localizations_zh.dart","710","'输入讯息...'"
"lib\l10n\app_localizations_zh.dart","718","'設定'"
"lib\l10n\app_localizations_zh.dart","721","'更換主題顏色'"
"lib\l10n\app_localizations_zh.dart","724","'反饋建議'"
"lib\l10n\app_localizations_zh.dart","727","'更換語言'"
"lib\l10n\app_localizations_zh.dart","730","'所有好友'"
"lib\l10n\app_localizations_zh.dart","733","'您還沒有任何好友。'"
"lib\l10n\app_localizations_zh.dart","736","'未知角色'"
"lib\l10n\app_localizations_zh.dart","740","'載入好友列表時發生錯誤: $error'"
"lib\l10n\app_localizations_zh.dart","744","'溫柔'"
"lib\l10n\app_localizations_zh.dart","747","'開朗'"
"lib\l10n\app_localizations_zh.dart","750","'活潑'"
"lib\l10n\app_localizations_zh.dart","753","'調皮'"
"lib\l10n\app_localizations_zh.dart","756","'千金'"
"lib\l10n\app_localizations_zh.dart","759","'少爺'"
"lib\l10n\app_localizations_zh.dart","762","'豪門'"
"lib\l10n\app_localizations_zh.dart","765","'勾心鬥角'"
"lib\l10n\app_localizations_zh.dart","768","'佔有'"
"lib\l10n\app_localizations_zh.dart","771","'偏執'"
"lib\l10n\app_localizations_zh.dart","774","'執著'"
"lib\l10n\app_localizations_zh.dart","777","'大叔'"
"lib\l10n\app_localizations_zh.dart","780","'阿姨'"
"lib\l10n\app_localizations_zh.dart","783","'學姊'"
"lib\l10n\app_localizations_zh.dart","786","'學弟'"
"lib\l10n\app_localizations_zh.dart","789","'帥'"
"lib\l10n\app_localizations_zh.dart","792","'美艷動人'"
"lib\l10n\app_localizations_zh.dart","795","'反差'"
"lib\l10n\app_localizations_zh.dart","798","'開車'"
"lib\l10n\app_localizations_zh.dart","801","'年齡差'"
"lib\l10n\app_localizations_zh.dart","804","'找不到使用者'"
"lib\l10n\app_localizations_zh.dart","807","'圖片資料不一致，請重新選擇圖片。'"
"lib\l10n\app_localizations_zh.dart","810","'創建角色'"
"lib\l10n\app_localizations_zh.dart","813","'角色相冊 (第一張為主要頭像)'"
"lib\l10n\app_localizations_zh.dart","816","'角色名稱:*'"
"lib\l10n\app_localizations_zh.dart","819","'角色描述:'"
"lib\l10n\app_localizations_zh.dart","822","'年齡:'"
"lib\l10n\app_localizations_zh.dart","825","'職業:*'"
"lib\l10n\app_localizations_zh.dart","828","'生日:(MMDD)'"
"lib\l10n\app_localizations_zh.dart","831","'性別 *'"
"lib\l10n\app_localizations_zh.dart","834","'未選擇'"
"lib\l10n\app_localizations_zh.dart","837","'男'"
"lib\l10n\app_localizations_zh.dart","840","'女'"
"lib\l10n\app_localizations_zh.dart","843","'其他'"
"lib\l10n\app_localizations_zh.dart","846","'身高:(cm)'"
"lib\l10n\app_localizations_zh.dart","849","'外貌形容:'"
"lib\l10n\app_localizations_zh.dart","852","'個性標籤'"
"lib\l10n\app_localizations_zh.dart","855","'其他個性標籤...'"
"lib\l10n\app_localizations_zh.dart","858","'其他'"
"lib\l10n\app_localizations_zh.dart","861","'喜歡的東西:(例如：草莓蛋糕、貓咪、雨天)'"
"lib\l10n\app_localizations_zh.dart","864","'討厭的東西:(例如：苦瓜、吵鬧的地方)'"
"lib\l10n\app_localizations_zh.dart","867","'不為人知的小秘密: (例如：其實是個路癡)'"
"lib\l10n\app_localizations_zh.dart","870","'言行舉止'"
"lib\l10n\app_localizations_zh.dart","873","'說話語氣與風格: (例如：對陌生人冷淡)'"
"lib\l10n\app_localizations_zh.dart","876","'對話範例: (玩家：你真好！ 角色：...喔。)'"
"lib\l10n\app_localizations_zh.dart","879","'角色背景:'"
"lib\l10n\app_localizations_zh.dart","882","'輸入角色的背景故事 (最多 2500 字)'"
"lib\l10n\app_localizations_zh.dart","885","'劇情開頭:'"
"lib\l10n\app_localizations_zh.dart","888","'輸入角色的劇情 (最多 2500 字)'"
"lib\l10n\app_localizations_zh.dart","891","'故事簡介 (最多 50 字，會顯示在邂逅卡片上)'"
"lib\l10n\app_localizations_zh.dart","894","'角色其他補充:'"
"lib\l10n\app_localizations_zh.dart","897","'輸入補充內容...'"
"lib\l10n\app_localizations_zh.dart","900","'公開讓其他玩家遊玩嗎？'"
"lib\l10n\app_localizations_zh.dart","903","'是'"
"lib\l10n\app_localizations_zh.dart","906","'否'"
"lib\l10n\app_localizations_zh.dart","909","'創建'"
"lib\l10n\app_localizations_zh.dart","912","'儲存'"
"lib\l10n\app_localizations_zh.dart","915","'取消'"
"lib\l10n\app_localizations_zh.dart","918","'您將退出創角畫面'"
"lib\l10n\app_localizations_zh.dart","921","'需要儲存為草稿嗎？'"
"lib\l10n\app_localizations_zh.dart","924","'需要'"
"lib\l10n\app_localizations_zh.dart","927","'不需要'"
"lib\l10n\app_localizations_zh.dart","930","'編輯補充內容'"
"lib\l10n\app_localizations_zh.dart","933","'請填寫角色名稱並至少上傳一張頭像！'"
"lib\l10n\app_localizations_zh.dart","936","'儲存中...'"
"lib\l10n\app_localizations_zh.dart","939","'正在上傳圖片...'"
"lib\l10n\app_localizations_zh.dart","942","'最多只能上傳 10 張圖片。'"
"lib\l10n\app_localizations_zh.dart","945","'正在處理圖片...'"
"lib\l10n\app_localizations_zh.dart","948","'正在儲存角色資料...'"
"lib\l10n\app_localizations_zh.dart","952","'角色 \""$charName\"" 已創建！'"
"lib\l10n\app_localizations_zh.dart","956","'創建角色失敗：圖片上傳超時，請檢查您的網路連線。'"
"lib\l10n\app_localizations_zh.dart","960","'創建角色失敗：$error'"
"lib\l10n\app_localizations_zh.dart","964","'外觀與內容'"
"lib\l10n\app_localizations_zh.dart","967","'帳號與內容管理'"
"lib\l10n\app_localizations_zh.dart","970","'關於我們'"
"lib\l10n\app_localizations_zh.dart","973","'帳號管理'"
"lib\l10n\app_localizations_zh.dart","982","'未知'"
"lib\l10n\app_localizations_zh.dart","985","'使用者 ID 已複製到剪貼簿'"
"lib\l10n\app_localizations_zh.dart","988","'角色管理'"
"lib\l10n\app_localizations_zh.dart","991","'查看已封鎖的角色'"
"lib\l10n\app_localizations_zh.dart","994","'隱私條款'"
"lib\l10n\app_localizations_zh.dart","997","'服務條款'"
"lib\l10n\app_localizations_zh.dart","1000","'登出帳號'"
"lib\l10n\app_localizations_zh.dart","1003","'你要登出了嗎?(´;ω;`)'"
"lib\l10n\app_localizations_zh.dart","1006","'我按錯了'"
"lib\l10n\app_localizations_zh.dart","1009","'確認'"
"lib\l10n\app_localizations_zh.dart","1012","'好的!那我等你回來♥(´∀` )'"
"lib\l10n\app_localizations_zh.dart","1015","'刪除帳號'"
"lib\l10n\app_localizations_zh.dart","1018","'你確定要刪掉這個帳號?இдஇ'"
"lib\l10n\app_localizations_zh.dart","1021","'這個操作無法復原，所有資料都會被永久刪除！'"
"lib\l10n\app_localizations_zh.dart","1024","'沒有,我沒有要刪掉'"
"lib\l10n\app_localizations_zh.dart","1027","'確定'"
"lib\l10n\app_localizations_zh.dart","1030","'帳號已成功刪除。'"
"lib\l10n\app_localizations_zh.dart","1033","'遊戲裡面的角色與場景皆為虛構,請勿帶入現實!如有雷同,純屬巧合'"
"lib\l10n\app_localizations_zh.dart","1037","'App 版本: $version'"
"lib\l10n\app_localizations_zh.dart","1041","'提示'"
"lib\l10n\app_localizations_zh.dart","1044","'請先編輯您的個人檔案以完善資料喔！'"
"lib\l10n\app_localizations_zh.dart","1047","'前往編輯'"
"lib\l10n\app_localizations_zh.dart","1050","'稍後'"
"lib\l10n\app_localizations_zh.dart","1054","'與 $friendName 聊天'"
"lib\l10n\app_localizations_zh.dart","1059","'與 $friendName 的聊天內容'"
"lib\l10n\app_localizations_zh.dart","1063","'輸入訊息...'"
"lib\models\comment_model.dart","51","'神秘玩家'"
"lib\models\moment_model.dart","56","'$senderNickname在妳的動態下留言：「$commentText」'"
"lib\models\moment_model.dart","57","'$senderNickname給$authorName留了話：「$commentText」'"
"lib\models\moment_model.dart","71","'動態有新回應！💬'"
"lib\models\moment_model.dart","71","'角色人氣爆發！🔥'"
"lib\models\moment_model.dart","79","""📫 留言通知信已寄出！收件人：$createdBy"""
"lib\models\moment_model.dart","81","""❌ 模型內寄信失敗: $e"""
"lib\page\admin_announcement_page.dart","60","""檢查新公告失敗: $e"""
"lib\page\admin_announcement_page.dart","144","'日本語'"
"lib\page\admin_announcement_page.dart","180","'補建拾光牆搜尋索引'"
"lib\page\admin_announcement_page.dart","182","'系統會掃描所有舊公開貼文，並補上搜尋關鍵字。'"
"lib\page\admin_announcement_page.dart","183","'處理期間請不要關閉後台頁面，也不要重複點擊。\n\n'"
"lib\page\admin_announcement_page.dart","184","'確定要開始嗎？'"
"lib\page\admin_announcement_page.dart","189","'取消'"
"lib\page\admin_announcement_page.dart","194","'開始補建'"
"lib\page\admin_announcement_page.dart","225","'✅ 拾光牆搜尋索引補建完成：'"
"lib\page\admin_announcement_page.dart","240","'補建完成'"
"lib\page\admin_announcement_page.dart","244","'掃描公開貼文：$scannedCount 篇\n'"
"lib\page\admin_announcement_page.dart","245","'更新搜尋索引：$updatedCount 篇\n'"
"lib\page\admin_announcement_page.dart","246","'完成批次：$batchCount 批'"
"lib\page\admin_announcement_page.dart","251","'知道了'"
"lib\page\admin_announcement_page.dart","257","'❌ 拾光牆搜尋索引補建失敗：${error.code}'"
"lib\page\admin_announcement_page.dart","266","'搜尋索引補建失敗'"
"lib\page\admin_announcement_page.dart","270","'❌ 拾光牆搜尋索引補建發生未知錯誤：$error'"
"lib\page\admin_announcement_page.dart","277","'搜尋索引補建失敗：$error'"
"lib\page\admin_announcement_page.dart","338","'⚠️ 角色 ${characterDoc.id} 沒有 createdBy，略過'"
"lib\page\admin_announcement_page.dart","358","'⚠️ 找不到創作者名稱：$creatorUid'"
"lib\page\admin_announcement_page.dart","376","'❌ 更新角色 ${characterDoc.id} 失敗：$e'"
"lib\page\admin_announcement_page.dart","387","'同步完成：更新 $updatedCount 個，略過 $skippedCount 個，失敗 $failedCount 個'"
"lib\page\admin_announcement_page.dart","392","'✅ 創作者名稱同步完成：'"
"lib\page\admin_announcement_page.dart","398","'❌ 同步創作者名稱失敗：$e'"
"lib\page\admin_announcement_page.dart","405","'同步失敗：$e'"
"lib\page\admin_announcement_page.dart","448","'✅ 公告與全服通知已發布！'"
"lib\page\admin_announcement_page.dart","459","'❌ 發布失敗: $e'"
"lib\page\admin_announcement_page.dart","491","'✅ Voice Bank 同步成功：$data'"
"lib\page\admin_announcement_page.dart","498","'Voice Bank 已同步 $count 筆聲音'"
"lib\page\admin_announcement_page.dart","503","'========== uploadVoiceBank 失敗 =========='"
"lib\page\admin_announcement_page.dart","516","'Voice Bank 同步失敗'"
"lib\page\admin_announcement_page.dart","521","'Voice Bank 同步未知錯誤：$e'"
"lib\page\admin_announcement_page.dart","531","'Voice Bank 同步失敗：$e'"
"lib\page\admin_announcement_page.dart","566","'回覆玩家檢舉/建議'"
"lib\page\admin_announcement_page.dart","573","'玩家內容：$originalContent'"
"lib\page\admin_announcement_page.dart","584","'回覆內容'"
"lib\page\admin_announcement_page.dart","585","'輸入回覆內容...'"
"lib\page\admin_announcement_page.dart","594","'補償花花點數（選填）'"
"lib\page\admin_announcement_page.dart","595","'不補償可留空，例如：5'"
"lib\page\admin_announcement_page.dart","604","'若此案件需要補償玩家，再填寫點數即可；留空則只寄送客服回覆。'"
"lib\page\admin_announcement_page.dart","635","'請先輸入回覆內容'"
"lib\page\admin_announcement_page.dart","656","'花花點數請輸入正整數'"
"lib\page\admin_announcement_page.dart","669","'單次客服補償最多 100 點花花'"
"lib\page\admin_announcement_page.dart","683","'確認回覆'"
"lib\page\admin_announcement_page.dart","704","'找不到玩家 UID，無法處理案件'"
"lib\page\admin_announcement_page.dart","755","'已補償 $flowerAmount 點花花至您的帳號。'"
"lib\page\admin_announcement_page.dart","763","'客服回覆 💌'"
"lib\page\admin_announcement_page.dart","805","'客服補償'"
"lib\page\admin_announcement_page.dart","807","'客服案件補償'"
"lib\page\admin_announcement_page.dart","833","'已處理並補償 $flowerAmount 點花花'"
"lib\page\admin_announcement_page.dart","833","'已處理並寄送回信！'"
"lib\page\admin_announcement_page.dart","840","'❌ 處理客服案件失敗：$e'"
"lib\page\admin_announcement_page.dart","851","'處理失敗，請稍後再試'"
"lib\page\admin_announcement_page.dart","885","'遊玩指南翻譯'"
"lib\page\admin_announcement_page.dart","896","'按一次即可將完整中文遊玩指南翻譯，'"
"lib\page\admin_announcement_page.dart","897","'並儲存到 Firestore，所有玩家共用。'"
"lib\page\admin_announcement_page.dart","907","'目標語言'"
"lib\page\admin_announcement_page.dart","952","'翻譯同步中...'"
"lib\page\admin_announcement_page.dart","952","'同步遊玩指南翻譯'"
"lib\page\admin_announcement_page.dart","990","'準備開始翻譯...'"
"lib\page\admin_announcement_page.dart","1011","'遊玩指南同步完成！'"
"lib\page\admin_announcement_page.dart","1017","'同步遊玩指南翻譯失敗：$error'"
"lib\page\admin_announcement_page.dart","1026","'同步失敗：$error'"
"lib\page\admin_announcement_page.dart","1032","'翻譯同步失敗：$error'"
"lib\page\admin_announcement_page.dart","1148","'❌ 讀取活動禮物失敗：'"
"lib\page\admin_announcement_page.dart","1156","'讀取活動禮物失敗'"
"lib\page\admin_announcement_page.dart","1161","'❌ 讀取活動禮物發生錯誤：$error'"
"lib\page\admin_announcement_page.dart","1172","'讀取活動禮物失敗'"
"lib\page\admin_announcement_page.dart","1198","'請輸入活動標題'"
"lib\page\admin_announcement_page.dart","1207","'請輸入寫給玩家的活動說明'"
"lib\page\admin_announcement_page.dart","1216","'花花數量請輸入 1～10000 的整數'"
"lib\page\admin_announcement_page.dart","1227","'結束時間必須晚於開始時間'"
"lib\page\admin_announcement_page.dart","1237","'發布活動禮物'"
"lib\page\admin_announcement_page.dart","1239","'活動：$title\n'"
"lib\page\admin_announcement_page.dart","1240","'獎勵：$rewardAmount 朵花花\n'"
"lib\page\admin_announcement_page.dart","1241","'開始：${_formatRewardDateTime(_rewardStartAt)}\n'"
"lib\page\admin_announcement_page.dart","1242","'結束：${_formatRewardDateTime(_rewardEndAt)}\n\n'"
"lib\page\admin_announcement_page.dart","1243","'發布後，符合資格的玩家開啟戀戀信箱即可看到這份禮物。'"
"lib\page\admin_announcement_page.dart","1252","'取消'"
"lib\page\admin_announcement_page.dart","1263","'確認發布'"
"lib\page\admin_announcement_page.dart","1308","'活動禮物已發布'"
"lib\page\admin_announcement_page.dart","1315","'❌ 發布活動禮物失敗：'"
"lib\page\admin_announcement_page.dart","1323","'發布活動禮物失敗'"
"lib\page\admin_announcement_page.dart","1328","'❌ 發布活動禮物發生錯誤：$error'"
"lib\page\admin_announcement_page.dart","1339","'發布活動禮物失敗'"
"lib\page\admin_announcement_page.dart","1356","'活動禮物'"
"lib\page\admin_announcement_page.dart","1364","'停止活動'"
"lib\page\admin_announcement_page.dart","1366","'確定要停止「$title」嗎？\n\n'"
"lib\page\admin_announcement_page.dart","1367","'停止後，尚未領取的玩家將無法再領取。'"
"lib\page\admin_announcement_page.dart","1376","'取消'"
"lib\page\admin_announcement_page.dart","1387","'停止活動'"
"lib\page\admin_announcement_page.dart","1410","'活動已停止'"
"lib\page\admin_announcement_page.dart","1420","'停止活動失敗'"
"lib\page\admin_announcement_page.dart","1428","'停止活動失敗：$error'"
"lib\page\admin_announcement_page.dart","1468","'發布活動禮物'"
"lib\page\admin_announcement_page.dart","1478","'玩家開啟戀戀信箱後，即可看到並領取活動花花。'"
"lib\page\admin_announcement_page.dart","1488","'活動標題'"
"lib\page\admin_announcement_page.dart","1489","'例如：夏日相遇禮物'"
"lib\page\admin_announcement_page.dart","1502","'寫給玩家的內容'"
"lib\page\admin_announcement_page.dart","1503","'例如：謝謝你陪伴戀戀拾光，送你一份小禮物。'"
"lib\page\admin_announcement_page.dart","1516","'花花數量'"
"lib\page\admin_announcement_page.dart","1517","'例如：20'"
"lib\page\admin_announcement_page.dart","1530","'發送對象'"
"lib\page\admin_announcement_page.dart","1539","'僅管理員測試'"
"lib\page\admin_announcement_page.dart","1543","'所有玩家'"
"lib\page\admin_announcement_page.dart","1560","'開始時間'"
"lib\page\admin_announcement_page.dart","1582","'結束時間'"
"lib\page\admin_announcement_page.dart","1616","'發布中…'"
"lib\page\admin_announcement_page.dart","1616","'發布活動禮物'"
"lib\page\admin_announcement_page.dart","1629","'已建立的活動'"
"lib\page\admin_announcement_page.dart","1637","'重新整理'"
"lib\page\admin_announcement_page.dart","1668","'目前還沒有活動禮物'"
"lib\page\admin_announcement_page.dart","1697","'已停止'"
"lib\page\admin_announcement_page.dart","1700","'尚未開始'"
"lib\page\admin_announcement_page.dart","1703","'已結束'"
"lib\page\admin_announcement_page.dart","1706","'進行中'"
"lib\page\admin_announcement_page.dart","1733","'活動禮物'"
"lib\page\admin_announcement_page.dart","1782","'$rewardAmount 朵花花'"
"lib\page\admin_announcement_page.dart","1793","'開始：${_formatRewardDateTime(startAt)}'"
"lib\page\admin_announcement_page.dart","1802","'結束：${_formatRewardDateTime(endAt)}'"
"lib\page\admin_announcement_page.dart","1824","'停止活動'"
"lib\page\admin_announcement_page.dart","2067","'⚠️ 後台暫時無法讀取 chat_sessions：${e.code} ${e.message}'"
"lib\page\admin_announcement_page.dart","2070","'⚠️ 後台讀取 chat_sessions 失敗：$e'"
"lib\page\admin_announcement_page.dart","2175","'⚠️ 後台讀取今日花花明細失敗：$e'"
"lib\page\admin_announcement_page.dart","2205","'昨天'"
"lib\page\admin_announcement_page.dart","2205","'今天'"
"lib\page\admin_announcement_page.dart","2286","'讀取營運總覽失敗：\n${snapshot.error}'"
"lib\page\admin_announcement_page.dart","2300","'營運總覽'"
"lib\page\admin_announcement_page.dart","2301","'今天的戀戀拾光，一眼掌握。部分進階分析會在埋點完成後自動升級。'"
"lib\page\admin_announcement_page.dart","2314","'總玩家數'"
"lib\page\admin_announcement_page.dart","2315","'今日新增玩家'"
"lib\page\admin_announcement_page.dart","2316","'今日活躍玩家'"
"lib\page\admin_announcement_page.dart","2316","'聊天室活動'"
"lib\page\admin_announcement_page.dart","2317","'目前公開角色'"
"lib\page\admin_announcement_page.dart","2318","'今日新增角色'"
"lib\page\admin_announcement_page.dart","2319","'待審角色'"
"lib\page\admin_announcement_page.dart","2320","'待處理客服'"
"lib\page\admin_announcement_page.dart","2321","'今日活躍聊天室'"
"lib\page\admin_announcement_page.dart","2322","'今日花花發放 / 消耗'"
"lib\page\admin_announcement_page.dart","2323","'有效月卡人數'"
"lib\page\admin_announcement_page.dart","2332","'最近 7 天玩家成長'"
"lib\page\admin_announcement_page.dart","2340","'最近 7 天聊天室活動'"
"lib\page\admin_announcement_page.dart","2358","'調整 $displayName 的花花'"
"lib\page\admin_announcement_page.dart","2363","'調整數量'"
"lib\page\admin_announcement_page.dart","2364","'例如 20；扣除請輸入 -20'"
"lib\page\admin_announcement_page.dart","2368","'取消'"
"lib\page\admin_announcement_page.dart","2375","'確認調整'"
"lib\page\admin_announcement_page.dart","2390","'管理後台補發'"
"lib\page\admin_announcement_page.dart","2390","'管理後台扣除'"
"lib\page\admin_announcement_page.dart","2401","'已補發 $result 點花花'"
"lib\page\admin_announcement_page.dart","2401","'已扣除 ${result.abs()} 點花花'"
"lib\page\admin_announcement_page.dart","2415","'解除停權'"
"lib\page\admin_announcement_page.dart","2415","'停權 $displayName'"
"lib\page\admin_announcement_page.dart","2417","'解除後，請確認玩家端已接入 suspended 欄位判斷。'"
"lib\page\admin_announcement_page.dart","2422","'停權原因'"
"lib\page\admin_announcement_page.dart","2425","'取消'"
"lib\page\admin_announcement_page.dart","2428","'解除'"
"lib\page\admin_announcement_page.dart","2428","'確認停權'"
"lib\page\admin_announcement_page.dart","2466","'玩家管理'"
"lib\page\admin_announcement_page.dart","2467","'以 UID、玩家 ID 或暱稱搜尋。可寄信、調整花花與查看帳號狀態。'"
"lib\page\admin_announcement_page.dart","2475","'搜尋 UID / 玩家 ID / 暱稱'"
"lib\page\admin_announcement_page.dart","2488","'讀取玩家失敗：${snapshot.error}'"
"lib\page\admin_announcement_page.dart","2504","'找不到符合的玩家'"
"lib\page\admin_announcement_page.dart","2534","'未設定暱稱'"
"lib\page\admin_announcement_page.dart","2543","'花花餘額'"
"lib\page\admin_announcement_page.dart","2544","'月卡狀態'"
"lib\page\admin_announcement_page.dart","2544","'有效'"
"lib\page\admin_announcement_page.dart","2544","'未啟用 / 已到期'"
"lib\page\admin_announcement_page.dart","2545","'註冊時間'"
"lib\page\admin_announcement_page.dart","2545","'未記錄'"
"lib\page\admin_announcement_page.dart","2546","'帳號狀態'"
"lib\page\admin_announcement_page.dart","2546","'已停權'"
"lib\page\admin_announcement_page.dart","2546","'正常'"
"lib\page\admin_announcement_page.dart","2555","'寄信'"
"lib\page\admin_announcement_page.dart","2558","'玩家'"
"lib\page\admin_announcement_page.dart","2560","'調整花花'"
"lib\page\admin_announcement_page.dart","2568","'玩家'"
"lib\page\admin_announcement_page.dart","2572","'解除停權'"
"lib\page\admin_announcement_page.dart","2572","'停權標記'"
"lib\page\admin_announcement_page.dart","2578","'註：停權 / 禁言真正生效仍需玩家端登入、聊天、發文流程讀取對應欄位。此頁已先建立管理資料與操作紀錄。'"
"lib\page\admin_announcement_page.dart","2638","'封鎖角色：$blockedName'"
"lib\page\admin_announcement_page.dart","2639","'未提供文字內容'"
"lib\page\admin_announcement_page.dart","2648","'未知玩家'"
"lib\page\admin_announcement_page.dart","2654","'未設定暱稱'"
"lib\page\admin_announcement_page.dart","2658","'未設定暱稱'"
"lib\page\admin_announcement_page.dart","2669","'刪除客服案件'"
"lib\page\admin_announcement_page.dart","2670","'確定刪除此未處理案件嗎？\n\n$preview\n\n刪除後不會寄信給玩家。'"
"lib\page\admin_announcement_page.dart","2672","'取消'"
"lib\page\admin_announcement_page.dart","2676","'刪除'"
"lib\page\admin_announcement_page.dart","2698","'待處理'"
"lib\page\admin_announcement_page.dart","2699","'處理中'"
"lib\page\admin_announcement_page.dart","2700","'已完成'"
"lib\page\admin_announcement_page.dart","2701","'已駁回'"
"lib\page\admin_announcement_page.dart","2707","'客服案件中心'"
"lib\page\admin_announcement_page.dart","2708","'同一位玩家的客服與檢舉會收在同一張卡片裡。每一件仍可獨立回覆、駁回或刪除。'"
"lib\page\admin_announcement_page.dart","2738","'搜尋 UID / 案件編號 / 客服內容'"
"lib\page\admin_announcement_page.dart","2751","'讀取客服案件失敗：${snapshot.error}'"
"lib\page\admin_announcement_page.dart","2778","'目前沒有「${statusOptions[_supportStatus]}」案件'"
"lib\page\admin_announcement_page.dart","2797","'未知玩家'"
"lib\page\admin_announcement_page.dart","2797","'讀取玩家中…'"
"lib\page\admin_announcement_page.dart","2801","'${cases.length} 件案件'"
"lib\page\admin_announcement_page.dart","2801","'UID：$uid · ${cases.length} 件'"
"lib\page\admin_announcement_page.dart","2809","'${cases.length} 件'"
"lib\page\admin_announcement_page.dart","2843","'客服案件'"
"lib\page\admin_announcement_page.dart","2843","'案件 $caseNo'"
"lib\page\admin_announcement_page.dart","2861","'含附件圖片'"
"lib\page\admin_announcement_page.dart","2866","'已回覆：${data['"
"lib\page\admin_announcement_page.dart","2885","'回覆'"
"lib\page\admin_announcement_page.dart","2891","'處理中'"
"lib\page\admin_announcement_page.dart","2897","'駁回'"
"lib\page\admin_announcement_page.dart","2904","'刪除'"
"lib\page\admin_announcement_page.dart","2929","'內容審核中心'"
"lib\page\admin_announcement_page.dart","2930","'角色審核沿用既有完整功能；拾光牆、留言、個人檔案與創作者先統一收入口，後續可再接自動審核與違規紀錄。'"
"lib\page\admin_announcement_page.dart","2936","'角色'"
"lib\page\admin_announcement_page.dart","2937","'拾光牆'"
"lib\page\admin_announcement_page.dart","2938","'留言'"
"lib\page\admin_announcement_page.dart","2939","'個人檔案'"
"lib\page\admin_announcement_page.dart","2940","'創作者'"
"lib\page\admin_announcement_page.dart","2947","'拾光牆貼文'"
"lib\page\admin_announcement_page.dart","2948","'留言'"
"lib\page\admin_announcement_page.dart","2949","'玩家個人檔案'"
"lib\page\admin_announcement_page.dart","2950","'創作者'"
"lib\page\admin_announcement_page.dart","2966","'讀取$title檢舉失敗'"
"lib\page\admin_announcement_page.dart","2973","'目前沒有$title相關案件'"
"lib\page\admin_announcement_page.dart","2985","'狀態：${_reportStatusOf(data)} · UID：${_reportOwnerId(data)}'"
"lib\page\admin_announcement_page.dart","3002","'活動與獎勵'"
"lib\page\admin_announcement_page.dart","3003","'公告、單一玩家信件與活動花花集中管理。兌換碼與分眾活動已預留位置。'"
"lib\page\admin_announcement_page.dart","3008","'公告與信件'"
"lib\page\admin_announcement_page.dart","3009","'活動禮物'"
"lib\page\admin_announcement_page.dart","3010","'兌換碼 / 分眾'"
"lib\page\admin_announcement_page.dart","3039","'分眾活動條件'"
"lib\page\admin_announcement_page.dart","3045","'所有玩家'"
"lib\page\admin_announcement_page.dart","3046","'指定玩家'"
"lib\page\admin_announcement_page.dart","3047","'新玩家'"
"lib\page\admin_announcement_page.dart","3048","'回流玩家'"
"lib\page\admin_announcement_page.dart","3049","'月卡玩家'"
"lib\page\admin_announcement_page.dart","3054","'目前活動禮物已支援「管理員測試 / 所有玩家」。其他分眾條件與兌換碼需要 Cloud Functions 增加 eligibility / redeem 邏輯後才能安全啟用。'"
"lib\page\admin_announcement_page.dart","3060","'基礎活動系統已完成，分眾與兌換碼待後端接入。'"
"lib\page\admin_announcement_page.dart","3093","'數據分析'"
"lib\page\admin_announcement_page.dart","3094","'先使用現有聊天室與會員資料計算可確認的數字；留存與轉換率不會用猜的，等事件埋點後再啟用。'"
"lib\page\admin_announcement_page.dart","3107","'DAU（聊天室活動）'"
"lib\page\admin_announcement_page.dart","3108","'近 7 天活躍聊天室'"
"lib\page\admin_announcement_page.dart","3109","'今日平均活躍聊天室 / 人'"
"lib\page\admin_announcement_page.dart","3110","'日常模式占比'"
"lib\page\admin_announcement_page.dart","3111","'劇情模式占比'"
"lib\page\admin_announcement_page.dart","3112","'沉浸模式占比'"
"lib\page\admin_announcement_page.dart","3113","'D1 / D7 / D30 留存'"
"lib\page\admin_announcement_page.dart","3113","'待埋點'"
"lib\page\admin_announcement_page.dart","3114","'推薦 → 開聊轉換'"
"lib\page\admin_announcement_page.dart","3114","'待埋點'"
"lib\page\admin_announcement_page.dart","3115","'收入 / 付費玩家 / ARPPU'"
"lib\page\admin_announcement_page.dart","3115","'待金流彙總'"
"lib\page\admin_announcement_page.dart","3126","'為避免後台顯示錯誤數據，目前沒有足夠事件紀錄的項目會明確標示「待埋點」。下一步可在聊天、推薦曝光、點擊、付費與登入流程寫入 analytics_daily / analytics_events，再讓這些卡片自動變成真實數據。'"
"lib\page\admin_announcement_page.dart","3145","'系統健康'"
"lib\page\admin_announcement_page.dart","3146","'系統工具已集中在這裡；AI 成功率、錯誤率與成本需由後端寫入日誌後才能可靠顯示。'"
"lib\page\admin_announcement_page.dart","3151","'健康狀態'"
"lib\page\admin_announcement_page.dart","3152","'系統工具'"
"lib\page\admin_announcement_page.dart","3175","'監測資料尚未完整接入'"
"lib\page\admin_announcement_page.dart","3180","'Gemini 成功率、DeepSeek 成功率、content filter、AI request failure、Functions 錯誤、平均回覆時間、API 用量與預估成本，需要 Cloud Functions / AI gateway 寫入 ai_usage_daily 後才能計算。'"
"lib\page\admin_announcement_page.dart","3196","'Gemini 成功率'"
"lib\page\admin_announcement_page.dart","3196","'待接入'"
"lib\page\admin_announcement_page.dart","3197","'DeepSeek 成功率'"
"lib\page\admin_announcement_page.dart","3197","'待接入'"
"lib\page\admin_announcement_page.dart","3198","'待接入'"
"lib\page\admin_announcement_page.dart","3199","'待接入'"
"lib\page\admin_announcement_page.dart","3200","'Functions 錯誤'"
"lib\page\admin_announcement_page.dart","3200","'待接入'"
"lib\page\admin_announcement_page.dart","3201","'平均回覆時間'"
"lib\page\admin_announcement_page.dart","3201","'待接入'"
"lib\page\admin_announcement_page.dart","3202","'今日 API 用量'"
"lib\page\admin_announcement_page.dart","3202","'待接入'"
"lib\page\admin_announcement_page.dart","3203","'今日預估 AI 成本'"
"lib\page\admin_announcement_page.dart","3203","'待接入'"
"lib\page\admin_announcement_page.dart","3234","'拾光管理'"
"lib\page\admin_announcement_page.dart","3272","'總覽'"
"lib\page\admin_announcement_page.dart","3273","'玩家'"
"lib\page\admin_announcement_page.dart","3274","'客服'"
"lib\page\admin_announcement_page.dart","3275","'內容'"
"lib\page\admin_announcement_page.dart","3276","'營運'"
"lib\page\admin_announcement_page.dart","3277","'分析'"
"lib\page\admin_announcement_page.dart","3278","'系統'"
"lib\page\admin_announcement_page.dart","3308","'公告標題'"
"lib\page\admin_announcement_page.dart","3314","'內容 (支援換行)'"
"lib\page\admin_announcement_page.dart","3318","'同時傳送小鈴鐺通知'"
"lib\page\admin_announcement_page.dart","3335","'發布公告並推播'"
"lib\page\admin_announcement_page.dart","3347","'寄送玩家信件'"
"lib\page\admin_announcement_page.dart","3348","'選擇單一玩家，自訂標題與信件內容'"
"lib\page\admin_announcement_page.dart","3370","'公開角色'"
"lib\page\admin_announcement_page.dart","3374","'私人角色'"
"lib\page\admin_announcement_page.dart","3378","'審核中'"
"lib\page\admin_announcement_page.dart","3382","'違規角色'"
"lib\page\admin_announcement_page.dart","3395","'違規角色'"
"lib\page\admin_announcement_page.dart","3396","'管理已下架或標記違規的角色'"
"lib\page\admin_announcement_page.dart","3423","'讀取待審角色失敗：\n${snapshot.error}'"
"lib\page\admin_announcement_page.dart","3444","'目前沒有待審角色'"
"lib\page\admin_announcement_page.dart","3445","'玩家送出角色審核後會顯示在這裡'"
"lib\page\admin_announcement_page.dart","3459","'未命名角色'"
"lib\page\admin_announcement_page.dart","3464","'未知創作者'"
"lib\page\admin_announcement_page.dart","3475","'送審時間未知'"
"lib\page\admin_announcement_page.dart","3544","'待審'"
"lib\page\admin_announcement_page.dart","3574","'創作者：$creatorName'"
"lib\page\admin_announcement_page.dart","3628","'審核角色'"
"lib\page\admin_announcement_page.dart","3668","'審核通過'"
"lib\page\admin_announcement_page.dart","3679","'退回修改'"
"lib\page\admin_announcement_page.dart","3691","'判定違規'"
"lib\page\admin_announcement_page.dart","3724","'讀取公開角色失敗：\n${snapshot.error}'"
"lib\page\admin_announcement_page.dart","3743","'目前沒有公開角色'"
"lib\page\admin_announcement_page.dart","3744","'公開角色上架後會顯示在這裡'"
"lib\page\admin_announcement_page.dart","3757","'未命名角色'"
"lib\page\admin_announcement_page.dart","3760","'未知創作者'"
"lib\page\admin_announcement_page.dart","3803","'創作者：$creatorName'"
"lib\page\admin_announcement_page.dart","3846","'角色管理'"
"lib\page\admin_announcement_page.dart","3852","'角色「$name」內容調整通知'"
"lib\page\admin_announcement_page.dart","3854","'你好，我們在查看角色「$name」時，發現部分內容可能需要調整。\n\n請在此說明需要調整的內容。'"
"lib\page\admin_announcement_page.dart","3886","'寄送玩家信件'"
"lib\page\admin_announcement_page.dart","3894","'轉為私人'"
"lib\page\admin_announcement_page.dart","3906","'標記違規'"
"lib\page\admin_announcement_page.dart","3934","'找不到角色創作者 UID，無法通過審核'"
"lib\page\admin_announcement_page.dart","3944","'審核通過'"
"lib\page\admin_announcement_page.dart","3946","'確定要讓「$characterName」通過審核並公開嗎？\n\n'"
"lib\page\admin_announcement_page.dart","3947","'通過後，角色會從「審核中」移至「公開角色」。'"
"lib\page\admin_announcement_page.dart","3957","'取消'"
"lib\page\admin_announcement_page.dart","3966","'確認通過'"
"lib\page\admin_announcement_page.dart","4039","'「$characterName」已通過審核並公開'"
"lib\page\admin_announcement_page.dart","4044","'❌ 審核角色通過失敗：$e'"
"lib\page\admin_announcement_page.dart","4055","'審核通過失敗：$e'"
"lib\page\admin_announcement_page.dart","4070","'找不到角色創作者 UID，無法退回修改'"
"lib\page\admin_announcement_page.dart","4082","'退回修改'"
"lib\page\admin_announcement_page.dart","4087","'確定要將「$characterName」退回給創作者修改嗎？'"
"lib\page\admin_announcement_page.dart","4094","'退回原因'"
"lib\page\admin_announcement_page.dart","4095","'例如：角色描述需要補充、圖片不符合規範、設定內容需調整'"
"lib\page\admin_announcement_page.dart","4106","'取消'"
"lib\page\admin_announcement_page.dart","4115","'請先填寫退回原因'"
"lib\page\admin_announcement_page.dart","4126","'確認退回'"
"lib\page\admin_announcement_page.dart","4198","'已將「$characterName」退回修改'"
"lib\page\admin_announcement_page.dart","4203","'❌ 退回角色修改失敗：$e'"
"lib\page\admin_announcement_page.dart","4214","'退回修改失敗：$e'"
"lib\page\admin_announcement_page.dart","4232","'判定違規'"
"lib\page\admin_announcement_page.dart","4237","'確定要將「$characterName」判定為違規並封存嗎？'"
"lib\page\admin_announcement_page.dart","4244","'違規原因'"
"lib\page\admin_announcement_page.dart","4245","'例如：侵權、未成年內容、違反創作者規範'"
"lib\page\admin_announcement_page.dart","4256","'取消'"
"lib\page\admin_announcement_page.dart","4268","'請先填寫違規原因'"
"lib\page\admin_announcement_page.dart","4279","'確認判定違規'"
"lib\page\admin_announcement_page.dart","4343","'已將「$characterName」判定為違規並封存'"
"lib\page\admin_announcement_page.dart","4348","'❌ 待審角色判定違規失敗：$e'"
"lib\page\admin_announcement_page.dart","4359","'判定違規失敗：$e'"
"lib\page\admin_announcement_page.dart","4376","'讀取私人角色失敗：\n${snapshot.error}'"
"lib\page\admin_announcement_page.dart","4426","'目前沒有私人角色'"
"lib\page\admin_announcement_page.dart","4427","'創作者的私人角色會顯示在這裡'"
"lib\page\admin_announcement_page.dart","4442","'未命名角色'"
"lib\page\admin_announcement_page.dart","4448","'未知創作者'"
"lib\page\admin_announcement_page.dart","4520","'私人'"
"lib\page\admin_announcement_page.dart","4532","'創作者：$creatorName'"
"lib\page\admin_announcement_page.dart","4575","'角色管理'"
"lib\page\admin_announcement_page.dart","4606","'恢復公開'"
"lib\page\admin_announcement_page.dart","4618","'標記違規'"
"lib\page\admin_announcement_page.dart","4672","'此角色沒有 createdBy，無法寄送通知'"
"lib\page\admin_announcement_page.dart","4695","'寄送角色調整通知'"
"lib\page\admin_announcement_page.dart","4703","'角色：「$characterName」'"
"lib\page\admin_announcement_page.dart","4706","'創作者 UID：$creatorId'"
"lib\page\admin_announcement_page.dart","4719","'需要調整的內容'"
"lib\page\admin_announcement_page.dart","4720","'例如：角色介紹含有不符合創作者規範的內容，請調整後再公開。'"
"lib\page\admin_announcement_page.dart","4728","'建議先將角色轉為私人'"
"lib\page\admin_announcement_page.dart","4730","'這是信件提醒，不會自動將角色下架。'"
"lib\page\admin_announcement_page.dart","4744","'取消'"
"lib\page\admin_announcement_page.dart","4753","'請填寫需要調整的內容'"
"lib\page\admin_announcement_page.dart","4765","'確認寄送'"
"lib\page\admin_announcement_page.dart","4793","'已將調整通知寄給「$characterName」的創作者'"
"lib\page\admin_announcement_page.dart","4801","'寄送調整通知失敗'"
"lib\page\admin_announcement_page.dart","4805","'❌ 寄送角色調整通知失敗：$error'"
"lib\page\admin_announcement_page.dart","4812","'寄送調整通知失敗，請稍後再試'"
"lib\page\admin_announcement_page.dart","4854","'請輸入玩家 UID'"
"lib\page\admin_announcement_page.dart","4880","'找不到這位玩家，請檢查 UID'"
"lib\page\admin_announcement_page.dart","4889","'未設定暱稱的玩家'"
"lib\page\admin_announcement_page.dart","4895","'查詢玩家失敗'"
"lib\page\admin_announcement_page.dart","4913","'請先查詢並確認收件人'"
"lib\page\admin_announcement_page.dart","4922","'請填寫信件標題與內容'"
"lib\page\admin_announcement_page.dart","4943","'信件已寄給 $recipientName'"
"lib\page\admin_announcement_page.dart","4950","'寄信失敗'"
"lib\page\admin_announcement_page.dart","4965","'寄送玩家信件'"
"lib\page\admin_announcement_page.dart","4977","'收件人 UID'"
"lib\page\admin_announcement_page.dart","4980","'查詢收件人'"
"lib\page\admin_announcement_page.dart","5011","'✓ 收件人：$recipientName'"
"lib\page\admin_announcement_page.dart","5019","'信件標題'"
"lib\page\admin_announcement_page.dart","5030","'信件內容'"
"lib\page\admin_announcement_page.dart","5043","'取消'"
"lib\page\admin_announcement_page.dart","5054","'寄送中…'"
"lib\page\admin_announcement_page.dart","5054","'寄送信件'"
"lib\page\admin_announcement_page.dart","5082","'此角色沒有 createdBy，無法轉為私人'"
"lib\page\admin_announcement_page.dart","5091","'轉為私人角色'"
"lib\page\admin_announcement_page.dart","5093","'確定要將「$characterName」轉為私人嗎？\n\n'"
"lib\page\admin_announcement_page.dart","5094","'轉換後，角色會從公開區下架，'"
"lib\page\admin_announcement_page.dart","5095","'但仍保留在創作者的私人角色中。'"
"lib\page\admin_announcement_page.dart","5100","'取消'"
"lib\page\admin_announcement_page.dart","5104","'確認轉為私人'"
"lib\page\admin_announcement_page.dart","5155","'已將「$characterName」轉為私人'"
"lib\page\admin_announcement_page.dart","5159","'❌ 管理員轉私人失敗：$e'"
"lib\page\admin_announcement_page.dart","5166","'轉為私人失敗：$e'"
"lib\page\admin_announcement_page.dart","5183","'標記違規角色'"
"lib\page\admin_announcement_page.dart","5188","'確定要將「$characterName」標記為違規並下架嗎？'"
"lib\page\admin_announcement_page.dart","5195","'違規原因'"
"lib\page\admin_announcement_page.dart","5196","'例如：侵權、未成年內容、違反創作者規範'"
"lib\page\admin_announcement_page.dart","5205","'取消'"
"lib\page\admin_announcement_page.dart","5223","'確認下架'"
"lib\page\admin_announcement_page.dart","5279","'已將「$characterName」標記違規並下架'"
"lib\page\admin_announcement_page.dart","5283","'❌ 標記違規失敗：$e'"
"lib\page\admin_announcement_page.dart","5290","'標記違規失敗：$e'"
"lib\page\admin_announcement_page.dart","5305","'找不到角色創作者 UID，無法恢復公開'"
"lib\page\admin_announcement_page.dart","5315","'恢復公開角色'"
"lib\page\admin_announcement_page.dart","5317","'確定要將「$characterName」恢復公開嗎？\n\n'"
"lib\page\admin_announcement_page.dart","5318","'恢復後會重新出現在公開角色區。'"
"lib\page\admin_announcement_page.dart","5325","'取消'"
"lib\page\admin_announcement_page.dart","5331","'確認恢復公開'"
"lib\page\admin_announcement_page.dart","5386","'已將「$characterName」恢復公開'"
"lib\page\admin_announcement_page.dart","5390","'❌ 恢復公開失敗：$e'"
"lib\page\admin_announcement_page.dart","5397","'恢復公開失敗：$e'"
"lib\page\admin_announcement_page.dart","5415","'標記私人角色違規'"
"lib\page\admin_announcement_page.dart","5420","'確定要將「$characterName」標記為違規嗎？'"
"lib\page\admin_announcement_page.dart","5427","'違規原因'"
"lib\page\admin_announcement_page.dart","5428","'例如：侵權、未成年內容、違反創作者規範'"
"lib\page\admin_announcement_page.dart","5439","'取消'"
"lib\page\admin_announcement_page.dart","5451","'請先填寫違規原因'"
"lib\page\admin_announcement_page.dart","5462","'確認標記違規'"
"lib\page\admin_announcement_page.dart","5522","'已將「$characterName」標記違規'"
"lib\page\admin_announcement_page.dart","5526","'❌ 私人角色標記違規失敗：$e'"
"lib\page\admin_announcement_page.dart","5533","'標記違規失敗：$e'"
"lib\page\admin_announcement_page.dart","5576","'拾光牆搜尋索引'"
"lib\page\admin_announcement_page.dart","5587","'掃描所有舊公開貼文，依貼文內容與作者名稱補上 '"
"lib\page\admin_announcement_page.dart","5588","'searchKeywords，讓歷史貼文也能在拾光牆被搜尋。'"
"lib\page\admin_announcement_page.dart","5589","'重複執行會重新整理索引，不會建立重複貼文。'"
"lib\page\admin_announcement_page.dart","5610","'正在補建搜尋索引...'"
"lib\page\admin_announcement_page.dart","5611","'補建舊公開貼文搜尋索引'"
"lib\page\admin_announcement_page.dart","5638","'創作者名稱同步'"
"lib\page\admin_announcement_page.dart","5649","'根據角色的 createdBy，從 users/{uid} 讀取 nickname，'"
"lib\page\admin_announcement_page.dart","5650","'並補上 creatorName 與 creatorNameLower。'"
"lib\page\admin_announcement_page.dart","5671","'同步創作者名稱中...'"
"lib\page\admin_announcement_page.dart","5671","'一鍵同步創作者名稱'"
"lib\page\admin_announcement_page.dart","5698","'Voice Bank 管理'"
"lib\page\admin_announcement_page.dart","5709","'同步後端預設的聲音資料到 Firestore。'"
"lib\page\admin_announcement_page.dart","5710","'同一個文件會更新，不會重複建立。'"
"lib\page\admin_announcement_page.dart","5731","'同步中...'"
"lib\page\admin_announcement_page.dart","5731","'同步 Voice Bank'"
"lib\page\admin_announcement_page.dart","5743","'目前共 ${docs.length} 個聲音'"
"lib\page\admin_announcement_page.dart","5763","'讀取聲音庫失敗：${snapshot.error}'"
"lib\page\admin_announcement_page.dart","5775","'目前尚未建立 Voice Bank'"
"lib\page\admin_announcement_page.dart","5785","'未命名聲音'"
"lib\page\admin_announcement_page.dart","5822","""🚨 檢舉頁面報錯：${snapshot.error}"""
"lib\page\admin_announcement_page.dart","5824","'載入失敗：\n${snapshot.error}'"
"lib\page\admin_announcement_page.dart","5835","'目前沒有待處理的案件 ✨'"
"lib\page\admin_announcement_page.dart","5849","'目前沒有待處理的案件 ✨'"
"lib\page\admin_announcement_page.dart","5859","'一般檢舉'"
"lib\page\admin_announcement_page.dart","5861","'無具體文字'"
"lib\page\admin_announcement_page.dart","5865","'🚩 角色檢舉'"
"lib\page\admin_announcement_page.dart","5871","'角色：$characterName'"
"lib\page\admin_announcement_page.dart","5879","'檢舉原因：$reason\n補充說明：$details'"
"lib\page\admin_announcement_page.dart","5881","'檢舉原因：$reason'"
"lib\page\admin_announcement_page.dart","5884","'🚫 封鎖角色'"
"lib\page\admin_announcement_page.dart","5887","'角色：${data['"
"lib\page\admin_announcement_page.dart","5890","'💬 貼文相關'"
"lib\page\admin_announcement_page.dart","5892","'回覆不恰當'"
"lib\page\admin_announcement_page.dart","5893","'💬 聊天回覆檢舉'"
"lib\page\admin_announcement_page.dart","5896","'原因：${data['"
"lib\page\admin_announcement_page.dart","5900","'被檢舉訊息：「${data['"
"lib\page\admin_announcement_page.dart","5926","'回報內容：'"
"lib\page\admin_announcement_page.dart","5927","'無具體文字'"
"lib\page\admin_announcement_page.dart","5931","'回報者 UID：'"
"lib\page\admin_announcement_page.dart","5932","'未知'"
"lib\page\admin_announcement_page.dart","5978","'該檢舉項目'"
"lib\page\admin_announcement_page.dart","5979","'處理'"
"lib\page\announcement_page.dart","46","'公告頁載入失敗：${snapshot.error}'"
"lib\page\announcement_page.dart","47","'連線失敗，請稍後再試'"
"lib\page\announcement_page.dart","260","'最新'"
"lib\page\announcement_page.dart","363","'發布時間：${DateFormat('"
"lib\page\announcement_page.dart","403","'戀戀拾光營運團隊'"
"lib\page\app_texts.dart","40","'隱私權政策'"
"lib\page\app_texts.dart","43","'使用條款'"
"lib\page\app_texts.dart","46","'創作者規範'"
"lib\page\app_texts.dart","116","""重新整理"""
"lib\page\app_texts.dart","149","""頁面載入失敗"""
"lib\page\app_texts.dart","157","""請確認網路連線後再試一次。"""
"lib\page\app_texts.dart","177","""重新載入"""
"lib\page\character_management_page.dart","33","""請先登入系統"""
"lib\page\character_management_page.dart","149","'角色'"
"lib\page\character_management_page.dart","150","'創作者'"
"lib\page\character_management_page.dart","183","'若你暫停與角色聯繫，會顯示在這裡。'"
"lib\page\character_management_page.dart","230","'讀取封鎖創作者失敗'"
"lib\page\character_management_page.dart","245","'若你封鎖創作者，會顯示在這裡。'"
"lib\page\character_management_page.dart","259","'創作者'"
"lib\page\character_management_page.dart","331","'已封鎖創作者'"
"lib\page\character_management_page.dart","339","'其公開角色與後續新增角色不會出現在推薦中。'"
"lib\page\character_management_page.dart","374","'解除封鎖'"
"lib\page\character_management_page.dart","400","'解除封鎖創作者'"
"lib\page\character_management_page.dart","407","'確定要解除封鎖「$creatorName」嗎？\n\n'"
"lib\page\character_management_page.dart","408","'解除後，這位創作者與其角色可能會再次出現在推薦內容中。'"
"lib\page\character_management_page.dart","409","'你先前「單獨封鎖」的角色仍會維持封鎖。'"
"lib\page\character_management_page.dart","419","'取消'"
"lib\page\character_management_page.dart","426","'解除封鎖'"
"lib\page\character_management_page.dart","474","'已解除封鎖「$creatorName」'"
"lib\page\character_management_page.dart","480","'❌ 解除封鎖創作者失敗：$e'"
"lib\page\character_management_page.dart","487","'解除封鎖失敗，請稍後再試'"
"lib\page\character_management_page.dart","514","'角色管理'"
"lib\page\character_management_page.dart","524","'管理暫停聯繫的角色'"
"lib\page\character_management_page.dart","593","'角色'"
"lib\page\character_management_page.dart","657","'暫停聯繫中'"
"lib\page\character_management_page.dart","665","'暫停對話與通知，不會刪除相關資料。'"
"lib\page\character_management_page.dart","727","'確定要解除封鎖「$charName」嗎？解除後，相關內容可能會再次顯示。'"
"lib\page\character_management_page.dart","779","'角色'"
"lib\page\creator_follow_list_page.dart","34","'請先登入'"
"lib\page\creator_follow_list_page.dart","57","'我追蹤的創作者'"
"lib\page\creator_follow_list_page.dart","58","'追蹤我的玩家'"
"lib\page\creator_follow_list_page.dart","74","'讀取失敗：${snapshot.error}'"
"lib\page\creator_follow_list_page.dart","141","'還沒有追蹤創作者'"
"lib\page\creator_follow_list_page.dart","142","'目前還沒有追蹤者'"
"lib\page\creator_follow_list_page.dart","151","'在角色檔案或創作者工作坊追蹤喜歡的創作者吧。'"
"lib\page\creator_follow_list_page.dart","152","'當其他玩家追蹤你時，會顯示在這裡。'"
"lib\page\creator_follow_list_page.dart","192","'未知玩家'"
"lib\page\creator_follow_list_page.dart","227","'尚未設定玩家 ID'"
"lib\page\creator_follow_list_page.dart","277","'已追蹤'"
"lib\page\creator_follow_list_page.dart","291","'取消追蹤'"
"lib\page\creator_follow_list_page.dart","293","'確定要取消追蹤這位創作者嗎？'"
"lib\page\creator_follow_list_page.dart","304","'取消'"
"lib\page\creator_follow_list_page.dart","314","'取消追蹤'"
"lib\page\inbox_page.dart","149","""🚀 傳送門啟動：前往貼文 $postId"""
"lib\page\inbox_page.dart","161","""🚀 傳送門啟動：有人關注我，看看他是誰"""
"lib\page\interaction_history_page.dart","76","'讀取失敗: ${snapshot.error}'"
"lib\page\theme_selection_page.dart","31","'拾光紫'"
"lib\page\theme_selection_page.dart","38","'櫻花粉'"
"lib\page\theme_selection_page.dart","45","'湛藍海'"
"lib\page\theme_selection_page.dart","52","'夕陽橙'"
"lib\page\theme_selection_page.dart","59","'薄荷森'"
"lib\page\theme_selection_page.dart","66","'深夜模式'"
"lib\page\theme_selection_page.dart","74","'自定義色彩'"
"lib\page\theme_selection_page.dart","143","'選擇主題色'"
"lib\page\theme_selection_page.dart","206","'更換氛圍'"
"lib\page\theme_selection_page.dart","219","'挑選你喜歡的主題色，讓戀戀拾光更像你的樣子。'"
"lib\page\theme_selection_page.dart","257","'預覽效果'"
"lib\page\theme_selection_page.dart","273","'戀戀拾光'"
"lib\page\theme_selection_page.dart","355","'編輯個人檔案'"
"lib\page\theme_selection_page.dart","391","'角色'"
"lib\page\theme_selection_page.dart","392","'動態'"
"lib\page\theme_selection_page.dart","393","'喜歡'"
"lib\page\theme_selection_page.dart","403","'已簽到'"
"lib\page\theme_selection_page.dart","404","'今天已留下足跡'"
"lib\page\theme_selection_page.dart","417","'心動日記'"
"lib\page\theme_selection_page.dart","418","'記下心動瞬間'"
"lib\page\theme_selection_page.dart","616","'目前預覽'"
"lib\page\theme_selection_page.dart","640","'套用主題'"
"lib\page\theme_selection_page.dart","658","'恢復預設'"
"lib\page\theme_selection_page.dart","676","'挑選你的專屬色彩'"
"lib\page\theme_selection_page.dart","697","'確定'"
"lib\page\theme_selection_page.dart","735","'已套用「${_selectedOption.name(context)}」'"
"lib\repositories\character_repository.dart","78","'🧹 已清除角色快取：$trimmedId'"
"lib\repositories\character_repository.dart","86","'🧹 已清除所有角色快取'"
"lib\repositories\character_repository.dart","111","'⚡ 使用角色快取：$trimmedId'"
"lib\repositories\character_repository.dart","152","'💾 已快取公開角色：$trimmedId'"
"lib\repositories\character_repository.dart","194","'💾 已快取私人角色：$trimmedId'"
"lib\screens\about_me_page.dart","232","'與我相關'"
"lib\screens\about_us_page.dart","86","'讀取回憶失敗: $e'"
"lib\screens\about_us_page.dart","141","'刪除回憶失敗: $e'"
"lib\screens\about_us_page.dart","169","'修改回憶失敗: $e'"
"lib\screens\add_shared_memory_page.dart","81","'新增回憶失敗: $e'"
"lib\screens\all_friends_page.dart","145","""讀取好友圖鑑失敗: $e"""
"lib\screens\all_friends_page.dart","222","""✨ 恭喜！這是該玩家與 ${character.name} 的初次邂逅，次數已增加。"""
"lib\screens\all_friends_page.dart","224","""♻️ 玩家之前已邂逅過此角色，不再重複計算次數。"""
"lib\screens\all_friends_page.dart","240","""同步邂逅數據失敗: $e"""
"lib\screens\background_settings_page.dart","404","'專屬照片'"
"lib\screens\call_memory_detail_page.dart","100","""🎧 使用語音快取，不重新呼叫 Cloud Function"""
"lib\screens\call_memory_detail_page.dart","103","""☁️ 呼叫 Cloud Function 產生語音"""
"lib\screens\call_memory_detail_page.dart","120","""Cloud Function 沒有回傳音檔"""
"lib\screens\call_memory_detail_page.dart","126","""🎧 語音已存入快取"""
"lib\screens\call_memory_detail_page.dart","132","""停止舊播放器失敗，可忽略: $e"""
"lib\screens\call_memory_detail_page.dart","141","""🎵 播完了，解除特效"""
"lib\screens\call_memory_detail_page.dart","153","'播放發生錯誤: $e'"
"lib\screens\call_memory_detail_page.dart","193","""🎧 已有 audioUrl，直接播放快取語音"""
"lib\screens\call_memory_detail_page.dart","204","""🎵 播完了，解除特效"""
"lib\screens\call_memory_detail_page.dart","235","""語音生成失敗: ${response.body}"""
"lib\screens\call_memory_detail_page.dart","257","""🎧 取得語音 URL，開始播放。status: ${data['status']}"""
"lib\screens\call_memory_detail_page.dart","268","""🎵 播完了，解除特效"""
"lib\screens\call_memory_detail_page.dart","274","""播放語音發生錯誤: $e"""
"lib\screens\call_memory_page.dart","381","""🤫 ID: $docId 的通話回憶已在背景秘密銷毀"""
"lib\screens\call_memory_page.dart","383","""❌ 銷毀失敗: $e"""
"lib\screens\call_screen.dart","94","""🎵 單句播放完畢，準備播放下一句"""
"lib\screens\call_screen.dart","98","""✅ AudioPlayer 換心成功！"""
"lib\screens\call_screen.dart","141","""☎️ 通畫圖片檢查失敗：$e"""
"lib\screens\call_screen.dart","256","'日本語'"
"lib\screens\call_screen.dart","266","""（玩家剛剛接起了你的電話）"""
"lib\screens\call_screen.dart","267","""\n👉 【特別：開場指令】：必須嚴格遵守以下開場格式：\n$greeting？ + [${widget.selectedLanguage}正文] | 喂？ + [繁體中文正文]"""
"lib\screens\call_screen.dart","270","""（玩家再次撥通了你的電話）"""
"lib\screens\call_screen.dart","271","""\n👉 【特別：開場指令】：玩家又打來了。請閱讀歷史紀錄「直接接續」剛才的話題！絕對【禁止】再說「$greeting」或「喂」等制式開場白。請給出符合人設的自然反應（例如問玩家怎麼又打來了、或是繼續剛才沒說完的事）。"""
"lib\screens\call_screen.dart","288",""": widget.character.toneAndStyle?.replaceAll('{{玩家名字}}', '玩家') ?? """
"lib\screens\call_screen.dart","289",""": widget.character.background?.replaceAll('{{玩家名字}}', '玩家') ?? """
"lib\screens\call_screen.dart","290",""": widget.character.detailedPersonality?.replaceAll('{{玩家名字}}', '玩家') ?? """
"lib\screens\call_screen.dart","380","""串流核心出錯: $e"""
"lib\screens\call_screen.dart","409","'單句語音排隊生成失敗: $e'"
"lib\screens\call_screen.dart","433","""▶️ 正在播放新句子..."""
"lib\screens\call_screen.dart","437","""播放佇列音訊失敗: $e"""
"lib\screens\call_screen.dart","448","'電話接通中...'"
"lib\screens\call_screen.dart","471","""🎤 語音辨識狀態: $status"""
"lib\screens\call_screen.dart","479","'🎤 語音辨識錯誤: $error'"
"lib\screens\call_screen.dart","486","'正在聆聽... (講完會自動發送)'"
"lib\screens\call_screen.dart","608","'備用單次語音播放失敗: $e'"
"lib\screens\call_screen.dart","613","""現在通話即將結束，請根據我們剛才的對話與你的人設（${widget.character.toneAndStyle}），用極度溫柔且不捨的語氣，說一句約 10-15 字的結束語。請確保每次說法都有變化，不要與上次重複。"""
"lib\screens\call_screen.dart","640","'正在聆聽... (鬆開手指發送)'"
"lib\screens\call_screen.dart","646","""🎤 即時辨識結果: ${val.recognizedWords}"""
"lib\screens\call_screen.dart","670","""🛑 準備發送的原始文字: $textToSend"""
"lib\screens\call_screen.dart","672","'正在聆聽'"
"lib\screens\call_screen.dart","680","""⚠️ 文字為空，啟動防呆機制，取消發送。"""
"lib\screens\call_screen.dart","689","""✅ 成功錄取！準備送往雲端: $textToSend"""
"lib\screens\call_screen.dart","693","'🗣️ $textToSend\n\n(發送中...)'"
"lib\screens\change_password_page.dart","40","'目前密碼不正確，請再確認一次。'"
"lib\screens\change_password_page.dart","42","'新密碼強度不足，請至少輸入 6 個字元。'"
"lib\screens\change_password_page.dart","44","'登入狀態已過期，請重新登入後再更改密碼。'"
"lib\screens\change_password_page.dart","46","'嘗試次數過多，請稍後再試。'"
"lib\screens\change_password_page.dart","48","'目前網路連線不穩定，請稍後再試。'"
"lib\screens\change_password_page.dart","50","'更改密碼失敗，請稍後再試。'"
"lib\screens\change_password_page.dart","62","'找不到目前登入帳號，請重新登入後再試。'"
"lib\screens\change_password_page.dart","67","'此帳號不是使用 Email 密碼登入，無法在此變更密碼。'"
"lib\screens\change_password_page.dart","75","'新密碼不能與目前密碼相同。'"
"lib\screens\change_password_page.dart","107","'密碼已更新'"
"lib\screens\change_password_page.dart","113","'新的密碼已經設定完成，下次登入請使用新密碼。'"
"lib\screens\change_password_page.dart","122","'知道了'"
"lib\screens\change_password_page.dart","142","'更改密碼失敗，請稍後再試。'"
"lib\screens\change_password_page.dart","235","'更改密碼'"
"lib\screens\change_password_page.dart","254","'帳號安全'"
"lib\screens\change_password_page.dart","264","'請先輸入目前密碼完成身分驗證，再設定新的登入密碼。'"
"lib\screens\change_password_page.dart","280","'目前密碼'"
"lib\screens\change_password_page.dart","288","'請輸入目前密碼'"
"lib\screens\change_password_page.dart","302","'新密碼'"
"lib\screens\change_password_page.dart","310","'請輸入新密碼'"
"lib\screens\change_password_page.dart","313","'新密碼至少需要 6 個字元'"
"lib\screens\change_password_page.dart","316","'新密碼不能與目前密碼相同'"
"lib\screens\change_password_page.dart","331","'確認新密碼'"
"lib\screens\change_password_page.dart","339","'請再次輸入新密碼'"
"lib\screens\change_password_page.dart","342","'兩次輸入的新密碼不一致'"
"lib\screens\change_password_page.dart","349","'密碼至少 6 個字元。更改完成後，其他裝置下次重新登入時需使用新密碼。'"
"lib\screens\change_password_page.dart","379","'確認更改'"
"lib\screens\character_edit_page.dart","62","'无'"
"lib\screens\character_edit_page.dart","63","'無'"
"lib\screens\character_edit_page.dart","178","'🔊 播放器狀態目前是：$state'"
"lib\screens\character_edit_page.dart","257","'男'"
"lib\screens\character_edit_page.dart","259","'女'"
"lib\screens\character_edit_page.dart","261","'其他'"
"lib\screens\character_edit_page.dart","331","'男'"
"lib\screens\character_edit_page.dart","332","'女'"
"lib\screens\character_edit_page.dart","333","'其他'"
"lib\screens\character_edit_page.dart","500","'【角色性格與設定】\n${detailedPersonality.trim()}'"
"lib\screens\character_edit_page.dart","506","'【說話語氣與風格】\n${toneAndStyle.trim()}'"
"lib\screens\character_edit_page.dart","512","'【社交與環境互動】\n${socialInteraction.trim()}'"
"lib\screens\character_edit_page.dart","579","""頁面已關閉，取消播放語音"""
"lib\screens\character_edit_page.dart","585","""❌ 錯誤：這筆語音數據是空的，無法播放"""
"lib\screens\character_edit_page.dart","610","""🎵 正在播放最新生成的語音..."""
"lib\screens\character_edit_page.dart","612","""❌ 播放語音時發生錯誤: $e"""
"lib\screens\character_edit_page.dart","620","'🟣 進入 _saveToDraft：isEditing=$isEditing, currentDraftId=$_currentDraftId'"
"lib\screens\character_edit_page.dart","626","'⛔ _saveToDraft 被擋：user == null'"
"lib\screens\character_edit_page.dart","668","""目前主要角色：【${_nameController.text.trim()}】\n"""
"lib\screens\character_edit_page.dart","674","'未知角色'"
"lib\screens\character_edit_page.dart","791","'🟡 找到既有草稿，改為更新：draftId=$_currentDraftId'"
"lib\screens\character_edit_page.dart","796","'🟣 準備寫入草稿：currentDraftId=$_currentDraftId'"
"lib\screens\character_edit_page.dart","805","'🟣 新增草稿中...'"
"lib\screens\character_edit_page.dart","813","'✅ 新草稿建立成功：draftId=$_currentDraftId'"
"lib\screens\character_edit_page.dart","824","""儲存草稿失敗: $e"""
"lib\screens\character_edit_page.dart","849","'🚪 返回原本的 ProfilePage：$result'"
"lib\screens\character_edit_page.dart","904","'🟣 離開確認視窗：儲存草稿按鈕被點擊'"
"lib\screens\character_edit_page.dart","908","'✅ _saveToDraft 已結束，準備關閉確認視窗'"
"lib\screens\character_edit_page.dart","1039","'ℹ️ 跳過不存在的角色路徑：${ref.path}'"
"lib\screens\character_edit_page.dart","1074","'❌ 刪除角色失敗: $e'"
"lib\screens\character_edit_page.dart","1156","'抓取角色關係清單失敗: $e'"
"lib\screens\character_edit_page.dart","1169","'⛔ _saveCharacter 被擋：_isSaving 已經是 true'"
"lib\screens\character_edit_page.dart","1302","'📦 準備搬移 ${loreDocsToMove.length} 則記憶碎片：'"
"lib\screens\character_edit_page.dart","1429","""目前主要角色：【${_nameController.text.trim()}】\n"""
"lib\screens\character_edit_page.dart","1435","'未知角色'"
"lib\screens\character_edit_page.dart","1608","'✅ 已完成搬移 ${loreDocsToMove.length} 則記憶碎片'"
"lib\screens\character_edit_page.dart","1632","""✅ 已同步更新 ${chatSessionsQuery.docs.length} 個聊天室的頭像與名稱"""
"lib\screens\character_edit_page.dart","1636","""❌ 同步聊天室資料失敗: $e"""
"lib\screens\character_edit_page.dart","1645","""✅ 偵測到從草稿發布：舊草稿 ${widget.draftDoc!.id} 已自動清除！"""
"lib\screens\character_edit_page.dart","1647","""⚠️ 自動清除草稿失敗: $e"""
"lib\screens\character_edit_page.dart","1673","'✅ 準備返回上一頁 result=$result'"
"lib\screens\character_edit_page.dart","1681","""!!! 儲存角色時發生錯誤: ${e.toString()}"""
"lib\screens\character_edit_page.dart","1690","""找不到使用者"""
"lib\screens\character_edit_page.dart","1991","""❌ 生成聲音發生錯誤: $e"""
"lib\screens\character_edit_page.dart","2064","'⏳ 開始背景預載第一個 Voice：$voiceId'"
"lib\screens\character_edit_page.dart","2080","'⚠️ 第一個 Voice 預載格式錯誤'"
"lib\screens\character_edit_page.dart","2092","'⚠️ 第一個 Voice 預載回傳空音訊'"
"lib\screens\character_edit_page.dart","2112","'⚠️ Voice 清單已更新，略過舊的預載結果'"
"lib\screens\character_edit_page.dart","2123","'✅ 第一個 Voice 已背景預載完成'"
"lib\screens\character_edit_page.dart","2129","'⚠️ 第一個 Voice 預載失敗：'"
"lib\screens\character_edit_page.dart","2136","'⚠️ 第一個 Voice 預載發生錯誤：$e'"
"lib\screens\character_edit_page.dart","2167","'========== 開始配對 Voice Bank =========='"
"lib\screens\character_edit_page.dart","2185","'✅ matchVoiceFromBank 回傳：${result.data}'"
"lib\screens\character_edit_page.dart","2189","'語音服務回傳格式錯誤'"
"lib\screens\character_edit_page.dart","2199","'語音服務沒有回傳 previews'"
"lib\screens\character_edit_page.dart","2208","'⚠️ 第 $i 個配對結果格式錯誤，已略過'"
"lib\screens\character_edit_page.dart","2222","'⚠️ 第 $i 個配對結果缺少 voiceId，已略過'"
"lib\screens\character_edit_page.dart","2284","'✅ 成功配對 ${matchedSamples.length} 個 Voice Bank 聲音'"
"lib\screens\character_edit_page.dart","2291","'========== Voice Bank 配對失敗 =========='"
"lib\screens\character_edit_page.dart","2311","'========== Voice Bank 配對未知錯誤 =========='"
"lib\screens\character_edit_page.dart","2387","'⚡ 使用 Voice 快取：$voiceId'"
"lib\screens\character_edit_page.dart","2389","'⏳ Voice 尚未快取，開始生成：$voiceId'"
"lib\screens\character_edit_page.dart","2404","'試聽服務回傳格式錯誤'"
"lib\screens\character_edit_page.dart","2415","'試聽音訊資料為空'"
"lib\screens\character_edit_page.dart","2421","'試聽音訊解析失敗'"
"lib\screens\character_edit_page.dart","2429","'⚠️ Voice 清單已更新，略過舊音訊'"
"lib\screens\character_edit_page.dart","2467","'試聽聲音發生錯誤：$e'"
"lib\screens\character_edit_page.dart","2527","'試聽服務回傳格式錯誤'"
"lib\screens\character_edit_page.dart","2538","'試聽音訊資料為空'"
"lib\screens\character_edit_page.dart","2554","'========== testVoiceSettings 失敗 =========='"
"lib\screens\character_edit_page.dart","2569","'❌ 試聽失敗：$e'"
"lib\screens\character_edit_page.dart","2631","'✅ Voice選定正式 Voice ID：$realVoiceId'"
"lib\screens\character_edit_page.dart","2708","'========== 儲存 Voice Bank 選擇失敗 =========='"
"lib\screens\character_edit_page.dart","2724","'========== 選定 Voice Bank 聲音失敗 =========='"
"lib\screens\character_edit_page.dart","3083","'角色設定'"
"lib\screens\character_edit_page.dart","3128","'測試'"
"lib\screens\character_edit_page.dart","3495","'基本資料'"
"lib\screens\character_edit_page.dart","3611","'與主角色的設定'"
"lib\screens\character_edit_page.dart","3618","'描述這名配角與主角色之間的關係，以及他在故事中的位置。'"
"lib\screens\character_edit_page.dart","4201","'點擊圖片可預覽大圖'"
"lib\screens\character_edit_page.dart","4356","'第一張圖片將作為主要頭像'"
"lib\screens\character_edit_page.dart","4457","'其他角色照片'"
"lib\screens\character_edit_page.dart","4541","'點擊照片可預覽；鉛筆可編輯照片設定'"
"lib\screens\character_edit_page.dart","5156","'⚠ $label 已超出 ${numberFormatter.format(overflow)} 字，請修正後再發布。'"
"lib\screens\character_model.dart","150","'神祕創作者'"
"lib\screens\character_model.dart","295","""相簿圖片網址轉換失敗: $err"""
"lib\screens\character_model.dart","302","""讀取相簿資料時發生錯誤: $e"""
"lib\screens\character_model.dart","317","""大頭貼網址轉換失敗: $e"""
"lib\screens\character_model.dart","355","'未選擇'"
"lib\screens\character_model.dart","366","'神祕創作者'"
"lib\screens\character_model.dart","453","""正在讀取中..."""
"lib\screens\character_model.dart","462","""未知"""
"lib\screens\character_model.dart","466","""背景故事載入中..."""
"lib\screens\character_model.dart","467","""初始劇情同步中..."""
"lib\screens\character_model.dart","468","""正在準備開場白..."""
"lib\screens\character_model.dart","469","""正在加載背景..."""
"lib\screens\character_model.dart","470","""世界觀載入中..."""
"lib\screens\character_model.dart","471","""正在載入角色核心設定..."""
"lib\screens\character_model.dart","472","""正在加載性格..."""
"lib\screens\character_model.dart","473","""外貌描述加載中..."""
"lib\screens\character_model.dart","474","""未知"""
"lib\screens\character_model.dart","476","""正在加載語氣..."""
"lib\screens\character_model.dart","478","""尚未讀取"""
"lib\screens\character_model.dart","480","""陌生人"""
"lib\screens\character_model.dart","481","""對話範例讀取中..."""
"lib\screens\character_model.dart","484","""初識"""
"lib\screens\character_model.dart","485","""熟識"""
"lib\screens\character_model.dart","486","""曖昧"""
"lib\screens\character_npc_tab.dart","60","'＋ 新增配角'"
"lib\screens\character_npc_tab.dart","73","'已加入的配角  ${npcCharacters.length}'"
"lib\screens\character_npc_tab.dart","89","'未命名配角'"
"lib\screens\character_npc_tab.dart","152","'配角設定'"
"lib\screens\character_npc_tab.dart","162","'建立會在故事裡登場的重要人物，讓角色世界更完整。'"
"lib\screens\character_npc_tab.dart","199","'目前尚未新增配角'"
"lib\screens\character_npc_tab.dart","208","'新增後可以在這裡查看、編輯與管理配角設定。'"
"lib\screens\character_npc_tab.dart","234","'$age歲'"
"lib\screens\character_npc_tab.dart","294","'與主角色：$relationship'"
"lib\screens\character_npc_tab.dart","312","'更多'"
"lib\screens\character_npc_tab.dart","330","'編輯'"
"lib\screens\character_npc_tab.dart","337","'刪除'"
"lib\screens\character_npc_tab.dart","358","'角'"
"lib\screens\character_profile_page.dart","70","'旅人'"
"lib\screens\character_profile_page.dart","88","'神祕創作者'"
"lib\screens\character_profile_page.dart","89","'神秘創作者'"
"lib\screens\character_profile_page.dart","135","'她'"
"lib\screens\character_profile_page.dart","136","'他'"
"lib\screens\character_profile_page.dart","137","'它'"
"lib\screens\character_profile_page.dart","167","""⚠️ 找不到 ShowCaseWidget"""
"lib\screens\character_profile_page.dart","232","'⚠️ 讀取角色收藏狀態失敗：$e'"
"lib\screens\character_profile_page.dart","274","'❌ 更新角色收藏失敗：$e'"
"lib\screens\character_profile_page.dart","321","'❌ 讀取創作者追蹤狀態失敗：$e'"
"lib\screens\character_profile_page.dart","356","'⚠️ 讀取創作者名稱失敗，暫用角色資料名稱：$e'"
"lib\screens\character_profile_page.dart","360","'神秘創作者'"
"lib\screens\character_profile_page.dart","361","'神祕創作者'"
"lib\screens\character_profile_page.dart","423","'❌ 追蹤關係寫入失敗：$e'"
"lib\screens\character_profile_page.dart","464","'✅ 追蹤通知寄送成功'"
"lib\screens\character_profile_page.dart","468","'⚠️ 追蹤已成功，但通知寄送失敗：$e'"
"lib\screens\character_profile_page.dart","496","""抓取玩家暱稱失敗: $e"""
"lib\screens\character_profile_page.dart","554","""翻譯詳情失敗: $e"""
"lib\screens\character_profile_page.dart","580","""檢查按讚狀態失敗: $e"""
"lib\screens\character_profile_page.dart","595","'神祕創作者'"
"lib\screens\character_profile_page.dart","596","'神秘創作者'"
"lib\screens\character_profile_page.dart","922","'找不到角色邀請卡'"
"lib\screens\character_profile_page.dart","934","'無法產生角色邀請卡'"
"lib\screens\character_profile_page.dart","987","'❌ 角色邀請卡分享失敗：$error'"
"lib\screens\character_profile_page.dart","1115","'⚠️ 分享卡片圖片預載失敗：$error'"
"lib\screens\character_profile_page.dart","1143","""檢查好友狀態失敗: $e"""
"lib\screens\character_profile_page.dart","1185","""❌ 刪除好友失敗: $e"""
"lib\screens\character_profile_page.dart","1211","""切換好友狀態失敗: $e"""
"lib\screens\character_profile_page.dart","1267","""✅ 成功幫總裁追回舊好感度：$highest 分！"""
"lib\screens\character_profile_page.dart","1283","""紀錄足跡失敗: $e"""
"lib\screens\character_profile_page.dart","1299","""🌐 正在為翻譯時空迴音: $content"""
"lib\screens\character_profile_page.dart","1313","""🔴 迴音翻譯失敗: $e"""
"lib\screens\character_profile_page.dart","1438","""按讚切換失敗: $e"""
"lib\screens\character_profile_page.dart","1674","""檢舉失敗: $e"""
"lib\screens\character_profile_page.dart","1736","""刪除記憶失敗: $e"""
"lib\screens\character_profile_page.dart","1846","'新增碎片失敗: $e'"
"lib\screens\character_profile_page.dart","2750","'取消收藏'"
"lib\screens\character_profile_page.dart","2750","'收藏角色'"
"lib\screens\character_profile_page.dart","3863","'更新碎片失敗: $e'"
"lib\screens\character_profile_page.dart","5124","""相簿單張照片轉換失敗: $err"""
"lib\screens\character_profile_page.dart","5132","""🚨 fetchPhotos 執行失敗: $e"""
"lib\screens\chat_home_page.dart","99","'🔔 處理待跳轉通知：$payload'"
"lib\screens\chat_home_page.dart","121","'解析備忘錄通知失敗：$error'"
"lib\screens\chat_home_page.dart","164","'找不到通知角色的聊天室：$characterId'"
"lib\screens\chat_home_page.dart","223","'從通知尋找聊天室失敗：$error'"
"lib\screens\chat_home_page.dart","427","'預載聊天室頭像失敗：$imageUrl，$error'"
"lib\screens\chat_home_page.dart","460","'最多可置頂 3 個聊天室，請先取消其他置頂聊天室。'"
"lib\screens\chat_home_page.dart","471","'已置頂聊天室'"
"lib\screens\chat_home_page.dart","479","'已取消置頂'"
"lib\screens\chat_home_page.dart","485","'更新置頂狀態失敗：$e'"
"lib\screens\chat_home_page.dart","555","'取消置頂'"
"lib\screens\chat_home_page.dart","555","'置頂聊天室'"
"lib\screens\chat_home_page.dart","615","""從聊天首頁獲取角色失敗: $e"""
"lib\screens\chat_home_page.dart","797","'預載角色圖片失敗：$imageUrl，$e'"
"lib\screens\chat_home_page.dart","1215","'時間：${_formatFullTimestamp(sessionData['"
"lib\screens\chat_input_bar.dart","162","'展開功能'"
"lib\screens\chat_page.dart","70","' 或 '"
"lib\screens\chat_page.dart","236","""玩家"""
"lib\screens\chat_page.dart","239","'玩家'"
"lib\screens\chat_page.dart","484","'未填寫'"
"lib\screens\chat_page.dart","485","'未填寫'"
"lib\screens\chat_page.dart","486","'未填寫'"
"lib\screens\chat_page.dart","487","'未填寫'"
"lib\screens\chat_page.dart","488","'未填寫'"
"lib\screens\chat_page.dart","496","'玩家'"
"lib\screens\chat_page.dart","497","'未填寫'"
"lib\screens\chat_page.dart","498","'未填寫'"
"lib\screens\chat_page.dart","544","'{{玩家名字}}'"
"lib\screens\chat_page.dart","548","'(玩家名字)'"
"lib\screens\chat_page.dart","555","'{{玩家名字}}'"
"lib\screens\chat_page.dart","559","'(玩家名字)'"
"lib\screens\chat_page.dart","719","'🧭 已記住最後聊天室：character=$safeCharacterId, session=$safeSessionId'"
"lib\screens\chat_page.dart","722","'⚠️ 儲存最後聊天室失敗：$e'"
"lib\screens\chat_page.dart","753","'🧭 已離開最後聊天室，保留聊天主分頁'"
"lib\screens\chat_page.dart","756","'⚠️ 清除最後聊天室失敗：$e'"
"lib\screens\chat_page.dart","808","'🧪 測試聊天室：略過正式房間資料讀取'"
"lib\screens\chat_page.dart","946","'⚠️ 讀取生日免費狀態失敗：$e'"
"lib\screens\chat_page.dart","995","""❌ monthlySubEndDate 格式錯誤: $e"""
"lib\screens\chat_page.dart","1061","""❌ 讀取對話次數失敗: $e"""
"lib\screens\chat_page.dart","1074","'网页版目前不提供充值服务，请使用《恋恋拾光》App 购买花花或订阅。'"
"lib\screens\chat_page.dart","1075","'網頁版目前不提供儲值服務，請使用《戀戀拾光》App 購買花花或訂閱。'"
"lib\screens\chat_page.dart","1152","""🎯 偵測到合格被邀請新人！計數器已啟動，目前已聊：$_currentReferralChatCount 句"""
"lib\screens\chat_page.dart","1212","""讀取舊名片失敗: $e"""
"lib\screens\chat_page.dart","1239","'找不到角色資料 ($charId)'"
"lib\screens\chat_page.dart","1246","""❌ 讀取角色失敗: $e"""
"lib\screens\chat_page.dart","1316","""🎤 角色語音設備已就緒"""
"lib\screens\chat_page.dart","1318","""❌ 設備初始化失敗: $e"""
"lib\screens\chat_page.dart","1343","""✨ 收到強制開新房指令，直接呼叫工程隊！"""
"lib\screens\chat_page.dart","1374","""❌ 管家尋找房間時發生錯誤: $e"""
"lib\screens\chat_page.dart","1464","'🌙 七夕首次赴約生成失敗：$e'"
"lib\screens\chat_page.dart","1553","""✨ 發現新房間或幽靈房間，啟動自動建房程序！"""
"lib\screens\chat_page.dart","1582","""讀取舊聊天室失敗: $e"""
"lib\screens\chat_page.dart","1627","'{{玩家名字}}'"
"lib\screens\chat_page.dart","1631","'{{玩家名字}}'"
"lib\screens\chat_page.dart","1676","""❌ 建立新聊天室失敗: $e"""
"lib\screens\chat_page.dart","1805","'✅ 上傳 $fileType 成功'"
"lib\screens\chat_page.dart","1812","""❌ 上傳 $fileType 失敗: $e"""
"lib\screens\chat_page.dart","1898","'[圖片]'"
"lib\screens\chat_page.dart","1904","'[錄音]'"
"lib\screens\chat_page.dart","2111","'❌ _sendMessage 發生錯誤: $e'"
"lib\screens\chat_page.dart","2194","'生理期狀態：玩家尚未建立生理期紀錄。'"
"lib\screens\chat_page.dart","2203","'生理期狀態：未知。'"
"lib\screens\chat_page.dart","2226","'生理期狀態：目前正在生理期，'"
"lib\screens\chat_page.dart","2227","'本次開始日為 ${DateFormat('"
"lib\screens\chat_page.dart","2228","'今天約為第 ${currentDay < 1 ? 1 : currentDay} 天。'"
"lib\screens\chat_page.dart","2236","'生理期狀態：今天仍在已記錄的生理期範圍內。'"
"lib\screens\chat_page.dart","2237","'生理期狀態：目前沒有進行中的生理期。'"
"lib\screens\chat_page.dart","2265","'今天記錄的心情：${moods.join('"
"lib\screens\chat_page.dart","2269","'今天記錄的身體狀態：${symptoms.join('"
"lib\screens\chat_page.dart","2273","'今天補充的心情：$customMood。'"
"lib\screens\chat_page.dart","2277","'今天補充的身體狀態：$customSymptom。'"
"lib\screens\chat_page.dart","2291","'玩家今天特別留給你的話：$note。'"
"lib\screens\chat_page.dart","2295","'以上是玩家主動記錄的當日背景資訊。'"
"lib\screens\chat_page.dart","2296","'角色可以依人設自然理解、關心或調整互動，'"
"lib\screens\chat_page.dart","2297","'但不必每則回覆都主動提起生理期、心情或症狀，'"
"lib\screens\chat_page.dart","2298","'也不要使用醫療診斷、心理諮商或教科書式口吻。'"
"lib\screens\chat_page.dart","2303","'❌ 讀取今日生理期與身心紀錄失敗：$e'"
"lib\screens\chat_page.dart","2305","'玩家今日生理期與身心紀錄暫時無法讀取，'"
"lib\screens\chat_page.dart","2306","'不得自行猜測或捏造相關狀態。'"
"lib\screens\chat_page.dart","2364","'讀取歷史紀錄逾時'"
"lib\screens\chat_page.dart","2393","'⚠️ 讀取重新生成起點失敗，暫時沿用目前故事狀態：$e'"
"lib\screens\chat_page.dart","2422","'[玩家曾傳來一張圖片，圖片內容如下：$imageDescription]'"
"lib\screens\chat_page.dart","2535","'【最高防護指令】這是玩家要求重新生成的對話。'"
"lib\screens\chat_page.dart","2536","'注意：玩家的時空設定與稱呼可能已在此刻發生變更！'"
"lib\screens\chat_page.dart","2537","'你必須立刻捨棄歷史紀錄中的舊稱呼，'"
"lib\screens\chat_page.dart","2538","'現在起，與你對話的主角稱呼強制更新為'"
"lib\screens\chat_page.dart","2539","'「$_playerNickname」，絕對不能叫錯！'"
"lib\screens\chat_page.dart","2540","'請視為全新的互動自然地接續。'"
"lib\screens\chat_page.dart","2541","'以下是對方當前的專屬時空設定：\n'"
"lib\screens\chat_page.dart","2543","'你必須嚴格根據這些設定與她互動，'"
"lib\screens\chat_page.dart","2544","'並以 JSON 格式回覆，格式為：'"
"lib\screens\chat_page.dart","2545","'{""response"": ""你的對話台詞"", '"
"lib\screens\chat_page.dart","2546","'""affectionChange"": 數字}。'"
"lib\screens\chat_page.dart","2559","'{{玩家名字}}'"
"lib\screens\chat_page.dart","2563","'(玩家名字)'"
"lib\screens\chat_page.dart","2569","'{{玩家名字}}'"
"lib\screens\chat_page.dart","2573","'(玩家名字)'"
"lib\screens\chat_page.dart","2580","'{{玩家名字}}'"
"lib\screens\chat_page.dart","2584","'(玩家名字)'"
"lib\screens\chat_page.dart","2590","'{{玩家名字}}'"
"lib\screens\chat_page.dart","2594","'(玩家名字)'"
"lib\screens\chat_page.dart","2600","'{{玩家名字}}'"
"lib\screens\chat_page.dart","2604","'(玩家名字)'"
"lib\screens\chat_page.dart","2610","'{{玩家名字}}'"
"lib\screens\chat_page.dart","2614","'(玩家名字)'"
"lib\screens\chat_page.dart","2620","'{{玩家名字}}'"
"lib\screens\chat_page.dart","2624","'(玩家名字)'"
"lib\screens\chat_page.dart","2630","'{{玩家名字}}'"
"lib\screens\chat_page.dart","2634","'(玩家名字)'"
"lib\screens\chat_page.dart","2640","'{{玩家名字}}'"
"lib\screens\chat_page.dart","2644","'(玩家名字)'"
"lib\screens\chat_page.dart","2656","'{{玩家名字}}'"
"lib\screens\chat_page.dart","2660","'(玩家名字)'"
"lib\screens\chat_page.dart","2692","'🛑 重新生成已停止，忽略 HTTP 結果'"
"lib\screens\chat_page.dart","2699","'⚠️ 重新生成 HTTP 錯誤碼：${response.statusCode}'"
"lib\screens\chat_page.dart","2714","'重新生成回傳格式不正確'"
"lib\screens\chat_page.dart","2720","'🛑 後端確認重新生成已取消'"
"lib\screens\chat_page.dart","2740","'⚠️ 重新生成回傳成功，'"
"lib\screens\chat_page.dart","2741","'但 response 是空字串：$decodedBody'"
"lib\screens\chat_page.dart","2753","'訊息集合尚未完成初始化'"
"lib\screens\chat_page.dart","2797","'✅ 重新生成完成並成功寫入訊息：$aiMessageId'"
"lib\screens\chat_page.dart","2805","'🛑 重新生成已停止，忽略連線中斷：$e'"
"lib\screens\chat_page.dart","2812","'❌ 重新生成在前端發生錯誤：$e'"
"lib\screens\chat_page.dart","2909","'不再顯示此提示'"
"lib\screens\chat_page.dart","2962","'🗣️ 新人說話了！當前累計：'"
"lib\screens\chat_page.dart","2963","'$_currentReferralChatCount / 15 句'"
"lib\screens\chat_page.dart","3001","'✅ 星之邀約雙向派彩成功，雙方各獲得 50 花花'"
"lib\screens\chat_page.dart","3007","'ℹ️ 星之邀約獎勵已經發放過，不重複派彩'"
"lib\screens\chat_page.dart","3012","'❌ 星之邀約 Function 失敗：'"
"lib\screens\chat_page.dart","3023","'❌ 更新邀請進度或派彩失敗：$e'"
"lib\screens\chat_page.dart","3076","'背包掉落失敗: $e'"
"lib\screens\chat_page.dart","3164","""檢查背包彩蛋失敗: $e"""
"lib\screens\chat_page.dart","3188","'寫入系統公告失敗: $e'"
"lib\screens\chat_page.dart","3222","'寫入通話結束訊息失敗: $e'"
"lib\screens\chat_page.dart","3312","""獲取點數失敗: $e"""
"lib\screens\chat_page.dart","3811","""扣款失敗: $e"""
"lib\screens\chat_page.dart","3828","""抓取自訂背景失敗: $e"""
"lib\screens\chat_page.dart","3832","""🌟 準備傳進 CallOverlay 的背景圖片是: $finalBg"""
"lib\screens\chat_page.dart","3907","""保存回憶失敗: $e"""
"lib\screens\chat_page.dart","3925","'{{玩家名字}}'"
"lib\screens\chat_page.dart","3926","'(玩家名字)'"
"lib\screens\chat_page.dart","3952","'❌ 寫入創作者劇場開場失敗：$e'"
"lib\screens\chat_page.dart","3978","'請依照目前啟用的劇場設定，以角色身分自然開始這段故事。'"
"lib\screens\chat_page.dart","3979","'不要解釋劇場設定，也不要替玩家決定行動、台詞或感受，直接從角色可以感知與做出的反應開始。'"
"lib\screens\chat_page.dart","3985","'❌ 自行創建劇場開場生成失敗：$e'"
"lib\screens\chat_page.dart","4038","'⚠️ 即時確認生日免費狀態失敗：$e'"
"lib\screens\chat_page.dart","4154","'❌ 錯誤：等了 0.5 秒 '"
"lib\screens\chat_page.dart","4155","'_messagesCollection 還是 Null，'"
"lib\screens\chat_page.dart","4156","'無法寫入正式聊天室訊息！'"
"lib\screens\chat_page.dart","4180","'[圖片]'"
"lib\screens\chat_page.dart","4196","""❌ 網頁版錄音上傳失敗: $e"""
"lib\screens\chat_page.dart","4202","'[錄音]'"
"lib\screens\chat_page.dart","4325","'[玩家曾傳來一張圖片，圖片內容如下：$imageDescription]'"
"lib\screens\chat_page.dart","4448","""【最高防護指令】與你對話的對象叫做「$_playerNickname」！玩家已觸發特殊劇情，請配合 overrideSystemPrompt 的指示順暢地演出。以下是對方當前的時空設定：\n$dynamicProfile\n\n【玩家性別與稱呼規範】\n玩家性別設定：$playerGenderForAi\n$playerPronounGuide\n\n在實際回覆台詞中，禁止稱呼對方為「玩家」。你可以稱呼對方為「$_playerNickname」或使用符合性別設定的親暱稱呼。\n\n你必須嚴格以 JSON 格式回覆，格式為：{\"""
"lib\screens\chat_page.dart","4448","""你的對話台詞\"""
"lib\screens\chat_page.dart","4448",""": 數字}。affectionChange 代表這句話增加或減少的好感度(整數)。絕對不可以輸出任何其他格式或說明。"""
"lib\screens\chat_page.dart","4449","""【最高防護指令】請你「維持當前的聊天情境與場景」。記住，與你對話的對象稱呼是「$_playerNickname」，絕對不能叫錯！以下是對方當前的專屬時空設定：\n$dynamicProfile\n\n【玩家性別與稱呼規範】\n玩家性別設定：$playerGenderForAi\n$playerPronounGuide\n\n在實際回覆台詞中，禁止稱呼對方為「玩家」。你可以稱呼對方為「$_playerNickname」或使用符合性別設定的親暱稱呼。\n\n你必須嚴格根據這些設定與對方互動，並以 JSON 格式回覆，格式為：{\"""
"lib\screens\chat_page.dart","4449","""你的對話台詞\"""
"lib\screens\chat_page.dart","4449",""": 數字}。affectionChange 代表這句話增加或減少的好感度(整數)。絕對不可以輸出任何其他格式或說明。"""
"lib\screens\chat_page.dart","4462","'{{玩家名字}}'"
"lib\screens\chat_page.dart","4466","'(玩家名字)'"
"lib\screens\chat_page.dart","4472","'{{玩家名字}}'"
"lib\screens\chat_page.dart","4476","'(玩家名字)'"
"lib\screens\chat_page.dart","4483","'{{玩家名字}}'"
"lib\screens\chat_page.dart","4487","'(玩家名字)'"
"lib\screens\chat_page.dart","4493","'{{玩家名字}}'"
"lib\screens\chat_page.dart","4497","'(玩家名字)'"
"lib\screens\chat_page.dart","4504","'{{玩家名字}}'"
"lib\screens\chat_page.dart","4508","'(玩家名字)'"
"lib\screens\chat_page.dart","4514","'{{玩家名字}}'"
"lib\screens\chat_page.dart","4518","'(玩家名字)'"
"lib\screens\chat_page.dart","4524","'{{玩家名字}}'"
"lib\screens\chat_page.dart","4528","'(玩家名字)'"
"lib\screens\chat_page.dart","4534","'{{玩家名字}}'"
"lib\screens\chat_page.dart","4538","'(玩家名字)'"
"lib\screens\chat_page.dart","4544","'{{玩家名字}}'"
"lib\screens\chat_page.dart","4548","'(玩家名字)'"
"lib\screens\chat_page.dart","4561","'{{玩家名字}}'"
"lib\screens\chat_page.dart","4565","'(玩家名字)'"
"lib\screens\chat_page.dart","4592","'他思考太久了'"
"lib\screens\chat_page.dart","4600","'🛑 訊息生成已停止，忽略連線中斷：$e'"
"lib\screens\chat_page.dart","4619","'🛑 訊息生成已停止，忽略 HTTP 結果'"
"lib\screens\chat_page.dart","4628","'🛑 後端確認訊息生成已取消'"
"lib\screens\chat_page.dart","4632","'🌙 七夕首次赴約訊息已經生成，略過重複請求'"
"lib\screens\chat_page.dart","4722","'更新正式好感度失敗：$e'"
"lib\screens\chat_page.dart","4745","'更新私人角色聊天時間失敗：$e'"
"lib\screens\chat_page.dart","4879","'❌ 發送訊息時發生嚴重錯誤: $e'"
"lib\screens\chat_page.dart","4880","'📍 錯誤堆疊: $stack'"
"lib\screens\chat_page.dart","4908","'男'"
"lib\screens\chat_page.dart","4908","'男性'"
"lib\screens\chat_page.dart","4908","'男生'"
"lib\screens\chat_page.dart","4909","'男性'"
"lib\screens\chat_page.dart","4912","'女'"
"lib\screens\chat_page.dart","4912","'女性'"
"lib\screens\chat_page.dart","4912","'女生'"
"lib\screens\chat_page.dart","4913","'女性'"
"lib\screens\chat_page.dart","4916","'其他'"
"lib\screens\chat_page.dart","4917","'其他'"
"lib\screens\chat_page.dart","4920","'未設定'"
"lib\screens\chat_page.dart","4925","'男性'"
"lib\screens\chat_page.dart","4926","'玩家設定為男性。請把對方視為男性，可以使用「你」「他」「男生」「先生」「男友」等稱呼。禁止稱對方為「妳」「她」「女生」「小姐」「女主角」「女友」，除非對方自己明確要求。不得反駁對方的男性身份。'"
"lib\screens\chat_page.dart","4928","'女性'"
"lib\screens\chat_page.dart","4929","'玩家設定為女性。請把對方視為女性，可以使用「妳」「她」「女生」「小姐」「女友」等稱呼。'"
"lib\screens\chat_page.dart","4931","'其他'"
"lib\screens\chat_page.dart","4932","'玩家性別設定為其他。請使用中性稱呼，例如「你」「對方」或玩家名字。不要擅自判定對方是男生或女生。'"
"lib\screens\chat_page.dart","4935","'玩家尚未設定性別。請使用中性稱呼，例如「你」「對方」或玩家名字。不要擅自判定對方是男生或女生。'"
"lib\screens\chat_page.dart","4967","'🧠 記憶捕捉任務結束, 狀態碼: ${response.statusCode}'"
"lib\screens\chat_page.dart","4969","'⚠️ 記憶捕捉背景失敗，不影響聊天: $e'"
"lib\screens\chat_page.dart","4972","'⚠️ 記憶捕捉啟動失敗，不影響聊天: $e'"
"lib\screens\chat_page.dart","5053","""心動日記進度更新成功: $progressField 從 $currentVal 變 ${currentVal + 1}"""
"lib\screens\chat_page.dart","5055","""心動日記任務已達標 ($currentVal/$goal)，不再增加次數"""
"lib\screens\chat_page.dart","5061","""更新心動日記進度失敗: $e"""
"lib\screens\chat_page.dart","5108","'在聊天室監聽花花點數失敗: $error'"
"lib\screens\chat_page.dart","5171","'🛑 AI 取消通知結果：'"
"lib\screens\chat_page.dart","5178","'⚠️ AI 取消通知失敗：$e'"
"lib\screens\chat_page.dart","5310","'基礎檔案'"
"lib\screens\chat_page.dart","5313","'尚未填寫'"
"lib\screens\chat_page.dart","5314","'尚未填寫'"
"lib\screens\chat_page.dart","5315","'尚未填寫'"
"lib\screens\chat_page.dart","5316","'這份拾光檔案還在等待主人動筆...'"
"lib\screens\chat_page.dart","5329","'基礎檔案'"
"lib\screens\chat_page.dart","5337","'未填寫'"
"lib\screens\chat_page.dart","5347","'尚未填寫'"
"lib\screens\chat_page.dart","5348","'尚未填寫'"
"lib\screens\chat_page.dart","5349","'尚未填寫'"
"lib\screens\chat_page.dart","5350","'這份拾光檔案還在等待主人動筆...'"
"lib\screens\chat_page.dart","5378","'⚠️ 劇情摘要未發送：尚未取得聊天室 ID'"
"lib\screens\chat_page.dart","5440","'⚠️ 劇情摘要未發送：無法取得登入憑證'"
"lib\screens\chat_page.dart","5470","'📖 劇情摘要任務完成：'"
"lib\screens\chat_page.dart","5475","'⚠️ 劇情摘要任務失敗：'"
"lib\screens\chat_page.dart","5482","'⚠️ 劇情摘要連線失敗：$error'"
"lib\screens\chat_page.dart","5487","'⚠️ 劇情摘要發送失敗：$e'"
"lib\screens\chat_page.dart","5879","'{{玩家名字}}'"
"lib\screens\chat_page.dart","5880","'名字:'"
"lib\screens\chat_page.dart","5881","'名字:'"
"lib\screens\chat_page.dart","5886","'{{玩家名字}}'"
"lib\screens\chat_page.dart","5887","'名字:'"
"lib\screens\chat_page.dart","5888","'名字:'"
"lib\screens\chat_page.dart","6042","""發送戳戳失敗: $e"""
"lib\screens\chat_page.dart","6051","'⚠️ 音訊 path 是空的'"
"lib\screens\chat_page.dart","6066","'❌ 找不到本機音訊檔: $localPath'"
"lib\screens\chat_page.dart","6078","'🎧 本機音訊大小: $fileSize bytes'"
"lib\screens\chat_page.dart","6094","'✅ 播放本機音訊'"
"lib\screens\chat_page.dart","6113","'🎧 最終播放網址: $playableUrl'"
"lib\screens\chat_page.dart","6119","'✅ 播放雲端音訊'"
"lib\screens\chat_page.dart","6121","'❌ 播放音訊失敗: $e'"
"lib\screens\chat_page.dart","6151","'🖼️ 玩家取消選圖'"
"lib\screens\chat_page.dart","6161","'🖼️ 已暫存聊天圖片，等待玩家輸入文字後送出'"
"lib\screens\chat_page.dart","6163","'❌ 選擇聊天室圖片失敗: $e'"
"lib\screens\chat_page.dart","6517","'麥克風權限被拒絕'"
"lib\screens\chat_page.dart","6558","'🎙️ 開始錄音：$recordingPath'"
"lib\screens\chat_page.dart","6560","'❌ 開始錄音失敗: $e'"
"lib\screens\chat_page.dart","6584","'✅ 錄音結束，檔案位置: $path'"
"lib\screens\chat_page.dart","6599","'❌ 停止錄音失敗: $e'"
"lib\screens\chat_page.dart","6615","'⚠️ 沒有錄音檔可以播放'"
"lib\screens\chat_page.dart","6621","'🎵 準備播放錄音: $path'"
"lib\screens\chat_page.dart","6648","'❌ 錄音檔不存在: $path'"
"lib\screens\chat_page.dart","6659","'🎵 錄音檔大小: $fileSize bytes'"
"lib\screens\chat_page.dart","6685","'✅ 錄音開始播放'"
"lib\screens\chat_page.dart","6687","'❌ 播放錄音失敗: $e'"
"lib\screens\chat_page.dart","6851","'🗑️ 已刪除錄音預覽，不會送出'"
"lib\screens\chat_page.dart","6894","'📤 準備送出語音 path=$path'"
"lib\screens\chat_page.dart","6899","'[語音訊息]'"
"lib\screens\chat_page.dart","7177","'劇場'"
"lib\screens\chat_page.dart","7231","'—— 劇場・$sceneTitle ——'"
"lib\screens\chat_page.dart","7498","'⚠️ 讀取重新生成次數失敗: $e'"
"lib\screens\chat_page.dart","7565","'⚠️ 扣除重新生成次數失敗: $e'"
"lib\screens\chat_page.dart","7599","'⚠️ 更新聊天室模式失敗：$e'"
"lib\screens\chat_page.dart","7613","'1 點'"
"lib\screens\chat_page.dart","7622","'5 點'"
"lib\screens\chat_page.dart","7631","'7 點'"
"lib\screens\chat_page.dart","7771","'取消'"
"lib\screens\chat_page.dart","7799","""戳戳失敗: $e"""
"lib\screens\chat_page.dart","8023","""❌ 雲端更新失敗: $e"""
"lib\screens\chat_page.dart","8028","""普通的"""
"lib\screens\chat_page.dart","8029","""超級喜歡的"""
"lib\screens\chat_page.dart","8030","""有點討厭或無感的"""
"lib\screens\chat_page.dart","8040","""【系統事件】$playerName送出了一個【${gift['name']}】。(系統隱藏提示：這是你『$preferenceTag』的禮物，好感度 $affectionChange。請根據角色性格與當前場景，給出最真實的反應。)"""
"lib\screens\chat_page.dart","8351","""$playerName贏了！"""
"lib\screens\chat_page.dart","8354","""對方贏了！系統秘密指令：請根據你的傲嬌性格，表現出願賭服輸的無奈，或者是雖然輸了但嘴硬傲嬌耍賴的反應。請將這個反應融入對話中，並自然的開啟新話題。"""
"lib\screens\chat_page.dart","8356","""${aiName}贏了！"""
"lib\screens\chat_page.dart","8358","""對方贏了！系統秘密指令：表現出獲勝後的得意洋洋，或是帶點寵溺的語氣取笑玩家的運氣壞，並自然的開啟新話題。"""
"lib\screens\chat_page.dart","8360","""平手！"""
"lib\screens\chat_page.dart","8361","""平手了。系統秘密指令：表現出驚訝或是有趣的反應，或是提議再擲一次，並自然的開啟新話題。"""
"lib\screens\chat_page.dart","8364","""【系統事件】骰子對決！"""
"lib\screens\chat_page.dart","8365","""\n🎲 （$playerName擲出了 $playerRoll 點，$aiName擲出了 $aiRoll 點。結果：$resultText）"""
"lib\screens\chat_page.dart","8366","""\n[系統秘密指令：$aiActionPrompt]"""
"lib\screens\chat_page.dart","8665","'(玩家名字)'"
"lib\screens\chat_page.dart","8666","'{{玩家名字}}'"
"lib\screens\chat_page.dart","8667","'【玩家名字】'"
"lib\screens\chat_page.dart","8981","'截圖前預載角色頭像失敗：$e'"
"lib\screens\chat_page.dart","9064","'重新產生截圖失敗：$e'"
"lib\screens\chat_page.dart","9136","""❌ 截圖失敗: $e"""
"lib\screens\chat_page.dart","9157","'保存對話紀錄'"
"lib\screens\chat_page.dart","9165","'回覆模型'"
"lib\screens\chat_page.dart","9395","'將重新產生角色上一則回覆。'"
"lib\screens\chat_page.dart","9408","'不再顯示此提示'"
"lib\screens\chat_page.dart","9490","'⚠️ 重新生成成功，但扣除重新生成次數失敗'"
"lib\screens\chat_page.dart","9494","'❌ 重新生成按鈕流程失敗：$e'"
"lib\screens\chat_page.dart","9656","""✨ 偵測到新的 AI 回覆，解除鎖定狀態！"""
"lib\screens\chat_page.dart","10070","'(玩家名字)'"
"lib\screens\chat_page.dart","10071","'{{玩家名字}}'"
"lib\screens\chat_page.dart","10072","'玩家名字'"
"lib\screens\chat_page.dart","10436","'❌ 玩家未登入，找不到 ID，無法刪除！'"
"lib\screens\chat_page.dart","10452","'✅ 成功從 Firebase 徹底抹除這兩回合的對話！'"
"lib\screens\chat_page.dart","10454","'❌ 刪除 Firebase 訊息失敗: $e'"
"lib\screens\chat_search_page.dart","549","'(?:地點|地点)\s*[：:]\s*([^\n\r]+)'"
"lib\screens\chat_search_page.dart","561","'(?:時間|时间)\s*[：:]\s*[^\n\r]+'"
"lib\screens\chat_side_menu.dart","183","'聊天'"
"lib\screens\chat_side_menu.dart","285","'關係'"
"lib\screens\chat_side_menu.dart","312","'記憶管理'"
"lib\screens\chat_transcript_book_page.dart","159","'玩家'"
"lib\screens\chat_transcript_book_page.dart","752","'對話紀錄'"
"lib\screens\chat_transcript_book_page.dart","762","'匯出 PDF'"
"lib\screens\chat_transcript_book_page.dart","957","'— 戀戀拾光'"
"lib\screens\chat_transcript_book_page.dart","1055","'更換封面'"
"lib\screens\chat_transcript_book_page.dart","1096","'與你的拾光 · 對話紀念書'"
"lib\screens\chat_transcript_book_page.dart","1105","'— 戀戀拾光'"
"lib\screens\chat_transcript_book_page.dart","1145","'選擇紀念書封面'"
"lib\screens\chat_transcript_book_page.dart","1250","'初始故事'"
"lib\screens\chat_transcript_book_page.dart","1298","'${widget.characterName} · 對話紀錄'"
"lib\screens\chat_transcript_book_page.dart","1347","'玩家'"
"lib\screens\chat_transcript_book_page.dart","1348","'$baseName · 續'"
"lib\screens\chat_transcript_book_page.dart","1504","'上一頁'"
"lib\screens\chat_transcript_book_page.dart","1547","'下一頁'"
"lib\screens\chat_transcript_book_page.dart","1597","'[語音訊息]'"
"lib\screens\chat_transcript_book_page.dart","1603","'〔照片〕'"
"lib\screens\chat_transcript_book_page.dart","1605","'〔語音訊息〕'"
"lib\screens\chat_transcript_book_page.dart","1607","'〔訊息〕'"
"lib\screens\chat_transcript_book_page.dart","1635","'${widget.characterName} · 對話紀錄'"
"lib\screens\chat_transcript_book_page.dart","1643","'匯出 PDF 失敗：$e'"
"lib\screens\chat_transcript_book_page.dart","1795","'— 戀戀拾光'"
"lib\screens\chat_transcript_book_page.dart","1852","'PDF 不支援此頭像來源'"
"lib\screens\chat_transcript_book_page.dart","1913","'與你的拾光 · 對話紀念書'"
"lib\screens\chat_transcript_book_page.dart","1924","'— 戀戀拾光'"
"lib\screens\chat_transcript_book_page.dart","1965","'初始故事'"
"lib\screens\chat_transcript_book_page.dart","2013","'${widget.characterName} · 對話紀錄'"
"lib\screens\chat_transcript_book_page.dart","2035","'玩家'"
"lib\screens\comment_bottom_sheet.dart","137","""讀取留言身分失敗: $e"""
"lib\screens\comment_bottom_sheet.dart","164","""讀取角色失敗: $e"""
"lib\screens\comment_bottom_sheet.dart","258","""✅ 留言與通知發送成功！"""
"lib\screens\create_moment_page.dart","144","""發布動態失敗: $e"""
"lib\screens\create_moment_page.dart","191","'⚠️ 解析公開角色 ${doc.id} 失敗：$e'"
"lib\screens\create_moment_page.dart","213","'⚠️ 解析私人角色 ${doc.id} 失敗：$e'"
"lib\screens\create_moment_page.dart","225","'🏷️ 可標記角色數量：${characters.length}'"
"lib\screens\create_moment_page.dart","230","'❌ 讀取可標記角色失敗：$e'"
"lib\screens\create_moment_page.dart","248","'目前沒有可以標記的角色。'"
"lib\screens\create_moment_page.dart","287","'標記我的角色'"
"lib\screens\create_moment_page.dart","338","'公開角色'"
"lib\screens\create_moment_page.dart","339","'私人角色'"
"lib\screens\create_moment_page.dart","477","'⚠️ 公開角色 ${doc.id} 解析失敗：$e'"
"lib\screens\create_moment_page.dart","505","'⚠️ 私人角色 ${doc.id} 解析失敗：$e'"
"lib\screens\create_moment_page.dart","553","'⚠️ 好友角色 $characterId 讀取失敗：$e'"
"lib\screens\create_moment_page.dart","586","'🏷️ @候選角色共 ${characters.length} 位'"
"lib\screens\create_moment_page.dart","589","'❌ 讀取 @角色失敗：$e'"
"lib\screens\create_moment_page.dart","794","'找不到符合的角色'"
"lib\screens\create_moment_page.dart","840","'我的角色'"
"lib\screens\create_moment_page.dart","841","'好友角色'"
"lib\screens\create_moment_page.dart","1306","'動態將顯示在拾光牆上'"
"lib\screens\create_moment_page.dart","1307","'只有專屬範圍內可見'"
"lib\screens\create_moment_page.dart","1374","'添加圖片'"
"lib\screens\create_moment_page.dart","1412","'提及角色'"
"lib\screens\creator_profile_page.dart","247","'更多'"
"lib\screens\creator_profile_page.dart","286","'檢舉創作者'"
"lib\screens\creator_profile_page.dart","305","'封鎖創作者'"
"lib\screens\creator_profile_page.dart","431","'請先登入後再檢舉創作者'"
"lib\screens\creator_profile_page.dart","440","'無法檢舉自己的創作者頁面'"
"lib\screens\creator_profile_page.dart","471","'檢舉創作者'"
"lib\screens\creator_profile_page.dart","482","'請選擇檢舉「$creatorName」的原因：'"
"lib\screens\creator_profile_page.dart","489","'不當或違規內容'"
"lib\screens\creator_profile_page.dart","490","'騷擾、攻擊或仇恨內容'"
"lib\screens\creator_profile_page.dart","491","'冒充他人或偽造身分'"
"lib\screens\creator_profile_page.dart","492","'垃圾內容或惡意宣傳'"
"lib\screens\creator_profile_page.dart","493","'其他'"
"lib\screens\creator_profile_page.dart","500","'取消'"
"lib\screens\creator_profile_page.dart","533","'已收到檢舉，感謝你的回報'"
"lib\screens\creator_profile_page.dart","537","'❌ 檢舉創作者失敗：$e'"
"lib\screens\creator_profile_page.dart","543","'檢舉送出失敗，請稍後再試'"
"lib\screens\creator_profile_page.dart","560","'請先登入後再封鎖創作者'"
"lib\screens\creator_profile_page.dart","569","'無法封鎖自己'"
"lib\screens\creator_profile_page.dart","591","'封鎖創作者'"
"lib\screens\creator_profile_page.dart","600","'確定要封鎖「$creatorName」嗎？\n\n'"
"lib\screens\creator_profile_page.dart","601","'封鎖後，你將不會再看到這位創作者的公開頁面，'"
"lib\screens\creator_profile_page.dart","602","'目前由他建立的公開角色也會一併加入封鎖名單。'"
"lib\screens\creator_profile_page.dart","612","'取消'"
"lib\screens\creator_profile_page.dart","622","'確認封鎖'"
"lib\screens\creator_profile_page.dart","702","'已封鎖「$creatorName」'"
"lib\screens\creator_profile_page.dart","708","'❌ 封鎖創作者失敗：$e'"
"lib\screens\creator_profile_page.dart","714","'封鎖失敗，請稍後再試'"
"lib\screens\creator_profile_page.dart","983","'❌ 公開工作坊動態讀取失敗：'"
"lib\screens\creator_profile_page.dart","1357","'❌ 刪除工作坊動態失敗：$e'"
"lib\screens\creator_profile_page.dart","1775","'❌ 切換創作者追蹤狀態失敗：$e'"
"lib\screens\creator_scene_edit_page.dart","63","'請先填寫劇場標題。'"
"lib\screens\creator_scene_edit_page.dart","68","'請先填寫場景說明。'"
"lib\screens\creator_scene_edit_page.dart","73","'請先填寫角色開場。'"
"lib\screens\creator_scene_edit_page.dart","108","'儲存失敗，請稍後再試。'"
"lib\screens\creator_scene_edit_page.dart","216","'編輯劇場'"
"lib\screens\creator_scene_edit_page.dart","216","'新增劇場'"
"lib\screens\creator_scene_edit_page.dart","236","'調整這段故事的入口'"
"lib\screens\creator_scene_edit_page.dart","236","'寫下一個新的故事入口'"
"lib\screens\creator_scene_edit_page.dart","245","'劇場標題'"
"lib\screens\creator_scene_edit_page.dart","246","'例如：雨夜重逢'"
"lib\screens\creator_scene_edit_page.dart","253","'場景說明'"
"lib\screens\creator_scene_edit_page.dart","254","'描述故事發生的時間、地點、關係與情境。'"
"lib\screens\creator_scene_edit_page.dart","263","'角色開場'"
"lib\screens\creator_scene_edit_page.dart","264","'寫下角色進入這段劇情時的第一個反應或第一句話。'"
"lib\screens\creator_scene_edit_page.dart","279","'角色開場會作為這段劇場的第一幕；後續對話仍會以角色原本人設為核心繼續。'"
"lib\screens\creator_scene_edit_page.dart","310","'儲存修改'"
"lib\screens\creator_scene_edit_page.dart","310","'儲存劇場'"
"lib\screens\creator_scene_page.dart","80","'刪除劇場？'"
"lib\screens\creator_scene_page.dart","84","'確定要刪除「${title.isEmpty ? '"
"lib\screens\creator_scene_page.dart","84","' : title}」嗎？刪除後無法復原。'"
"lib\screens\creator_scene_page.dart","90","'取消'"
"lib\screens\creator_scene_page.dart","95","'刪除'"
"lib\screens\creator_scene_page.dart","116","'刪除失敗，請稍後再試。'"
"lib\screens\creator_scene_page.dart","133","'還沒有創作者劇場'"
"lib\screens\creator_scene_page.dart","142","'替 ${widget.characterName} 寫下不同世界線，\n讓玩家可以從另一段故事開始。'"
"lib\screens\creator_scene_page.dart","165","'新增劇場'"
"lib\screens\creator_scene_page.dart","206","'未命名劇場'"
"lib\screens\creator_scene_page.dart","236","'角色開場：$opening'"
"lib\screens\creator_scene_page.dart","254","'編輯'"
"lib\screens\creator_scene_page.dart","264","'刪除'"
"lib\screens\creator_scene_page.dart","290","'創作者劇場'"
"lib\screens\creator_scene_page.dart","296","'目前無法讀取角色資料。'"
"lib\screens\creator_scene_page.dart","315","'劇場讀取失敗，請稍後再試。'"
"lib\screens\creator_scene_page.dart","339","'為角色建立不同故事入口'"
"lib\screens\creator_scene_page.dart","359","'新增劇場'"
"lib\screens\creator_studio_page.dart","58","""♻️ 草稿文件已移除，雲端圖片已安全留存。"""
"lib\screens\creator_studio_page.dart","64","'刪除失敗: $e'"
"lib\screens\creator_studio_page.dart","222","'收藏靈感，整理角色，慢慢完成你的作品'"
"lib\screens\creator_studio_page.dart","252","'工作室讀取失敗：${snapshot.error}'"
"lib\screens\creator_studio_page.dart","300","'新增角色'"
"lib\screens\creator_studio_page.dart","330","'公開角色'"
"lib\screens\creator_studio_page.dart","331","'已上架，可被其他玩家認識'"
"lib\screens\creator_studio_page.dart","334","'目前沒有公開角色'"
"lib\screens\creator_studio_page.dart","344","'私人角色'"
"lib\screens\creator_studio_page.dart","345","'只有你自己看得到'"
"lib\screens\creator_studio_page.dart","348","'目前沒有私人角色'"
"lib\screens\creator_studio_page.dart","358","'草稿'"
"lib\screens\creator_studio_page.dart","359","'尚未完成的創作'"
"lib\screens\creator_studio_page.dart","362","'目前沒有尚未完成的草稿'"
"lib\screens\creator_studio_page.dart","480","'這裡還沒有草稿'"
"lib\screens\creator_studio_page.dart","490","'靈感來了，就先記在這裡吧'"
"lib\screens\creator_studio_page.dart","536","'已公開'"
"lib\screens\creator_studio_page.dart","541","'私人'"
"lib\screens\creator_studio_page.dart","547","'草稿'"
"lib\screens\creator_studio_page.dart","596","'❌ 工作室角色開啟失敗：$e'"
"lib\screens\creator_studio_page.dart","603","'角色資料讀取失敗'"
"lib\screens\creator_studio_page.dart","698","'刪除草稿'"
"lib\screens\creator_studio_page.dart","782","'未命名創作者'"
"lib\screens\creator_studio_page.dart","806","'尚未填寫自我介紹'"
"lib\screens\custom_scene_edit_page.dart","73","'請先填寫劇場標題。'"
"lib\screens\custom_scene_edit_page.dart","77","'請先填寫場景說明。'"
"lib\screens\custom_scene_edit_page.dart","107","'儲存失敗，請稍後再試。'"
"lib\screens\custom_scene_edit_page.dart","159","'編輯劇場'"
"lib\screens\custom_scene_edit_page.dart","159","'新增劇場'"
"lib\screens\custom_scene_edit_page.dart","182","'調整這段只屬於你的故事'"
"lib\screens\custom_scene_edit_page.dart","183","'寫下一個只屬於這間聊天室的故事'"
"lib\screens\custom_scene_edit_page.dart","191","'劇場標題'"
"lib\screens\custom_scene_edit_page.dart","207","'例如：雨夜重逢'"
"lib\screens\custom_scene_edit_page.dart","212","'場景說明'"
"lib\screens\custom_scene_edit_page.dart","230","'描述故事發生的時間、地點、關係與你想開始的情境。'"
"lib\screens\custom_scene_edit_page.dart","242","'自行創建的劇場沒有預設角色開場。開始後，角色會依照場景說明與原本人設進入故事。'"
"lib\screens\custom_scene_edit_page.dart","273","'儲存修改'"
"lib\screens\custom_scene_edit_page.dart","273","'儲存劇場'"
"lib\screens\edit_moment_page.dart","159","""🗑️ 舊圖片已成功銷毀：$url"""
"lib\screens\edit_moment_page.dart","162","""⚠️ 刪除舊圖片失敗 (可能本來就不存在): $e"""
"lib\screens\edit_moment_page.dart","193","'分享你的心情...'"
"lib\screens\edit_profile_page.dart","48","'未選擇'"
"lib\screens\edit_profile_page.dart","56","'未選擇'"
"lib\screens\edit_profile_page.dart","116","'我的連結 ${parsed.length + 1}'"
"lib\screens\edit_profile_page.dart","125","'我的連結 ${i + 1}'"
"lib\screens\edit_profile_page.dart","170","'我的連結 $index'"
"lib\screens\edit_profile_page.dart","186","'我的連結 1'"
"lib\screens\edit_profile_page.dart","198","'^我的連結\s*\d+$'"
"lib\screens\edit_profile_page.dart","201","'我的連結 ${i + 1}'"
"lib\screens\edit_profile_page.dart","212","'完成'"
"lib\screens\edit_profile_page.dart","214","'完了'"
"lib\screens\edit_profile_page.dart","227","'社群與連結'"
"lib\screens\edit_profile_page.dart","242","'新增連結'"
"lib\screens\edit_profile_page.dart","244","'リンクを追加'"
"lib\screens\edit_profile_page.dart","257","'連結名稱'"
"lib\screens\edit_profile_page.dart","259","'リンク名'"
"lib\screens\edit_profile_page.dart","272","'輸入連結'"
"lib\screens\edit_profile_page.dart","274","'URLを入力'"
"lib\screens\edit_profile_page.dart","327","""日期解析錯誤"""
"lib\screens\edit_profile_page.dart","349","""讀取雲端資料失敗: $e"""
"lib\screens\edit_profile_page.dart","378","'未選擇'"
"lib\screens\edit_profile_page.dart","756","'☁️ 新頭像上傳成功：$finalAvatarPath'"
"lib\screens\edit_profile_page.dart","800","'🔥 準備儲存個人檔案'"
"lib\screens\edit_profile_page.dart","806","'🔥 users 文件存在 = ${beforeSave.exists}'"
"lib\screens\edit_profile_page.dart","807","'🔥 原始資料 = ${beforeSave.data()}'"
"lib\screens\edit_profile_page.dart","814","'✅ 個人檔案 Firestore 儲存成功'"
"lib\screens\edit_profile_page.dart","888","'♻️ 舊頭像已清除：$oldAvatarUrl'"
"lib\screens\edit_profile_page.dart","893","'⚠️ 舊頭像清理失敗：$e'"
"lib\screens\edit_profile_page.dart","957","'♻️ 已清理未完成儲存的新頭像'"
"lib\screens\edit_profile_page.dart","961","'⚠️ 未完成頭像清理失敗：$cleanupError'"
"lib\screens\edit_profile_page.dart","967","'❌ 個人資料儲存失敗：$e'"
"lib\screens\edit_profile_page.dart","1209","""❌ 選擇相簿頭像失敗: $e"""
"lib\screens\edit_profile_page.dart","1239","""找不到圖片檔案：$filePath"""
"lib\screens\edit_profile_page.dart","1276","""玩家取消裁切"""
"lib\screens\edit_profile_page.dart","1290","""❌ 裁切頭像失敗: $e"""
"lib\screens\edit_profile_page.dart","1739","'男'"
"lib\screens\edit_profile_page.dart","1753","'女'"
"lib\screens\edit_profile_page.dart","1767","'未選擇'"
"lib\screens\edit_shared_memory_page.dart","115","'修改回憶失敗: $e'"
"lib\screens\email_login_page.dart","106","'條款網址格式不正確'"
"lib\screens\email_login_page.dart","126","'❌ 開啟$title失敗：$e'"
"lib\screens\email_login_page.dart","131","'無法開啟$title，請確認網路後再試。'"
"lib\screens\email_login_page.dart","174","'請先開啟並閱讀完整$title。'"
"lib\screens\email_login_page.dart","175","'閱讀後回到《戀戀拾光》，即可按下'"
"lib\screens\email_login_page.dart","176","'「我已閱讀並同意」。'"
"lib\screens\email_login_page.dart","202","'正在開啟……'"
"lib\screens\email_login_page.dart","203","'閱讀完整$title'"
"lib\screens\email_login_page.dart","238","'已開啟$title，可以確認同意。'"
"lib\screens\email_login_page.dart","239","'尚未開啟$title。'"
"lib\screens\email_login_page.dart","262","'取消登入'"
"lib\screens\email_login_page.dart","281","'我已閱讀並同意'"
"lib\screens\email_login_page.dart","355","'隱私權政策'"
"lib\screens\email_login_page.dart","388","'✅ Email 帳號已記錄條款同意版本：'"
"lib\screens\email_login_page.dart","395","'❌ 檢查 Email 條款狀態失敗：$e'"
"lib\screens\email_login_page.dart","401","'目前無法確認條款狀態，請稍後再試。'"
"lib\screens\email_login_page.dart","565","'請輸入有效的電子郵件地址。'"
"lib\screens\email_login_page.dart","635","'嘗試次數過多，請稍後再試。'"
"lib\screens\email_login_page.dart","639","'網路連線異常，請確認網路後再試。'"
"lib\screens\email_login_page.dart","651","'❌ Email 登入／註冊發生錯誤：$e'"
"lib\screens\email_login_page.dart","658","'連線異常，請稍後再試。'"
"lib\screens\email_login_page.dart","928","'首次登入或條款更新時，'"
"lib\screens\email_login_page.dart","929","'系統將請您閱讀並同意服務條款及隱私權政策。'"
"lib\screens\email_login_page.dart","1054","'重新整理'"
"lib\screens\email_login_page.dart","1093","'頁面載入失敗'"
"lib\screens\email_login_page.dart","1101","'請確認網路連線後再試一次。'"
"lib\screens\email_login_page.dart","1121","'重新載入'"
"lib\screens\feedback_page.dart","130","'圖片大小不能超過 10 MB'"
"lib\screens\feedback_page.dart","144","'選擇回報圖片失敗：$error'"
"lib\screens\feedback_page.dart","154","'無法選擇圖片，請稍後再試'"
"lib\screens\feedback_page.dart","270","'一般問題'"
"lib\screens\feedback_page.dart","273","'Bug 回報'"
"lib\screens\feedback_page.dart","276","'功能建議'"
"lib\screens\feedback_page.dart","279","'花花點數問題'"
"lib\screens\feedback_page.dart","282","'儲值／付款問題'"
"lib\screens\feedback_page.dart","285","'AI 回覆異常'"
"lib\screens\feedback_page.dart","288","'角色檢舉'"
"lib\screens\feedback_page.dart","291","'貼文檢舉'"
"lib\screens\feedback_page.dart","324","'此類問題請附上畫面截圖，方便我們確認狀況'"
"lib\screens\feedback_page.dart","338","'請先登入後再送出回報'"
"lib\screens\feedback_page.dart","409","'未命名玩家'"
"lib\screens\feedback_page.dart","530","'【案件已建立】已收到你的回報 💌'"
"lib\screens\feedback_page.dart","533","'我們已收到你的回報，會盡快協助確認。\n\n'"
"lib\screens\feedback_page.dart","534","'案件編號：$caseNumber\n\n'"
"lib\screens\feedback_page.dart","535","'若客服有進一步回覆，'"
"lib\screens\feedback_page.dart","536","'會再透過戀戀拾光信箱通知你。'"
"lib\screens\feedback_page.dart","585","'回報已成功送出，謝謝你的意見！'"
"lib\screens\feedback_page.dart","591","'送出玩家回報失敗：$error'"
"lib\screens\feedback_page.dart","602","'送出失敗，請確認網路後再試'"
"lib\screens\feedback_page.dart","786","'問題類型'"
"lib\screens\feedback_page.dart","865","'被回報的內容'"
"lib\screens\feedback_page.dart","939","'問題截圖（必填）'"
"lib\screens\feedback_page.dart","940","'附加圖片（選填）'"
"lib\screens\feedback_page.dart","954","'請附上問題發生時的畫面截圖，方便官方確認實際狀況。'"
"lib\screens\feedback_page.dart","955","'若有相關畫面，也可以附上截圖協助官方確認。'"
"lib\screens\feedback_page.dart","981","'您的意見將協助我們持續優化遊戲體驗，謝謝您！'"
"lib\screens\feedback_page.dart","1110","'選擇回報圖片'"
"lib\screens\feedback_page.dart","1154","'開啟相簿中…'"
"lib\screens\feedback_page.dart","1154","'點擊此處選擇圖片上傳'"
"lib\screens\feedback_page.dart","1164","'支援 jpg、png，單張不超過 10 MB'"
"lib\screens\feedback_page.dart","1197","'送出中'"
"lib\screens\feedback_page.dart","1197","'送出回報'"
"lib\screens\feedback_page.dart","1303","'送出'"
"lib\screens\feedback_page.dart","1375","'移除圖片'"
"lib\screens\feedback_page.dart","1402","'已選擇圖片'"
"lib\screens\feedback_page.dart","1419","'更換'"
"lib\screens\help_models.dart","165","'遊玩指南'"
"lib\screens\help_page.dart","61","'載入遊玩指南翻譯失敗：$error'"
"lib\screens\help_page.dart","251","'目前尚未提供此語言的遊玩指南，暫時顯示繁體中文。'"
"lib\screens\help_page.dart","374","'全部'"
"lib\screens\help_page.dart","449","'生活'"
"lib\screens\help_page.dart","449","'陪伴'"
"lib\screens\help_page.dart","449","'日常功能與貼心小幫手'"
"lib\screens\help_page.dart","450","'聊天'"
"lib\screens\help_page.dart","450","'語音'"
"lib\screens\help_page.dart","451","'聊天、語音與智慧互動相關'"
"lib\screens\help_page.dart","453","'角色'"
"lib\screens\help_page.dart","453","'創作'"
"lib\screens\help_page.dart","453","'角色設定與創作功能相關'"
"lib\screens\help_page.dart","454","'搜尋'"
"lib\screens\help_page.dart","454","'遊玩'"
"lib\screens\help_page.dart","454","'探索角色與遊戲內容'"
"lib\screens\help_page.dart","455","'關懷'"
"lib\screens\help_page.dart","455","'溫柔陪伴與日常關懷'"
"lib\screens\help_page.dart","456","'常見功能與操作說明'"
"lib\screens\help_page.dart","460","'生活'"
"lib\screens\help_page.dart","460","'陪伴'"
"lib\screens\help_page.dart","463","'關懷'"
"lib\screens\help_page.dart","464","'語音'"
"lib\screens\help_page.dart","465","'聊天'"
"lib\screens\help_page.dart","468","'角色'"
"lib\screens\help_page.dart","468","'創作'"
"lib\screens\help_page.dart","471","'搜尋'"
"lib\screens\help_page.dart","471","'遊玩'"
"lib\screens\hidden_moments_page.dart","378","'暫時還沒有被隱藏的動態喔'"
"lib\screens\interaction_play_page.dart","152","'趣味玩法'"
"lib\screens\language_selection_page.dart","24","'繁體中文'"
"lib\screens\language_selection_page.dart","25","'简体中文'"
"lib\screens\language_selection_page.dart","27","'日本語'"
"lib\screens\language_selection_page.dart","142","'選擇你習慣的語言'"
"lib\screens\login_page.dart","98","'✅ 登入成功：大頭貼網址已自動同步更新！'"
"lib\screens\login_page.dart","100","'⚠️ 大頭貼同步更新失敗: $e'"
"lib\screens\login_page.dart","158","'Google 快速登入'"
"lib\screens\login_page.dart","163","'Apple 登入'"
"lib\screens\login_page.dart","168","'Facebook 登入'"
"lib\screens\login_page.dart","173","'戀戀帳號（Email）'"
"lib\screens\login_page.dart","174","'戀戀帳號（Email）'"
"lib\screens\login_page.dart","203","'知道了'"
"lib\screens\login_page.dart","239","'條款網址格式不正確'"
"lib\screens\login_page.dart","259","'❌ 開啟 $title 失敗：$e'"
"lib\screens\login_page.dart","264","'無法開啟$title，請確認網路後再試。'"
"lib\screens\login_page.dart","304","'請先開啟並閱讀完整$title。'"
"lib\screens\login_page.dart","305","'閱讀後回到《戀戀拾光》，即可按下「我已閱讀並同意」。'"
"lib\screens\login_page.dart","332","'正在開啟……'"
"lib\screens\login_page.dart","333","'閱讀完整$title'"
"lib\screens\login_page.dart","370","'已開啟$title，可以確認同意。'"
"lib\screens\login_page.dart","371","'尚未開啟$title。'"
"lib\screens\login_page.dart","392","'取消登入'"
"lib\screens\login_page.dart","406","'我已閱讀並同意'"
"lib\screens\login_page.dart","499","'✅ 已記錄條款同意版本：'"
"lib\screens\login_page.dart","506","'❌ 檢查條款同意狀態失敗：$e'"
"lib\screens\login_page.dart","512","'目前無法確認條款狀態，請稍後再試。'"
"lib\screens\login_page.dart","529","""🟢 [1. 啟動] 蝴蝶巡邏開始，等待 AuthService 回傳..."""
"lib\screens\login_page.dart","531","""🟢 [2. 接收] AuthService 執行完畢！"""
"lib\screens\login_page.dart","555","""✅ [3. 成功] 拿到資料了，準備穿越時光隧道 (跳轉中)！"""
"lib\screens\login_page.dart","558","""🚀 [超車提示] 登入其實成功了！資料也拿到了！"""
"lib\screens\login_page.dart","560","""🟡 [提示] 登入被取消或回傳為空值。"""
"lib\screens\login_page.dart","563","""🔴 [錯誤] 登入過程發生崩潰: $e"""
"lib\screens\login_page.dart","573","'連線異常，請稍後再試：$e'"
"lib\screens\login_page.dart","580","""🏁 [4. 結束] Loading 狀態解除。"""
"lib\screens\login_page.dart","592","""強制關閉蝴蝶視窗時略過錯誤: $e"""
"lib\screens\login_page.dart","766","'首次登入或條款更新時，系統將請您閱讀並同意服務條款及隱私權政策。'"
"lib\screens\login_page.dart","1001","'重新整理'"
"lib\screens\login_page.dart","1040","'頁面載入失敗'"
"lib\screens\login_page.dart","1048","'請確認網路連線後再試一次。'"
"lib\screens\login_page.dart","1064","'重新載入'"
"lib\screens\main_page.dart","147","'⚠️ 讀取上次停留位置失敗：$e'"
"lib\screens\main_page.dart","160","'⚠️ 儲存上次主頁分頁失敗：$e'"
"lib\screens\main_page.dart","171","""🔔 執行每日任務檢查 ($today)..."""
"lib\screens\main_page.dart","191","""✅ 今天已經簽到過囉！"""
"lib\screens\main_page.dart","247","'戀戀拾光'"
"lib\screens\main_page.dart","286","'使用者未登入'"
"lib\screens\main_page.dart","298","'找不到玩家資料'"
"lib\screens\main_page.dart","314","'今天已經簽到過了'"
"lib\screens\main_page.dart","418","'❌ 簽到失敗: $e'"
"lib\screens\main_page.dart","424","'今天已經簽到過了'"
"lib\screens\main_page.dart","442","'今天已經簽到過囉'"
"lib\screens\main_page.dart","530","'[生日檢查] 警告：連線超時跳過'"
"lib\screens\main_page.dart","532","'[生日檢查] 發生錯誤: $e'"
"lib\screens\main_page.dart","654","'推薦'"
"lib\screens\memo_page.dart","109","'尚未開啟通知權限，備忘錄仍會儲存，但不會顯示系統提醒。'"
"lib\screens\memo_page.dart","164","'備忘錄已儲存，${reminderCharacter.name} 會提醒你！'"
"lib\screens\memo_page.dart","165","'備忘錄已儲存，但尚未開啟通知權限。'"
"lib\screens\memo_page.dart","174","'目前通知數量：${pending.length}'"
"lib\screens\memo_page.dart","283","'讀取目前角色提醒個性失敗：$error'"
"lib\screens\memo_page.dart","361","'備忘錄已更新，${reminderCharacter.name} 會提醒你！'"
"lib\screens\memo_page.dart","362","'備忘錄已更新，但目前沒有通知權限。'"
"lib\screens\memo_page.dart","503","'讀取資料時發生錯誤: ${snapshot.error}'"
"lib\screens\moments_page.dart","87","'關閉瞬間提示氣泡失敗：$e'"
"lib\screens\moments_page.dart","165","'更新社群巡禮進度失敗：$e'"
"lib\screens\moments_page.dart","189","'朋友圈讀取進度失敗: $e'"
"lib\screens\moments_page.dart","490","""❌ 刪除失敗: $e"""
"lib\screens\moments_page.dart","520","""📫 信件已成功投遞至：$recipientId 的信箱"""
"lib\screens\moments_page.dart","522","""❌ 投遞信件失敗: $e"""
"lib\screens\moments_page.dart","601","""讀取我創建的角色列表失敗: $e"""
"lib\screens\moments_page.dart","839","""讀取創作者資料失敗: $e"""
"lib\screens\moments_page.dart","1298","'允許 AI 自動回覆玩家動態'"
"lib\screens\moments_page.dart","1309","'開啟後，角色才會被系統安排回覆玩家。'"
"lib\screens\moments_page.dart","1487","'預載動態圖片失敗：$url，$error'"
"lib\screens\moments_page.dart","1512","'監聽隱藏動態失敗: $e'"
"lib\screens\moments_page.dart","1549","'監聽封鎖角色失敗: $e'"
"lib\screens\moments_page.dart","1617","'隱藏動態失敗: $e'"
"lib\screens\moments_page.dart","1718","'封鎖角色失敗: $e'"
"lib\screens\moment_card.dart","124","""⚠️ 找不到 ShowCaseWidget: $e"""
"lib\screens\moment_card.dart","212","'❌ 按讚失敗：$e'"
"lib\screens\moment_card.dart","229","""檢查收藏失敗: $e"""
"lib\screens\moment_card.dart","281","""更新收藏紀錄失敗: $e"""
"lib\screens\moment_card.dart","371","'⚠️ 讀取聊天角色失敗：'"
"lib\screens\moment_card.dart","378","'📤 可分享動態的聊天角色：'"
"lib\screens\moment_card.dart","379","'${characters.length} 位'"
"lib\screens\moment_card.dart","385","'❌ 讀取聊天角色列表失敗：$e'"
"lib\screens\moment_card.dart","522","'【轉發了一則動態】'"
"lib\screens\moment_card.dart","555","""這是一則來自玩家動態牆的轉發分享。"""
"lib\screens\moment_card.dart","577","'📦 轉發 AI 原始回傳：$rawResponse'"
"lib\screens\moment_card.dart","585","'⚠️ 轉發訊息已送出，但 AI 回傳格式不是物件'"
"lib\screens\moment_card.dart","610","'⚠️ 轉發訊息已送出，但 AI 請求未成功：'"
"lib\screens\moment_card.dart","619","'🟠 MomentCard 準備寫入 directResponse'"
"lib\screens\moment_card.dart","621","'✅ AI 已直接回傳內容，交由既有聊天流程寫入：'"
"lib\screens\moment_card.dart","630","'⚠️ 轉發訊息已送出，但後端沒有回 requestId：'"
"lib\screens\moment_card.dart","657","'🔵 MomentCard 準備寫入 completed response'"
"lib\screens\moment_card.dart","664","'✅ 轉發 AI 請求已完成，'"
"lib\screens\moment_card.dart","665","'不在 MomentCard 重複寫入訊息'"
"lib\screens\moment_card.dart","680","'⚠️ 轉發訊息已送出，但 AI HTTP 失敗：'"
"lib\screens\moment_card.dart","686","""❌ 轉發失敗: $e"""
"lib\screens\moment_card.dart","941","""https://apps.apple.com/tw/app/戀戀拾光/id6773677178"""
"lib\screens\moment_detail_page.dart","109","'讀取詳細頁留言身分失敗：$error'"
"lib\screens\moment_detail_page.dart","161","'讀取詳細頁留言角色失敗：$error'"
"lib\screens\moment_detail_page.dart","281","""❌ 刪除失敗: $e"""
"lib\screens\moment_detail_page.dart","309","'取得 playerID 失敗: $e'"
"lib\screens\moment_detail_page.dart","333","""按讚失敗: $e"""
"lib\screens\moment_detail_page.dart","383","""❌ 投遞信件失敗: $e"""
"lib\screens\moment_detail_page.dart","511","'❌ 詳細頁留言失敗：$error'"
"lib\screens\moment_detail_page.dart","569","""💌 已發送 Tag 通知給 $name 的親媽 ($motherUid)"""
"lib\screens\moment_detail_page.dart","572","""🛑 攔截通知：親媽 (${_userId}) Tag 了自己的角色 ($name)，不重複寄信。"""
"lib\screens\moment_detail_page.dart","576","""❌ 處理 Tag 標註失敗: $e"""
"lib\screens\moment_search_page.dart","143","'搜尋暫時無法使用，請稍後再試。'"
"lib\screens\moment_search_page.dart","145","'搜尋拾光牆失敗：$error'"
"lib\screens\moment_search_page.dart","198","'搜尋公開貼文、角色或創作者'"
"lib\screens\moment_search_page.dart","294","'輸入貼文內容、角色名稱或創作者名稱'"
"lib\screens\moment_search_page.dart","323","'找不到相關的公開貼文'"
"lib\screens\my_characters_list_page.dart","60","""讀取我創建的角色列表失敗: $e"""
"lib\screens\notification_list_page.dart","58","'⚠️ 同步活動禮物信件失敗：'"
"lib\screens\notification_list_page.dart","62","'⚠️ 同步活動禮物信件發生錯誤：$error'"
"lib\screens\notification_list_page.dart","232","'❌ 批次刪除信件失敗：$e'"
"lib\screens\notification_list_page.dart","1204","'❌ 領取活動禮物失敗：'"
"lib\screens\notification_list_page.dart","1230","'❌ 領取活動禮物發生錯誤：$error'"
"lib\screens\notification_list_page.dart","1717","'❌ 生成信件分享圖片失敗：$error'"
"lib\screens\notification_list_page.dart","1847","'❌ 更新信件收藏狀態失敗：$error'"
"lib\screens\notification_list_page.dart","1986","'分享信件'"
"lib\screens\notification_list_page.dart","2067","'你原本詢問'"
"lib\screens\notification_list_page.dart","2342","'來自 ${widget.fromName} 的七夕信'"
"lib\screens\onboarding_page.dart","5","'; // ✅ 修正：解決 Undefined name '"
"lib\screens\onboarding_page.dart","6","'; // ✅ 修正：解決 ThemeNotifier isn'"
"lib\screens\period_tracker_page.dart","89","'還不錯'"
"lib\screens\period_tracker_page.dart","90","'開心'"
"lib\screens\period_tracker_page.dart","91","'低落'"
"lib\screens\period_tracker_page.dart","92","'難受'"
"lib\screens\period_tracker_page.dart","93","'煩躁'"
"lib\screens\period_tracker_page.dart","94","'疲倦'"
"lib\screens\period_tracker_page.dart","95","'焦慮'"
"lib\screens\period_tracker_page.dart","99","'腹痛'"
"lib\screens\period_tracker_page.dart","100","'腰痠'"
"lib\screens\period_tracker_page.dart","101","'頭痛'"
"lib\screens\period_tracker_page.dart","102","'胸脹'"
"lib\screens\period_tracker_page.dart","103","'水腫'"
"lib\screens\period_tracker_page.dart","104","'想睡'"
"lib\screens\period_tracker_page.dart","105","'食慾增加'"
"lib\screens\period_tracker_page.dart","106","'腸胃不適'"
"lib\screens\period_tracker_page.dart","329","'✅ 舊版生理期資料已搬移為帳號共用格式'"
"lib\screens\period_tracker_page.dart","332","'⚠️ 舊版生理期資料搬移失敗：$e'"
"lib\screens\period_tracker_page.dart","417","'❌ 讀取生理期單日紀錄失敗：$e'"
"lib\screens\period_tracker_page.dart","632","'❌ 儲存生理期日記失敗：$e'"
"lib\screens\period_tracker_page.dart","854","'還不錯'"
"lib\screens\period_tracker_page.dart","855","'開心'"
"lib\screens\period_tracker_page.dart","856","'低落'"
"lib\screens\period_tracker_page.dart","857","'難受'"
"lib\screens\period_tracker_page.dart","858","'煩躁'"
"lib\screens\period_tracker_page.dart","859","'疲倦'"
"lib\screens\period_tracker_page.dart","860","'焦慮'"
"lib\screens\period_tracker_page.dart","868","'腹痛'"
"lib\screens\period_tracker_page.dart","869","'腰痠'"
"lib\screens\period_tracker_page.dart","870","'頭痛'"
"lib\screens\period_tracker_page.dart","871","'胸脹'"
"lib\screens\period_tracker_page.dart","872","'水腫'"
"lib\screens\period_tracker_page.dart","873","'想睡'"
"lib\screens\period_tracker_page.dart","874","'食慾增加'"
"lib\screens\period_tracker_page.dart","875","'腸胃不適'"
"lib\screens\preference_selection_page.dart","23","'性格氣質'"
"lib\screens\preference_selection_page.dart","25","'溫柔'"
"lib\screens\preference_selection_page.dart","26","'高冷'"
"lib\screens\preference_selection_page.dart","27","'腹黑'"
"lib\screens\preference_selection_page.dart","28","'傲嬌'"
"lib\screens\preference_selection_page.dart","29","'忠犬'"
"lib\screens\preference_selection_page.dart","30","'病嬌'"
"lib\screens\preference_selection_page.dart","31","'神秘'"
"lib\screens\preference_selection_page.dart","32","'治癒'"
"lib\screens\preference_selection_page.dart","33","'反差感'"
"lib\screens\preference_selection_page.dart","37","'關係・年齡感'"
"lib\screens\preference_selection_page.dart","39","'年上'"
"lib\screens\preference_selection_page.dart","40","'年下'"
"lib\screens\preference_selection_page.dart","44","'故事氛圍'"
"lib\screens\preference_selection_page.dart","46","'霸總'"
"lib\screens\preference_selection_page.dart","47","'校園'"
"lib\screens\preference_selection_page.dart","48","'職場'"
"lib\screens\preference_selection_page.dart","49","'古風'"
"lib\screens\preference_selection_page.dart","50","'非人'"
"lib\screens\preference_selection_page.dart","77","'最多選擇 $_maxSelection 個偏好。'"
"lib\screens\preference_selection_page.dart","125","'❌ 儲存偏好失敗：$e'"
"lib\screens\preference_selection_page.dart","138","'目前無法儲存偏好，請稍後再試。'"
"lib\screens\preference_selection_page.dart","187","'你想遇見怎樣的人？'"
"lib\screens\preference_selection_page.dart","198","'選擇 3～5 個你喜歡的類型，'"
"lib\screens\preference_selection_page.dart","199","'戀戀會先從這裡開始認識你。'"
"lib\screens\preference_selection_page.dart","239","'之後也會依照你的實際互動，'"
"lib\screens\preference_selection_page.dart","240","'慢慢調整更適合你的推薦。'"
"lib\screens\preference_selection_page.dart","298","'已選'"
"lib\screens\preference_selection_page.dart","359","'就從這裡開始'"
"lib\screens\profile_page.dart","170","'🔥 啟動金庫強奪計畫！繞過 Firebase，直接找 FB 總部要人！'"
"lib\screens\profile_page.dart","180","'⚠️ FB 憑證已完全過期，需等玩家下次重新登入才能抓新照片。'"
"lib\screens\profile_page.dart","210","'✅ 完美綁架！最新 FB 大頭貼已永久鎖進拾光金庫！'"
"lib\screens\profile_page.dart","215","'⚠️ 抓取新網址後依然下載失敗，狀態碼: ${response.statusCode}'"
"lib\screens\profile_page.dart","220","'⚠️ 暗殺部隊遭遇不明抵抗: $e'"
"lib\screens\profile_page.dart","272","""✅ 玩家 ID 載入同步成功：$finalID, 鎖定狀態：$isChanged"""
"lib\screens\profile_page.dart","275","""❌ 讀取玩家 PID 失敗: $e"""
"lib\screens\profile_page.dart","401","'找不到玩家資料'"
"lib\screens\profile_page.dart","413","'今天已經簽到過了'"
"lib\screens\profile_page.dart","513","""❌ 手動簽到失敗: $e"""
"lib\screens\profile_page.dart","518","'今天已經簽到過了'"
"lib\screens\profile_page.dart","635","'找不到玩家資料'"
"lib\screens\profile_page.dart","890","'❌ 個人動態背景同步失敗：$error'"
"lib\screens\profile_page.dart","915","'監聽花花點數失敗: $error'"
"lib\screens\profile_page.dart","987","'); // 返回 '"
"lib\screens\profile_page.dart","1083","'找不到目前玩家資料'"
"lib\screens\profile_page.dart","1189","'🚨 星之邀約綁定發生錯誤：$e'"
"lib\screens\profile_page.dart","1647","'我的專屬背包與特權'"
"lib\screens\profile_page.dart","1667","'目前累積浪漫羈絆'"
"lib\screens\profile_page.dart","1673","'🎁 實體禮盒解鎖狀態：'"
"lib\screens\profile_page.dart","1695","'【頂級摯愛】實體 VIP 專屬禮盒'"
"lib\screens\profile_page.dart","1705","'含：專屬手寫信 + 角色代表娃 + 官方感謝信'"
"lib\screens\profile_page.dart","1723","'修改收件地址資訊'"
"lib\screens\profile_page.dart","1723","'🎉 已解鎖！點此填寫收件資訊'"
"lib\screens\profile_page.dart","1729","'✅ 您已成功登記收件地址，我們會盡快為您準備！'"
"lib\screens\profile_page.dart","1733","'還差 NT\$ ${10000 - totalSpent} 即可解鎖實體大賞！'"
"lib\screens\profile_page.dart","1741","'💡 提示：其他數位外觀與頭像框可在商店或個人設定中查看與裝備。'"
"lib\screens\profile_page.dart","1749","'關閉'"
"lib\screens\profile_page.dart","1775","'【頂級摯愛】實體禮盒解鎖'"
"lib\screens\profile_page.dart","1784","'感謝玩家對《戀戀拾光》的極致守候！\n請填寫以下收件資訊，我們將為您寄送專屬手寫信與角色代表娃娃：'"
"lib\screens\profile_page.dart","1791","'收件人真實姓名'"
"lib\screens\profile_page.dart","1800","'聯絡電話'"
"lib\screens\profile_page.dart","1809","'完整收件地址（含郵遞區號）'"
"lib\screens\profile_page.dart","1817","'想要收到的角色代表娃名字'"
"lib\screens\profile_page.dart","1818","'例如：欲輸入的角色名稱'"
"lib\screens\profile_page.dart","1828","'稍後填寫'"
"lib\screens\profile_page.dart","1843","'請完整填寫收件資訊與心儀的角色名稱喔！'"
"lib\screens\profile_page.dart","1861","'收件資訊已成功送出！請期待我們的實體驚喜！'"
"lib\screens\profile_page.dart","1864","'確認送出'"
"lib\screens\profile_page.dart","1915","'關於我'"
"lib\screens\profile_page.dart","2041","'公告'"
"lib\screens\profile_page.dart","2062","'設定'"
"lib\screens\profile_page.dart","2084","'我的背包'"
"lib\screens\profile_page.dart","2145","'讀取背包失敗: $e'"
"lib\screens\profile_page.dart","2246","'自我介紹'"
"lib\screens\profile_page.dart","2305","'讀取背包失敗: $e'"
"lib\screens\profile_page.dart","2324","'我的背包'"
"lib\screens\profile_page.dart","2502","'已簽到'"
"lib\screens\profile_page.dart","2502","'簽到'"
"lib\screens\profile_page.dart","2687","'⚠️ 個人檔案大頭貼載入失敗'"
"lib\screens\profile_page.dart","2899","'喜歡'"
"lib\screens\profile_page.dart","2931","'已簽到'"
"lib\screens\profile_page.dart","2931","'簽到'"
"lib\screens\profile_page.dart","2936","'今天已留下足跡'"
"lib\screens\profile_page.dart","2936","'今日尚未簽到'"
"lib\screens\profile_page.dart","2955","'記下心動瞬間'"
"lib\screens\profile_page.dart","3142","'創建劇場'"
"lib\screens\profile_page.dart","3225","'連結格式不正確'"
"lib\screens\profile_page.dart","3240","'無法開啟這個連結'"
"lib\screens\profile_page.dart","3245","'❌ 開啟個人連結失敗：$e'"
"lib\screens\profile_page.dart","3250","'無法開啟這個連結'"
"lib\screens\profile_page.dart","3282","'我的連結'"
"lib\screens\profile_page.dart","4090","'❌ 讀取創作者發布資料失敗：$e'"
"lib\screens\profile_page.dart","4240","'寫下此刻'"
"lib\screens\profile_page.dart","4306","'❌ 個人動態讀取失敗：$_profileMomentsError'"
"lib\screens\profile_page.dart","4619","'❌ 刪除動態失敗：$e'"
"lib\screens\profile_page.dart","4667","'個人主頁社群巡禮紀錄失敗：$e'"
"lib\screens\profile_page.dart","4745","""產生 PlayerID 失敗: $e"""
"lib\screens\profile_page.dart","4841","'ℹ️ 個人角色本機快取尚未建立：$e'"
"lib\screens\profile_page.dart","4858","'❌ 抓取自己的角色資料時發生錯誤: $e'"
"lib\screens\profile_page.dart","4923","'⚠️ 好友角色背景更新失敗：$e'"
"lib\screens\qixi_event_page.dart","211","'讀取七夕活動進度失敗：$error'"
"lib\screens\qixi_event_page.dart","458","'建立七夕聊天室失敗：$error'"
"lib\screens\qixi_event_page.dart","624","'神秘角色'"
"lib\screens\qixi_event_page.dart","786","'神秘角色'"
"lib\screens\recommendation_page.dart","37","'霸總'"
"lib\screens\recommendation_page.dart","37","'霸總'"
"lib\screens\recommendation_page.dart","37","'霸道總裁'"
"lib\screens\recommendation_page.dart","37","'總裁'"
"lib\screens\recommendation_page.dart","37","'財閥'"
"lib\screens\recommendation_page.dart","38","'溫柔'"
"lib\screens\recommendation_page.dart","38","'溫柔'"
"lib\screens\recommendation_page.dart","38","'溫柔系'"
"lib\screens\recommendation_page.dart","38","'體貼'"
"lib\screens\recommendation_page.dart","38","'暖男'"
"lib\screens\recommendation_page.dart","38","'暖系'"
"lib\screens\recommendation_page.dart","38","'寵溺'"
"lib\screens\recommendation_page.dart","39","'高冷'"
"lib\screens\recommendation_page.dart","39","'高冷'"
"lib\screens\recommendation_page.dart","39","'冷淡'"
"lib\screens\recommendation_page.dart","39","'寡言'"
"lib\screens\recommendation_page.dart","39","'禁慾'"
"lib\screens\recommendation_page.dart","39","'疏離'"
"lib\screens\recommendation_page.dart","40","'腹黑'"
"lib\screens\recommendation_page.dart","40","'腹黑'"
"lib\screens\recommendation_page.dart","40","'心機'"
"lib\screens\recommendation_page.dart","40","'城府'"
"lib\screens\recommendation_page.dart","40","'狡猾'"
"lib\screens\recommendation_page.dart","41","'年下'"
"lib\screens\recommendation_page.dart","41","'年下'"
"lib\screens\recommendation_page.dart","41","'弟弟'"
"lib\screens\recommendation_page.dart","41","'弟系'"
"lib\screens\recommendation_page.dart","41","'學弟'"
"lib\screens\recommendation_page.dart","42","'年上'"
"lib\screens\recommendation_page.dart","42","'年上'"
"lib\screens\recommendation_page.dart","42","'成熟'"
"lib\screens\recommendation_page.dart","42","'叔系'"
"lib\screens\recommendation_page.dart","42","'學長'"
"lib\screens\recommendation_page.dart","43","'傲嬌'"
"lib\screens\recommendation_page.dart","43","'傲嬌'"
"lib\screens\recommendation_page.dart","43","'嘴硬'"
"lib\screens\recommendation_page.dart","43","'彆扭'"
"lib\screens\recommendation_page.dart","44","'忠犬'"
"lib\screens\recommendation_page.dart","44","'忠犬'"
"lib\screens\recommendation_page.dart","44","'黏人'"
"lib\screens\recommendation_page.dart","44","'專一'"
"lib\screens\recommendation_page.dart","44","'守護'"
"lib\screens\recommendation_page.dart","44","'忠誠'"
"lib\screens\recommendation_page.dart","45","'病嬌'"
"lib\screens\recommendation_page.dart","45","'病嬌'"
"lib\screens\recommendation_page.dart","45","'偏執'"
"lib\screens\recommendation_page.dart","45","'瘋批'"
"lib\screens\recommendation_page.dart","45","'黑化'"
"lib\screens\recommendation_page.dart","46","'神秘'"
"lib\screens\recommendation_page.dart","46","'神秘'"
"lib\screens\recommendation_page.dart","46","'謎樣'"
"lib\screens\recommendation_page.dart","46","'深不可測'"
"lib\screens\recommendation_page.dart","47","'治癒'"
"lib\screens\recommendation_page.dart","47","'治癒'"
"lib\screens\recommendation_page.dart","47","'療癒'"
"lib\screens\recommendation_page.dart","47","'溫暖'"
"lib\screens\recommendation_page.dart","47","'安心'"
"lib\screens\recommendation_page.dart","48","'反差感'"
"lib\screens\recommendation_page.dart","48","'反差'"
"lib\screens\recommendation_page.dart","48","'反差感'"
"lib\screens\recommendation_page.dart","48","'雙面'"
"lib\screens\recommendation_page.dart","48","'外冷內熱'"
"lib\screens\recommendation_page.dart","49","'校園'"
"lib\screens\recommendation_page.dart","49","'校園'"
"lib\screens\recommendation_page.dart","49","'學生'"
"lib\screens\recommendation_page.dart","49","'學長'"
"lib\screens\recommendation_page.dart","49","'學弟'"
"lib\screens\recommendation_page.dart","49","'同學'"
"lib\screens\recommendation_page.dart","49","'老師'"
"lib\screens\recommendation_page.dart","50","'職場'"
"lib\screens\recommendation_page.dart","50","'職場'"
"lib\screens\recommendation_page.dart","50","'上司'"
"lib\screens\recommendation_page.dart","50","'老闆'"
"lib\screens\recommendation_page.dart","50","'秘書'"
"lib\screens\recommendation_page.dart","50","'總監'"
"lib\screens\recommendation_page.dart","50","'經理'"
"lib\screens\recommendation_page.dart","50","'辦公室'"
"lib\screens\recommendation_page.dart","51","'古風'"
"lib\screens\recommendation_page.dart","51","'古風'"
"lib\screens\recommendation_page.dart","51","'古代'"
"lib\screens\recommendation_page.dart","51","'王爺'"
"lib\screens\recommendation_page.dart","51","'皇帝'"
"lib\screens\recommendation_page.dart","51","'太子'"
"lib\screens\recommendation_page.dart","51","'將軍'"
"lib\screens\recommendation_page.dart","51","'江湖'"
"lib\screens\recommendation_page.dart","51","'武俠'"
"lib\screens\recommendation_page.dart","52","'非人'"
"lib\screens\recommendation_page.dart","52","'非人'"
"lib\screens\recommendation_page.dart","52","'吸血鬼'"
"lib\screens\recommendation_page.dart","52","'狼人'"
"lib\screens\recommendation_page.dart","52","'妖'"
"lib\screens\recommendation_page.dart","52","'魔'"
"lib\screens\recommendation_page.dart","52","'神明'"
"lib\screens\recommendation_page.dart","52","'精靈'"
"lib\screens\recommendation_page.dart","52","'獸人'"
"lib\screens\recommendation_page.dart","52","'人魚'"
"lib\screens\recommendation_page.dart","82","'尚未登入'"
"lib\screens\recommendation_page.dart","197","'❌ 載入推薦失敗：$e'"
"lib\screens\recommendation_page.dart","205","'目前無法載入推薦，請稍後再試。'"
"lib\screens\recommendation_page.dart","371","'最近常停留在這類型角色'"
"lib\screens\recommendation_page.dart","375","'最近互動偏好正在慢慢成形'"
"lib\screens\recommendation_page.dart","378","'依照你最近的互動為你整理'"
"lib\screens\recommendation_page.dart","453","'⚠️ 記錄推薦互動失敗：$e'"
"lib\screens\recommendation_page.dart","508","'重新載入'"
"lib\screens\recommendation_page.dart","533","'目前還沒有可以推薦的角色。'"
"lib\screens\recommendation_page.dart","566","'為你挑選的相遇'"
"lib\screens\recommendation_page.dart","617","'先看看這幾位'"
"lib\screens\recommendation_page.dart","618","'會先放最適合你的幾個相遇。'"
"lib\screens\recommendation_page.dart","648","'越來越像你的偏好'"
"lib\screens\recommendation_page.dart","648","'依照你一開始喜歡的方向'"
"lib\screens\recommendation_page.dart","650","'第 4 天後開始，最近互動會一起影響排序。'"
"lib\screens\recommendation_page.dart","651","'現在先用你剛開始勾選的標籤，幫你縮小範圍。'"
"lib\screens\recommendation_page.dart","675","'也許你會喜歡'"
"lib\screens\recommendation_page.dart","676","'保留一些隨機探索，讓您也能偶爾遇見不一樣的人。'"
"lib\screens\recommendation_page.dart","708","'正在為你整理新的相遇……'"
"lib\screens\recommendation_page.dart","832","'為你推薦'"
"lib\screens\recommendation_page.dart","832","'精選相遇'"
"lib\screens\recommendation_page.dart","919","'點開看看，也許剛好就是你下一次心動。'"
"lib\screens\recommendation_page.dart","1122","'探索'"
"lib\screens\recommendation_page.dart","1153","'換個方向，也許會剛好對上你的心動點。'"
"lib\screens\recommendation_page.dart","1224","'因為你喜歡・${initialMatchedTags.take(2).join('"
"lib\screens\recommendation_page.dart","1228","'最近也有不少人點進去看看'"
"lib\screens\recommendation_page.dart","1231","'也許會是你下一次剛好的相遇'"
"lib\screens\scene_page.dart","112","'刪除劇場？'"
"lib\screens\scene_page.dart","118","'確定要刪除「${title.isEmpty ? '"
"lib\screens\scene_page.dart","118","' : title}」嗎？刪除後無法復原。'"
"lib\screens\scene_page.dart","125","'取消'"
"lib\screens\scene_page.dart","132","'刪除'"
"lib\screens\scene_page.dart","154","'刪除失敗，請稍後再試。'"
"lib\screens\scene_page.dart","224","'目前無法開始劇場，請稍後再試。'"
"lib\screens\scene_page.dart","241","'結束劇場？'"
"lib\screens\scene_page.dart","247","'結束後會回到一般聊天，但目前的對話紀錄不會被刪除。'"
"lib\screens\scene_page.dart","256","'取消'"
"lib\screens\scene_page.dart","263","'結束劇場'"
"lib\screens\scene_page.dart","294","'劇場已結束'"
"lib\screens\scene_page.dart","307","'目前無法結束劇場，請稍後再試。'"
"lib\screens\scene_page.dart","350","'目前正在進行'"
"lib\screens\scene_page.dart","359","'未命名劇場'"
"lib\screens\scene_page.dart","375","'結束劇場'"
"lib\screens\scene_page.dart","423","'未命名劇場'"
"lib\screens\scene_page.dart","451","'角色開場：$opening'"
"lib\screens\scene_page.dart","467","'編輯'"
"lib\screens\scene_page.dart","477","'刪除'"
"lib\screens\scene_page.dart","498","'開始劇場'"
"lib\screens\scene_page.dart","528","'創作者劇場讀取失敗。'"
"lib\screens\scene_page.dart","540","'目前還沒有創作者劇場'"
"lib\screens\scene_page.dart","541","'這個角色的創作者還沒有建立額外故事。'"
"lib\screens\scene_page.dart","578","'自行創建劇場讀取失敗。'"
"lib\screens\scene_page.dart","592","'還沒有自己的劇場'"
"lib\screens\scene_page.dart","593","'為這間聊天室建立一段只屬於你的故事。'"
"lib\screens\scene_page.dart","618","'新增劇場'"
"lib\screens\scene_page.dart","677","'劇場'"
"lib\screens\scene_page.dart","693","'創作者劇場'"
"lib\screens\scene_page.dart","694","'自行創建'"
"lib\screens\search_character_page.dart","109","'❌ 搜尋頁讀取封鎖角色失敗：$e'"
"lib\screens\search_character_page.dart","135","'❌ 搜尋頁讀取封鎖創作者失敗：$e'"
"lib\screens\search_character_page.dart","265","'搜尋角色、創作者、職業或標籤'"
"lib\screens\search_character_page.dart","271","'清除'"
"lib\screens\search_character_page.dart","337","'最近搜尋'"
"lib\screens\search_character_page.dart","358","'清除'"
"lib\screens\search_character_page.dart","453","'搜尋角色查詢失敗：${snapshot.error}'"
"lib\screens\search_character_page.dart","459","'搜尋資料載入失敗，請稍後再試。'"
"lib\screens\search_character_page.dart","603","'大家最近都在喜歡'"
"lib\screens\search_character_page.dart","604","'找到 ${docs.length} 位角色'"
"lib\screens\select_chat_page.dart","140","'預載邂逅角色圖片失敗：$error'"
"lib\screens\select_chat_page.dart","161","""❌ 讀取好友列表失敗: $e"""
"lib\screens\select_chat_page.dart","176","""❌ 讀取封鎖列表失敗: $e"""
"lib\screens\select_chat_page.dart","197","'❌ 讀取封鎖創作者列表失敗: $e'"
"lib\screens\select_chat_page.dart","255","'🎲 本次邂逅第一位角色：'"
"lib\screens\select_chat_page.dart","262","'❌ 讀取邂逅角色失敗：$e'"
"lib\screens\select_chat_page.dart","596","'邂逅資料載入失敗，請稍後再試。'"
"lib\screens\select_chat_page.dart","610","'目前還沒有可以邂逅的角色'"
"lib\screens\select_chat_page.dart","683","'人氣榜角色頭像載入失敗：$error'"
"lib\screens\select_chat_page.dart","754","'全部'"
"lib\screens\select_chat_page.dart","759","'全部'"
"lib\screens\select_chat_page.dart","760","'霸總'"
"lib\screens\select_chat_page.dart","761","'年上'"
"lib\screens\select_chat_page.dart","762","'年下'"
"lib\screens\select_chat_page.dart","763","'校園'"
"lib\screens\select_chat_page.dart","764","'職場'"
"lib\screens\select_chat_page.dart","765","'古風'"
"lib\screens\select_chat_page.dart","766","'仙俠'"
"lib\screens\select_chat_page.dart","767","'病嬌'"
"lib\screens\select_chat_page.dart","768","'忠犬'"
"lib\screens\select_chat_page.dart","769","'高冷'"
"lib\screens\select_chat_page.dart","770","'青梅竹馬'"
"lib\screens\select_chat_page.dart","771","'師徒'"
"lib\screens\select_chat_page.dart","772","'甜寵'"
"lib\screens\select_chat_page.dart","773","'非人'"
"lib\screens\select_chat_page.dart","774","'其他'"
"lib\screens\select_chat_page.dart","782","'霸總'"
"lib\screens\select_chat_page.dart","782","'霸總'"
"lib\screens\select_chat_page.dart","782","'霸道總裁'"
"lib\screens\select_chat_page.dart","782","'總裁'"
"lib\screens\select_chat_page.dart","782","'財閥'"
"lib\screens\select_chat_page.dart","783","'年上'"
"lib\screens\select_chat_page.dart","783","'年上'"
"lib\screens\select_chat_page.dart","783","'成熟'"
"lib\screens\select_chat_page.dart","783","'叔系'"
"lib\screens\select_chat_page.dart","784","'年下'"
"lib\screens\select_chat_page.dart","784","'年下'"
"lib\screens\select_chat_page.dart","784","'弟弟'"
"lib\screens\select_chat_page.dart","784","'弟系'"
"lib\screens\select_chat_page.dart","785","'校園'"
"lib\screens\select_chat_page.dart","785","'校園'"
"lib\screens\select_chat_page.dart","785","'學生'"
"lib\screens\select_chat_page.dart","785","'學長'"
"lib\screens\select_chat_page.dart","785","'學弟'"
"lib\screens\select_chat_page.dart","785","'同學'"
"lib\screens\select_chat_page.dart","785","'老師'"
"lib\screens\select_chat_page.dart","786","'職場'"
"lib\screens\select_chat_page.dart","786","'職場'"
"lib\screens\select_chat_page.dart","786","'上司'"
"lib\screens\select_chat_page.dart","786","'老闆'"
"lib\screens\select_chat_page.dart","786","'秘書'"
"lib\screens\select_chat_page.dart","786","'總監'"
"lib\screens\select_chat_page.dart","786","'經理'"
"lib\screens\select_chat_page.dart","786","'辦公室'"
"lib\screens\select_chat_page.dart","787","'古風'"
"lib\screens\select_chat_page.dart","787","'古風'"
"lib\screens\select_chat_page.dart","787","'古代'"
"lib\screens\select_chat_page.dart","787","'王爺'"
"lib\screens\select_chat_page.dart","787","'皇帝'"
"lib\screens\select_chat_page.dart","787","'太子'"
"lib\screens\select_chat_page.dart","787","'將軍'"
"lib\screens\select_chat_page.dart","787","'江湖'"
"lib\screens\select_chat_page.dart","787","'武俠'"
"lib\screens\select_chat_page.dart","788","'仙俠'"
"lib\screens\select_chat_page.dart","788","'仙俠'"
"lib\screens\select_chat_page.dart","788","'修仙'"
"lib\screens\select_chat_page.dart","788","'仙門'"
"lib\screens\select_chat_page.dart","788","'宗主'"
"lib\screens\select_chat_page.dart","788","'師尊'"
"lib\screens\select_chat_page.dart","788","'仙尊'"
"lib\screens\select_chat_page.dart","788","'魔尊'"
"lib\screens\select_chat_page.dart","789","'病嬌'"
"lib\screens\select_chat_page.dart","789","'病嬌'"
"lib\screens\select_chat_page.dart","789","'偏執'"
"lib\screens\select_chat_page.dart","789","'瘋批'"
"lib\screens\select_chat_page.dart","789","'黑化'"
"lib\screens\select_chat_page.dart","790","'忠犬'"
"lib\screens\select_chat_page.dart","790","'忠犬'"
"lib\screens\select_chat_page.dart","790","'黏人'"
"lib\screens\select_chat_page.dart","790","'專一'"
"lib\screens\select_chat_page.dart","790","'守護'"
"lib\screens\select_chat_page.dart","790","'忠誠'"
"lib\screens\select_chat_page.dart","791","'高冷'"
"lib\screens\select_chat_page.dart","791","'高冷'"
"lib\screens\select_chat_page.dart","791","'冷淡'"
"lib\screens\select_chat_page.dart","791","'寡言'"
"lib\screens\select_chat_page.dart","791","'禁慾'"
"lib\screens\select_chat_page.dart","791","'疏離'"
"lib\screens\select_chat_page.dart","792","'青梅竹馬'"
"lib\screens\select_chat_page.dart","792","'青梅竹馬'"
"lib\screens\select_chat_page.dart","792","'竹馬'"
"lib\screens\select_chat_page.dart","792","'幼馴染'"
"lib\screens\select_chat_page.dart","793","'師徒'"
"lib\screens\select_chat_page.dart","793","'師徒'"
"lib\screens\select_chat_page.dart","793","'師父'"
"lib\screens\select_chat_page.dart","793","'師尊'"
"lib\screens\select_chat_page.dart","793","'徒弟'"
"lib\screens\select_chat_page.dart","794","'甜寵'"
"lib\screens\select_chat_page.dart","794","'甜寵'"
"lib\screens\select_chat_page.dart","794","'寵溺'"
"lib\screens\select_chat_page.dart","794","'溫柔'"
"lib\screens\select_chat_page.dart","794","'治癒'"
"lib\screens\select_chat_page.dart","794","'甜'"
"lib\screens\select_chat_page.dart","795","'非人'"
"lib\screens\select_chat_page.dart","795","'非人'"
"lib\screens\select_chat_page.dart","795","'吸血鬼'"
"lib\screens\select_chat_page.dart","795","'狼人'"
"lib\screens\select_chat_page.dart","795","'妖'"
"lib\screens\select_chat_page.dart","795","'魔'"
"lib\screens\select_chat_page.dart","795","'神明'"
"lib\screens\select_chat_page.dart","795","'精靈'"
"lib\screens\select_chat_page.dart","795","'獸人'"
"lib\screens\select_chat_page.dart","795","'人魚'"
"lib\screens\select_chat_page.dart","876","'全部'"
"lib\screens\select_chat_page.dart","877","'其他'"
"lib\screens\select_chat_page.dart","879","'全部'"
"lib\screens\select_chat_page.dart","879","'其他'"
"lib\screens\select_chat_page.dart","1000","'這個分類目前還沒有角色'"
"lib\screens\select_chat_page.dart","2034","'❌ 查看更多讀取封鎖角色失敗：$e'"
"lib\screens\settings_page.dart","212","""⚠️ 強制刷新憑證失敗，可能需要重新登入: $e"""
"lib\screens\settings_page.dart","266","'發生錯誤'"
"lib\screens\settings_page.dart","558","'更改密碼'"
"lib\screens\settings_page.dart","559","'驗證目前密碼後設定新的登入密碼'"
"lib\screens\settings_page.dart","585","'管理'"
"lib\screens\settings_page.dart","590","'管理後台'"
"lib\screens\settings_page.dart","591","'拾光內部管理工具'"
"lib\screens\settings_page.dart","645","""創作者規範"""
"lib\screens\settings_page.dart","662","'遊玩指南'"
"lib\screens\settings_page.dart","684","'戀戀拾光'"
"lib\screens\settings_page.dart","686","'© 2026 默語白'"
"lib\screens\splash_loading_screen.dart","38","""圖片預載失敗: $e"""
"lib\screens\storage_test_page.dart","22","'請先選擇一張圖片'"
"lib\screens\storage_test_page.dart","28","'正在選擇圖片...'"
"lib\screens\storage_test_page.dart","42","'圖片已選擇！路徑: ${image.path}'"
"lib\screens\storage_test_page.dart","47","'已取消選擇'"
"lib\screens\storage_test_page.dart","55","'錯誤：請先選擇一張圖片才能上傳！'"
"lib\screens\storage_test_page.dart","61","'上傳中，請稍候...'"
"lib\screens\storage_test_page.dart","68","'錯誤：使用者未登入'"
"lib\screens\storage_test_page.dart","82","'--- 開始上傳到 Firebase Storage ---'"
"lib\screens\storage_test_page.dart","86","'--- 上傳成功！正在取得下載網址... ---'"
"lib\screens\storage_test_page.dart","89","'--- 取得網址成功！URL: $url ---'"
"lib\screens\storage_test_page.dart","92","'上傳成功！'"
"lib\screens\storage_test_page.dart","96","'!!! 上傳超時 !!!'"
"lib\screens\storage_test_page.dart","98","'錯誤：上傳超時！請檢查網路。'"
"lib\screens\storage_test_page.dart","101","'!!! 上傳失敗: $e'"
"lib\screens\storage_test_page.dart","103","'錯誤：上傳失敗！詳情請見除錯主控台。'"
"lib\screens\storage_test_page.dart","116","'Firebase Storage 測試'"
"lib\screens\storage_test_page.dart","184","'1. 選擇圖片'"
"lib\screens\storage_test_page.dart","199","'2. 上傳到 Firebase'"
"lib\screens\storage_test_page.dart","214","'下載網址：'"
"lib\screens\store_page.dart","331","'月間パス'"
"lib\screens\store_page.dart","337","'月卡專區'"
"lib\screens\store_page.dart","646","'初見傾心'"
"lib\screens\store_page.dart","646","'20 點花花 + 專屬新手稱號'"
"lib\screens\store_page.dart","647","'微光悸動'"
"lib\screens\store_page.dart","647","'專屬頭像框【微光悸動】'"
"lib\screens\store_page.dart","648","'星空呢喃'"
"lib\screens\store_page.dart","648","'專屬聊天氣泡 + 50 點花花'"
"lib\screens\store_page.dart","649","'浪漫夕陽'"
"lib\screens\store_page.dart","649","'專屬 App 桌面圖示 (Icon)'"
"lib\screens\store_page.dart","650","'怦然心動'"
"lib\screens\store_page.dart","650","'點擊螢幕特效 (Lottie) + 100 點花花'"
"lib\screens\store_page.dart","651","'永恆誓約'"
"lib\screens\store_page.dart","651","'進階動態頭像框 + 200 點花花'"
"lib\screens\store_page.dart","652","'靈魂交會'"
"lib\screens\store_page.dart","652","'動態聊天氣泡特效 + 專屬進階稱號'"
"lib\screens\store_page.dart","653","'專屬守候'"
"lib\screens\store_page.dart","653","'頂級動態名牌 + 500 點花花'"
"lib\screens\store_page.dart","654","'璀璨星河'"
"lib\screens\store_page.dart","654","'專屬進場 Lottie 特效 + 專屬客服'"
"lib\screens\store_page.dart","655","'頂級摯愛'"
"lib\screens\store_page.dart","655","'【實體 VIP 專屬禮盒】(手寫信+代表娃)'"
"lib\screens\store_page.dart","741","'累積浪漫羈絆'"
"lib\screens\store_page.dart","758","'您已解鎖所有頂級特權！'"
"lib\screens\store_page.dart","759","'再儲值 NT\$ ${nextTierAmount - totalSpent} 即可解鎖下一階'"
"lib\screens\store_page.dart","1627","'簽到'"
"lib\screens\store_page.dart","1631","'聊天'"
"lib\screens\store_page.dart","1635","'月卡'"
"lib\screens\store_page.dart","1636","'星光契約'"
"lib\screens\store_page.dart","1639","'禮包'"
"lib\screens\store_page.dart","1640","'儲值'"
"lib\screens\store_page.dart","1644","'補償'"
"lib\screens\story_summary_page.dart","263","'❌ 重新讀取我們的故事失敗: $e'"
"lib\screens\story_summary_page.dart","459","'故事內容不能是空的'"
"lib\screens\story_summary_page.dart","534","'寫下你們的故事...'"
"lib\screens\user_profile_popup.dart","120","'預設檔案'"
"lib\screens\user_profile_popup.dart","160","'讀取拾光檔案失敗: $e'"
"lib\screens\user_profile_popup.dart","347","'❌ 記錄拾光檔案稍後填寫失敗：$e'"
"lib\screens\user_profile_popup.dart","699","'基本資料'"
"lib\screens\user_profile_popup.dart","733","'關於這個我'"
"lib\screens\welcome_guide_page.dart","128","'遊玩指南'"
"lib\screens\welcome_guide_page.dart","161","'開始旅程'"
"lib\screens\welcome_guide_page.dart","187","'下一步'"
"lib\screens\welcome_guide_page.dart","294","'歡迎來到《戀戀拾光》'"
"lib\screens\welcome_guide_page.dart","296","'在這裡，每一次相遇，'"
"lib\screens\welcome_guide_page.dart","297","'都可能成為一段難忘的故事。'"
"lib\screens\welcome_guide_page.dart","298","'希望《戀戀拾光》能陪伴你，'"
"lib\screens\welcome_guide_page.dart","299","'創造屬於你們的美好回憶。'"
"lib\screens\welcome_guide_page.dart","333","'聊天模式'"
"lib\screens\welcome_guide_page.dart","337","'《戀戀拾光》提供多種聊天模式，'"
"lib\screens\welcome_guide_page.dart","338","'每種模式都有不同的互動體驗。'"
"lib\screens\welcome_guide_page.dart","349","'日常模式'"
"lib\screens\welcome_guide_page.dart","350","'陪伴彼此、分享生活，享受輕鬆自在的聊天時光。'"
"lib\screens\welcome_guide_page.dart","355","'劇情模式'"
"lib\screens\welcome_guide_page.dart","356","'推進角色故事，解鎖更多專屬劇情與互動。'"
"lib\screens\welcome_guide_page.dart","361","'沉浸模式'"
"lib\screens\welcome_guide_page.dart","362","'體驗更投入、更有臨場感的對話。'"
"lib\screens\welcome_guide_page.dart","366","'更多聊天模式介紹，可於「遊戲說明」查看。'"
"lib\screens\welcome_guide_page.dart","402","'邂逅'"
"lib\screens\welcome_guide_page.dart","406","'每位角色都擁有獨特的個性、故事與聲音。'"
"lib\screens\welcome_guide_page.dart","407","'遇見喜歡的角色後，可以加入好友，'"
"lib\screens\welcome_guide_page.dart","408","'與他聊天互動、分享生活，'"
"lib\screens\welcome_guide_page.dart","409","'一起創造屬於你們的回憶。'"
"lib\screens\welcome_guide_page.dart","431","'更多內容'"
"lib\screens\welcome_guide_page.dart","440","'還有收藏、創作者、商城等豐富功能，'"
"lib\screens\welcome_guide_page.dart","441","'歡迎前往「遊戲說明」了解更多。'"
"lib\services\app_update_service.dart","170","'⚠️ 檢查 App 更新失敗：$error'"
"lib\services\auth_service.dart","46","""🌐 執行網頁版 Google 登入..."""
"lib\services\auth_service.dart","54","""📱 執行手機版 Google 登入..."""
"lib\services\auth_service.dart","73","""Firebase 登入成功！使用者: ${userCredential.user?.displayName}"""
"lib\services\auth_service.dart","87","""🔴 Google 登入時發生錯誤: $e"""
"lib\services\auth_service.dart","95","'🧪 開始信箱註冊 email=$email'"
"lib\services\auth_service.dart","102","'✅ Firebase Auth 註冊成功 uid=${userCredential.user?.uid}'"
"lib\services\auth_service.dart","105","'🧪 準備建立 Firestore user document'"
"lib\services\auth_service.dart","107","'✅ Firestore user document 建立/補洞完成'"
"lib\services\auth_service.dart","115","'❌ 信箱註冊 FirebaseAuthException code=${e.code}, message=${e.message}'"
"lib\services\auth_service.dart","118","'❌ 信箱註冊未知錯誤: $e'"
"lib\services\auth_service.dart","143","'信箱登入失敗: ${e.message}'"
"lib\services\auth_service.dart","150","""🚀 開始執行強制登出..."""
"lib\services\auth_service.dart","168","""❌ 登出發生災難: $e"""
"lib\services\auth_service.dart","179","""🌐 執行網頁版 Facebook 登入..."""
"lib\services\auth_service.dart","185","""📱 執行手機版 Facebook 登入..."""
"lib\services\auth_service.dart","198","""🔑 抓到的 FB Token 是: ${result.accessToken!.tokenString}"""
"lib\services\auth_service.dart","203","""🍎 偵測到 iOS 限定 OIDC 長憑證，切換專屬驗證通道..."""
"lib\services\auth_service.dart","210","""🤖 偵測到傳統 Facebook 短憑證..."""
"lib\services\auth_service.dart","216","""⚠️ Facebook 登入取消或失敗: ${result.message}"""
"lib\services\auth_service.dart","221","""🎉 Facebook 登入成功！使用者: ${userCredential.user?.displayName}"""
"lib\services\auth_service.dart","235","""🔴 Facebook 登入時發生錯誤: $e"""
"lib\services\auth_service.dart","271","'Apple 登入報錯: $e'"
"lib\services\auth_service.dart","299","""尚未登入"""
"lib\services\auth_service.dart","313","""❌ 取消刪除失敗: $e"""
"lib\services\auth_service.dart","314","""取消刪除帳號失敗，請稍後再試"""
"lib\services\auth_service.dart","327","""✅ 帳號刪除完成"""
"lib\services\auth_service.dart","330","""❌ 刪除失敗: $e"""
"lib\services\auth_service.dart","331","""刪除帳號失敗"""
"lib\services\auth_service.dart","340","""尚未登入"""
"lib\services\auth_service.dart","355","""❌ 申請刪除失敗: $e"""
"lib\services\auth_service.dart","356","""申請刪除帳號失敗，請稍後再試"""
"lib\services\auth_service.dart","380","""⚠️ 玩家文件已存在，不需要修復：$uid"""
"lib\services\auth_service.dart","389","'初識的旅人'"
"lib\services\auth_service.dart","390","'初識的旅人'"
"lib\services\auth_service.dart","414","""✅ 玩家資料修復完成 UID=$uid"""
"lib\services\auth_service.dart","417","""❌ 玩家資料修復失敗：$e"""
"lib\services\auth_service.dart","468","""⚠️ 發現玩家資料異常 UID=${user.uid}，存在子集合但 users 文件不存在"""
"lib\services\auth_service.dart","478","""初識的旅人"""
"lib\services\auth_service.dart","480","""初識的旅人"""
"lib\services\auth_service.dart","503","""✅ 玩家資料修復完成 UID=${user.uid}, 花花=$repairedFlowerPoints"""
"lib\services\auth_service.dart","512","""初識的旅人"""
"lib\services\auth_service.dart","513","""初識的旅人"""
"lib\services\auth_service.dart","532","'新手禮物'"
"lib\services\auth_service.dart","555","""初識的旅人"""
"lib\services\auth_service.dart","559","""初識的旅人"""
"lib\services\butterfly_loading_view.dart","52","""正在與時光連結..."""
"lib\services\character_block_service.dart","25","'請先登入後再封鎖角色'"
"lib\services\character_block_service.dart","34","'無法封鎖自己建立的角色'"
"lib\services\character_block_service.dart","56","'封鎖角色'"
"lib\services\character_block_service.dart","60","'確定要封鎖「${character.name}」嗎？\n\n'"
"lib\services\character_block_service.dart","61","'封鎖後，你將不會再於邂逅、瞬間等推薦內容中看到這個角色。'"
"lib\services\character_block_service.dart","71","'取消'"
"lib\services\character_block_service.dart","85","'確認封鎖'"
"lib\services\character_block_service.dart","117","'🚫 開始封鎖角色：${character.name} (${character.id})'"
"lib\services\character_block_service.dart","142","'✅ blockedCharacters 寫入成功：${character.id}'"
"lib\services\character_block_service.dart","151","'已封鎖「${character.name}」'"
"lib\services\character_block_service.dart","159","'❌ 封鎖角色失敗：$e'"
"lib\services\character_block_service.dart","169","'封鎖失敗，請稍後再試'"
"lib\services\character_block_service.dart","201","'已解除封鎖'"
"lib\services\character_block_service.dart","210","'❌ 解除封鎖失敗：$e'"
"lib\services\character_block_service.dart","220","'解除封鎖失敗，請稍後再試'"
"lib\services\character_report_service.dart","22","'請先登入後再檢舉角色'"
"lib\services\character_report_service.dart","33","'無法檢舉自己建立的角色'"
"lib\services\character_report_service.dart","61","'檢舉已送出，我們會進行審核'"
"lib\services\character_report_service.dart","68","'❌ 開啟角色檢舉頁失敗：$e'"
"lib\services\character_report_service.dart","79","'無法開啟檢舉頁面，請稍後再試'"
"lib\services\daily_task_service.dart","53","'找不到玩家資料'"
"lib\services\daily_task_service.dart","165","'❌ 社群巡禮任務紀錄失敗：$e'"
"lib\services\help_translation_admin_service.dart","50","'translateText 沒有回傳 translatedText。'"
"lib\services\help_translation_admin_service.dart","105","'正在翻譯分類：${category.title}'"
"lib\services\help_translation_admin_service.dart","170","'準備翻譯 ${targetLanguage.toUpperCase()}...'"
"lib\services\help_translation_admin_service.dart","193","'翻譯進度 ${index + 1}/'"
"lib\services\help_translation_admin_service.dart","221","'正在寫入 Firestore...'"
"lib\services\help_translation_admin_service.dart","245","'翻譯同步完成！'"
"lib\services\profile_service.dart","54","""找不到使用者，請重新登入"""
"lib\services\profile_service.dart","58","""此 ID 已被使用，請換一個！"""
"lib\services\profile_service.dart","106","""找不到使用者，請重新登入"""
"lib\services\profile_service.dart","133","""此 ID 已被使用！"""
"lib\services\purchase_service.dart","41","""監聽購買更新時發生錯誤: $error"""
"lib\services\purchase_service.dart","81","""⚠️ 找不到以下商品ID (請檢查 Google Play 後台是否已啟用): ${response.notFoundIDs}"""
"lib\services\purchase_service.dart","127","""❌ 呼叫購買面板失敗: $e"""
"lib\services\purchase_service.dart","151","""iOS 失敗訂單結案安全攔截: $e"""
"lib\services\purchase_service.dart","160","""iOS 成功訂單結案安全攔截: $e"""
"lib\services\purchase_service.dart","165","""🔄 偵測到歷史訂單恢復 (ID: ${purchaseDetails.productID})，不重複發放點數。"""
"lib\services\purchase_service.dart","249","""尚未登入，無法發放商品"""
"lib\services\purchase_service.dart","288","""⚠️ 已達半年上限，調整到期日為 180 天後"""
"lib\services\purchase_service.dart","301","""🎁 玩家首購或重置月卡，重新生成次數已補滿 20 次！"""
"lib\services\purchase_service.dart","304","""🔄 玩家於月卡期間續約，保留當下剩餘的重新生成次數！"""
"lib\services\purchase_service.dart","339","'啟動：星光契約 (月卡立即贈點) 🌙'"
"lib\services\purchase_service.dart","343","'儲值：$pointsToAdd 點 (含首購雙倍 🎁)'"
"lib\services\purchase_service.dart","345","'儲值：$pointsToAdd 點'"
"lib\services\purchase_service.dart","354","""成功發放！商品ID: $productId，獲得 $pointsToAdd 點，並已寫入明細！"""
"lib\services\purchase_service.dart","363","""寫入 Firebase 失敗: $e"""
"lib\services\reminder_notification_service.dart","33","'✅ 已儲存待處理通知：$payload'"
"lib\services\reminder_notification_service.dart","53","'取得裝置時區失敗：$e'"
"lib\services\reminder_notification_service.dart","84","'玩家點擊備忘錄通知：${response.payload}'"
"lib\services\reminder_notification_service.dart","133","'通知權限：$notificationGranted，'"
"lib\services\reminder_notification_service.dart","134","'精準鬧鐘權限：$exactAlarmGranted'"
"lib\services\reminder_notification_service.dart","169","'傲嬌'"
"lib\services\reminder_notification_service.dart","170","'我才不是擔心你，只是怕你忘記而已。今天別忘了：$memoContent'"
"lib\services\reminder_notification_service.dart","173","'霸總'"
"lib\services\reminder_notification_service.dart","174","'強勢'"
"lib\services\reminder_notification_service.dart","175","'總裁'"
"lib\services\reminder_notification_service.dart","176","'行程已經替你記好了，準時完成。今天別忘了：$memoContent'"
"lib\services\reminder_notification_service.dart","179","'病嬌'"
"lib\services\reminder_notification_service.dart","180","'不可以忘記喔，我可是會一直記得的。今天別忘了：$memoContent'"
"lib\services\reminder_notification_service.dart","183","'溫柔'"
"lib\services\reminder_notification_service.dart","184","'知性'"
"lib\services\reminder_notification_service.dart","185","'暖男'"
"lib\services\reminder_notification_service.dart","186","'怕你忙著忙著就忘了，所以想提醒你一下。今天別忘了：$memoContent'"
"lib\services\reminder_notification_service.dart","189","'高冷'"
"lib\services\reminder_notification_service.dart","190","'冷淡'"
"lib\services\reminder_notification_service.dart","191","'冷酷'"
"lib\services\reminder_notification_service.dart","192","'提醒你一件事。今天別忘了：$memoContent'"
"lib\services\reminder_notification_service.dart","195","'陽光'"
"lib\services\reminder_notification_service.dart","196","'活潑'"
"lib\services\reminder_notification_service.dart","197","'少年'"
"lib\services\reminder_notification_service.dart","198","'嘿，今天還有一件重要的事喔！別忘了：$memoContent'"
"lib\services\reminder_notification_service.dart","201","'慵懶'"
"lib\services\reminder_notification_service.dart","202","'雖然很想繼續躺著，但還是得提醒你。今天別忘了：$memoContent'"
"lib\services\reminder_notification_service.dart","205","'年上'"
"lib\services\reminder_notification_service.dart","206","'哥哥'"
"lib\services\reminder_notification_service.dart","207","'成熟'"
"lib\services\reminder_notification_service.dart","208","'乖，今天的事情別忘記了。記得：$memoContent'"
"lib\services\reminder_notification_service.dart","211","'年下'"
"lib\services\reminder_notification_service.dart","212","'奶狗'"
"lib\services\reminder_notification_service.dart","213","'我有乖乖幫你記住喔！今天別忘了：$memoContent'"
"lib\services\reminder_notification_service.dart","216","'機械'"
"lib\services\reminder_notification_service.dart","218","'提醒事項已啟動。今日任務：$memoContent'"
"lib\services\reminder_notification_service.dart","221","'今天別忘了：$memoContent'"
"lib\services\reminder_notification_service.dart","247","'備忘錄通知時間已經過期，不排程：$scheduledDate'"
"lib\services\reminder_notification_service.dart","257","'備忘錄提醒'"
"lib\services\reminder_notification_service.dart","258","'由角色提醒玩家已設定的備忘事項'"
"lib\services\reminder_notification_service.dart","288","'$characterName 提醒你'"
"lib\services\reminder_notification_service.dart","303","'✅ 備忘錄通知已排程：'"
"lib\services\reminder_notification_service.dart","321","'🗑️ 已取消備忘錄通知：$notificationId'"
"lib\services\toast_utils.dart","137","'⚠️ 移除舊 Toast Overlay 失敗：$e'"
"lib\services\toast_utils.dart","309","'❌ Toast Overlay 插入失敗：$e'"
"lib\services\toast_utils.dart","347","'⚠️ Toast Overlay 移除失敗：$e'"
"lib\services\translationService.dart","15","""🌐 [AI 翻譯] 正在將碎片翻譯為 $targetLang..."""
"lib\services\translationService.dart","32","""【譯】$title"""
"lib\services\translationService.dart","33","""（這是 AI 翻譯後的感性內容）\n\n$content"""
"lib\services\translationService.dart","36","""🔴 [AI 翻譯] 失敗: $e"""
"lib\services\translationService.dart","37","""翻譯失敗: $e"""
"lib\services\translationService.dart","61","""✅ [雲端緩存] 碎片 $loreId 的 $lang 翻譯版本已儲存！"""
"lib\services\translationService.dart","63","""🔴 [雲端緩存] 存檔失敗: $e"""
"lib\utils\character_navigator.dart","128","'❌ CharacterNavigator 開啟失敗：$e'"
"lib\utils\character_navigator.dart","176","'機密檔案'"
"lib\utils\character_navigator.dart","212","'此角色可能已轉為私人、下架、違規封存或刪除。'"
"lib\utils\character_navigator.dart","226","'我知道了'"
"lib\utils\character_navigator.dart","245","'讀取失敗'"
"lib\utils\character_navigator.dart","247","'暫時無法讀取角色資料，請稍後再試。'"
"lib\utils\character_navigator.dart","254","'確定'"
"lib\widgets\character_image_carousel.dart","73","'預載角色圖片失敗：$imagePath，$error'"
"lib\widgets\dice_duel_overlay.dart","119","'妳'"
"lib\widgets\dice_duel_overlay.dart","159","'對決結果已封存！'"
"lib\widgets\dice_duel_overlay.dart","162","'🎲 宇宙能量匯聚中...'"
