"File","Line","Text"
"lib\firebase_options_platform.web.dart","35","""?? Web Token 憭望?嚗?e"""
"lib\main.dart","31","'?予閮?'"
"lib\main.dart","41","""? [?撠移? ????啗??舫: ${message.notification?.title}"""
"lib\main.dart","106","'?? ??????暹?'"
"lib\main.dart","108","'????????仃??$e'"
"lib\main.dart","113","'?對? Web Debug 璅∪?嚗??Firebase App Check'"
"lib\main.dart","133","'?? Firebase App Check ???暹?'"
"lib\main.dart","135","'??Firebase App Check ???仃??$e'"
"lib\main.dart","188","""?湔?函???仃?? $e"""
"lib\main.dart","218","'???曉?'"
"lib\main.dart","301","""???曆??圈犖?"""
"lib\main.dart","318","""霈?仃??${snapshot.error}"""
"lib\main.dart","326","'蝜?銝剜?'"
"lib\main.dart","341","""? ?嗅?冽??Data ?批捆: $data"""
"lib\main.dart","349","""???湧??航炊嚗銝????characterId"""
"lib\main.dart","375","""?? 撠?餃嚗??FCM token ?脣?"""
"lib\main.dart","394","""??FCM token 撌脣摮?${defaultTargetPlatform.name}"""
"lib\main.dart","437","'???脣? FCM token 憭望?嚗?e'"
"lib\main.dart","454","""???冽????隤? $e"""
"lib\data\store_data.dart","19","'??蝳桀?'"
"lib\data\store_data.dart","20","'?蝳桀?'"
"lib\data\store_data.dart","21","'敹?蝳桀?'"
"lib\data\store_data.dart","22","'?望?蝳桀?'"
"lib\data\store_data.dart","23","'?亙楛蝳桀?'"
"lib\data\store_data.dart","24","'摰旨??, points: 1030, bonusTag: '"
"lib\data\store_data.dart","25","'靽∟陷蝳桀?'"
"lib\data\store_data.dart","26","'??雿旨??, points: 1650, bonusTag: '"
"lib\data\store_data.dart","27","'??蝳桀?'"
"lib\data\store_data.dart","28","'?輯姥蝳桀?'"
"lib\data\store_data.dart","29","'?訾撈蝳桀?'"
"lib\data\store_data.dart","30","'瘛望?蝳桀?'"
"lib\data\store_data.dart","31","'?瑚?蝳桀?'"
"lib\data\store_data.dart","32","'?臭?蝳桀?'"
"lib\data\store_data.dart","33","'?舀?蝳桀?'"
"lib\data\store_data.dart","34","'銝??銝?'"
"lib\data\store_data.dart","35","'隤?蝳桀?'"
"lib\data\store_data.dart","36","'瘞豢??鈭箏?'"
"lib\generated\app_localizations_ar.dart","12","'塈?堨媢堹塈堹塈堛'"
"lib\generated\app_localizations_ar.dart","15","'堛媞??堭 ??? 塈?堻?堜'"
"lib\generated\app_localizations_ar.dart","18","'??塈堶婺塈堛 ?塈?堛堭塈堶塈堛'"
"lib\generated\app_localizations_ar.dart","21","'堛媞??堭 塈??媞堜'"
"lib\generated\app_localizations_ar.dart","24","'堿??媢 塈?堧媯堹?塈堙'"
"lib\generated\app_localizations_ar.dart","27","'??堻 ?堹?? 堧? 堧媯堹?塈堙 堥媢堹.'"
"lib\generated\app_localizations_ar.dart","30","'奡堮媯?堜 媞?堭 ?媢堭??堜'"
"lib\generated\app_localizations_ar.dart","34","'堶堹堳 堮媟堧 堧堳?塈堙 堛堶??? ?塈埵?堜 塈?堧媯堹?塈堙: $error'"
"lib\generated\app_localizations_ar.dart","38","'?媟??'"
"lib\generated\app_localizations_ar.dart","41","'?堥?堿'"
"lib\generated\app_localizations_ar.dart","44","'??媢? 堥塈?堶???堜'"
"lib\generated\app_localizations_ar.dart","47","'?堣堸'"
"lib\generated\app_localizations_ar.dart","50","'堻?堹堜 奡塈堥堜 堳堭?堜'"
"lib\generated\app_localizations_ar.dart","53","'堻?堹 奡塈堥 堳堭?'"
"lib\generated\app_localizations_ar.dart","56","'媢塈埵?堜 堳堭?堜'"
"lib\generated\app_localizations_ar.dart","59","'?堮媟媟'"
"lib\generated\app_localizations_ar.dart","62","'?堛???'"
"lib\generated\app_localizations_ar.dart","65","'?堸媢?堭'"
"lib\generated\app_localizations_ar.dart","68","'?媯堭'"
"lib\generated\app_localizations_ar.dart","71","'媢?'"
"lib\generated\app_localizations_ar.dart","74","'媢?堜'"
"lib\generated\app_localizations_ar.dart","77","'堧堮堛 ?堥?堭堜'"
"lib\generated\app_localizations_ar.dart","80","'堧堮 媯媞?堭'"
"lib\generated\app_localizations_ar.dart","83","'?堻??'"
"lib\generated\app_localizations_ar.dart","86","'?堸??堜 塈?堿?塈?'"
"lib\generated\app_localizations_ar.dart","89","'堛?塈?媔'"
"lib\generated\app_localizations_ar.dart","92","'?媞塈堬?堜'"
"lib\generated\app_localizations_ar.dart","95","'?塈堭? 塈?媢?堭'"
"lib\generated\app_localizations_ar.dart","98","'塈??堻堛堮堹? 媞?堭 ??堿?堹'"
"lib\generated\app_localizations_ar.dart","102","'堥?塈?塈堛 塈?媯?堭堜 媞?堭 ?堛媟塈堥?堜? ?堭堿? 堨媢塈堹堜 塈堮堛?塈堭 塈?媯?堭堜.'"
"lib\generated\app_localizations_ar.dart","105","'堨?奡塈堙 奡堮媯?堜'"
"lib\generated\app_localizations_ar.dart","109","'堧?堥?? 塈?奡堮媯?塈堛 (塈?媯?堭堜 塈?堧??? ?? 塈?媯?堭堜 塈?堭?堬?堜 塈?堭埵?堻?堜)'"
"lib\generated\app_localizations_ar.dart","112","'塈堻? 塈?奡堮媯?堜:*'"
"lib\generated\app_localizations_ar.dart","115","'?媯? 塈?奡堮媯?堜:'"
"lib\generated\app_localizations_ar.dart","118","'塈?媢?堭:'"
"lib\generated\app_localizations_ar.dart","121","'塈????堜:*'"
"lib\generated\app_localizations_ar.dart","124","'堛塈堭?堮 塈????塈堹:(MMDD)'"
"lib\generated\app_localizations_ar.dart","127","'塈?堿?堻 *'"
"lib\generated\app_localizations_ar.dart","130","'?? ?堛? 塈?塈堮堛?塈堭'"
"lib\generated\app_localizations_ar.dart","133","'堸?堭'"
"lib\generated\app_localizations_ar.dart","136","'堧?堳?'"
"lib\generated\app_localizations_ar.dart","139","'堧堮堭?'"
"lib\generated\app_localizations_ar.dart","142","'塈?媟??:(堻?)'"
"lib\generated\app_localizations_ar.dart","145","'?媯? 塈??婺?堭:'"
"lib\generated\app_localizations_ar.dart","148","'媢?塈?塈堛 塈?奡堮媯?堜'"
"lib\generated\app_localizations_ar.dart","151","'媢?塈?塈堛 奡堮媯?堜 堧堮堭?...'"
"lib\generated\app_localizations_ar.dart","154","'堧堮堭?'"
"lib\generated\app_localizations_ar.dart","158","'塈?堧奡?塈堙 塈???媔?堜:(?堳塈?: ?媢?堜 塈??堭塈??堜? 塈??媟媟? 塈?堧?塈? 塈???媟堭堜)'"
"lib\generated\app_localizations_ar.dart","162","'塈?堧奡?塈堙 塈???堭??堜:(?堳塈?: 塈??堭媢 塈??堭? 塈?堧?塈?? 塈?媯塈堮堥堜)'"
"lib\generated\app_localizations_ar.dart","166","'堧堻堭塈堭 媯媞?堭堜 ?塈 ?媢堭??塈 堧堶堹: (?堳塈?: ?? 塈?堶???堜 媔塈埵媢 ?? 塈?媟堭?)'"
"lib\generated\app_localizations_ar.dart","169","'塈?堻????塈堛 ?塈?堨??塈堙塈堛'"
"lib\generated\app_localizations_ar.dart","172","'?堥堭堜 ?堧堻??堥 塈???塈?: (?堳塈?: 堥塈堭堹 ?媢 塈?媞堭堥塈堙)'"
"lib\generated\app_localizations_ar.dart","176","'?堳塈? 媢?? 塈?堶?塈堭: (塈??塈媢堥: 堧?堛 ?媟?? 堿堹塈! 塈?奡堮媯?堜: ...堧??.)'"
"lib\generated\app_localizations_ar.dart","179","'堮???堜 塈?奡堮媯?堜:'"
"lib\generated\app_localizations_ar.dart","182","'堧堹堮? ?媯堜 堮???堜 塈?奡堮媯?堜 (堥堶堹 堧?媯? 2500 堶堭?)'"
"lib\generated\app_localizations_ar.dart","185","'堥堹塈?堜 塈??媯堜:'"
"lib\generated\app_localizations_ar.dart","188","'堧堹堮? 堶堥?堜 塈?奡堮媯?堜 (堥堶堹 堧?媯? 2500 堶堭?)'"
"lib\generated\app_localizations_ar.dart","192","'??堮媯 塈??媯堜 (堥堶堹 堧?媯? 50 堶堭??塈? 堻?婺?堭 媢?? 堥媟塈?堜 塈???塈堙)'"
"lib\generated\app_localizations_ar.dart","195","'?媢???塈堛 堨媔塈??堜 ??奡堮媯?堜:'"
"lib\generated\app_localizations_ar.dart","198","'堧堹堮? ?堶堛?? 堨媔塈??...'"
"lib\generated\app_localizations_ar.dart","202","'?? 堛堭?堹 堿媢??塈 媢塈?堜 ????? 塈??塈媢堥?? 塈?堞堮堭?? 堥塈??媢堥 堥?塈?'"
"lib\generated\app_localizations_ar.dart","205","'?媢?'"
"lib\generated\app_localizations_ar.dart","208","'?塈'"
"lib\generated\app_localizations_ar.dart","211","'堨?奡塈堙'"
"lib\generated\app_localizations_ar.dart","214","'堶?婺'"
"lib\generated\app_localizations_ar.dart","217","'堨?媞塈堙'"
"lib\generated\app_localizations_ar.dart","220","'堻堛堮堭堿 ?? 奡塈奡堜 堨?奡塈堙 塈?奡堮媯?堜'"
"lib\generated\app_localizations_ar.dart","223","'?? 堛堭?堹 塈?堶?婺 ??堻?堹堜?'"
"lib\generated\app_localizations_ar.dart","226","'?媢?'"
"lib\generated\app_localizations_ar.dart","229","'?塈'"
"lib\generated\app_localizations_ar.dart","232","'堛媢堹?? 塈??堶堛?? 塈?堨媔塈??'"
"lib\generated\app_localizations_ar.dart","236","'塈?堭堿塈堙 堨堹堮塈? 塈堻? 塈?奡堮媯?堜 ?堛堶??? 媯?堭堜 堭?堬?堜 ?塈堶堹堜 媢?? 塈?堧??!'"
"lib\generated\app_localizations_ar.dart","239","'堿塈堭? 塈?堶?婺...'"
"lib\generated\app_localizations_ar.dart","242","'堿塈堭? 堛堶??? 塈?媯?堭...'"
"lib\generated\app_localizations_ar.dart","245","'????? 堛堶??? 10 媯?堭 ?堶堹 堧?媯?.'"
"lib\generated\app_localizations_ar.dart","248","'堿塈堭? ?媢塈?堿堜 塈?媯?堭...'"
"lib\generated\app_localizations_ar.dart","251","'堿塈堭? 堶?婺 堥?塈?塈堛 塈?奡堮媯?堜...'"
"lib\generated\app_localizations_ar.dart","255","'堛? 堨?奡塈堙 塈?奡堮媯?堜 \""$charName\""!'"
"lib\generated\app_localizations_ar.dart","260","'?奡? 堨?奡塈堙 塈?奡堮媯?堜: 塈?堛?堛 ???堜 堛堶??? 塈?媯?堭堜? ?堭堿? 塈?堛堶?? ?? 塈堛媯塈?? 堥塈?堨?堛堭?堛.'"
"lib\generated\app_localizations_ar.dart","264","'?奡? 堨?奡塈堙 塈?奡堮媯?堜: $error'"
"lib\generated\app_localizations_ar.dart","268","'塈??婺?堭 ?塈??堶堛??'"
"lib\generated\app_localizations_ar.dart","271","'堨堹塈堭堜 塈?堶堻塈堥 ?塈??堶堛??'"
"lib\generated\app_localizations_ar.dart","274","'媢?塈'"
"lib\generated\app_localizations_ar.dart","277","'堨堹塈堭堜 塈?堶堻塈堥'"
"lib\generated\app_localizations_ar.dart","286","'媞?堭 ?媢堭??'"
"lib\generated\app_localizations_ar.dart","289","'堛? ?堻堮 ?媢堭?? 塈??堻堛堮堹? 堨?? 塈?堶塈?婺堜'"
"lib\generated\app_localizations_ar.dart","292","'堨堹塈堭堜 塈?奡堮媯?塈堛'"
"lib\generated\app_localizations_ar.dart","295","'媢堭媔 塈?奡堮媯?塈堛 塈??堶婺?堭堜'"
"lib\generated\app_localizations_ar.dart","298","'堻?塈堻堜 塈?堮媯?媯?堜'"
"lib\generated\app_localizations_ar.dart","301","'奡堭?媟 塈?堮堹?堜'"
"lib\generated\app_localizations_ar.dart","304","'堛堻堿?? 塈?堮堭?堿'"
"lib\generated\app_localizations_ar.dart","307","'?? 堛堭?堹 堛堻堿?? 塈?堮堭?堿?(織;?;`)'"
"lib\generated\app_localizations_ar.dart","310","'??堹 媔媞媟堛 堥塈?堮媟堧'"
"lib\generated\app_localizations_ar.dart","313","'堛堧??堹'"
"lib\generated\app_localizations_ar.dart","316","'堶堻?塈?! 堻堧?堛婺堭? 堶堛? 堛媢?堹??織?` )'"
"lib\generated\app_localizations_ar.dart","319","'堶堸? 塈?堶堻塈堥'"
"lib\generated\app_localizations_ar.dart","323","'?? 堧?堛 ?堛堧?堹 ?? 堧?? 堛堭?堹 堶堸? ?堸塈 塈?堶堻塈堥?鉈毯?'"
"lib\generated\app_localizations_ar.dart","327","'?塈 ???? 塈?堛堭塈堿媢 媢? ?堸塈 塈?堨堿堭塈堙? ?堻?堛? 堶堸? 堿??媢 塈?堥?塈?塈堛 堥奡?? 堹塈埵?!'"
"lib\generated\app_localizations_ar.dart","330","'?塈? ?塈 堧堭?堹 塈?堶堸?'"
"lib\generated\app_localizations_ar.dart","333","'堛堧??堹'"
"lib\generated\app_localizations_ar.dart","336","'堛? 堶堸? 塈?堶堻塈堥 堥?堿塈堶.'"
"lib\generated\app_localizations_ar.dart","340","'塈?奡堮媯?塈堛 ?塈??奡塈?堹 ?? 塈??媢堥堜 堮?塈??堜? ?堭堿? 媢堹? 堛媟堥???塈 媢?? 塈??塈?媢! 堨堸塈 ?塈? ??塈? 堧? 堛奡塈堥?? ??? ?? ?堥?? 塈?媯堹?堜 塈?堥堶堛堜.'"
"lib\generated\app_localizations_ar.dart","344","'堨媯堹塈堭 塈?堛媟堥??: $version'"
"lib\generated\app_localizations_ar.dart","348","'堛???堶'"
"lib\generated\app_localizations_ar.dart","352","'?堭堿? 堛媢堹?? ???? 塈?奡堮媯? ?堨??塈? 堥?塈?塈堛? 堧??塈?!'"
"lib\generated\app_localizations_ar.dart","355","'塈?堛?塈? 堨?? 塈?堛媢堹??'"
"lib\generated\app_localizations_ar.dart","358","'?塈堶?塈?'"
"lib\generated\app_localizations_ar.dart","362","'堛堛堶堹堳 ?媢 $friendName'"
"lib\generated\app_localizations_ar.dart","367","'?堶堛?? 塈?堹堭堹奡堜 ?媢 $friendName'"
"lib\generated\app_localizations_ar.dart","371","'塈?堛堥 堭堻塈?堜...'"
"lib\generated\app_localizations_ar.dart","374","'?? ?堛? 塈?媢堳?堭 媢?? 堥?塈?塈堛 塈?奡堮媯?堜'"
"lib\generated\app_localizations_ar.dart","378","'?奡? 堛堶??? 堛?塈媯?? 塈?奡堮媯?堜: $errorDetails'"
"lib\generated\app_localizations_ar.dart","382","'塈?媢?塈?堜 塈?堧???堜'"
"lib\generated\app_localizations_ar.dart","385","'媯堹?? 塈?媟???堜'"
"lib\generated\app_localizations_ar.dart","388","'堬???/堜 堧?堥堭/堧媯媞堭'"
"lib\generated\app_localizations_ar.dart","391","'堬?堿塈? ?堛奡塈堿堭塈?'"
"lib\generated\app_localizations_ar.dart","394","'堬??塈堙 媢??'"
"lib\generated\app_localizations_ar.dart","397","'堧堮堭? (?堭堿? 塈?堨堹堮塈? ?堹??塈?)'"
"lib\generated\app_localizations_ar.dart","400","'?媔媢 ????'"
"lib\generated\app_localizations_ar.dart","403","'?媔媢 塈??媯堜'"
"lib\generated\app_localizations_ar.dart","406","'?媔媢 塈?塈?媞?塈堻'"
"lib\generated\app_localizations_ar.dart","409","'?堭塈??堜 塈?堶?塈堜'"
"lib\generated\app_localizations_ar.dart","412","'堨媢?塈? 堿堹?堹'"
"lib\generated\app_localizations_ar.dart","416","'?媯?堛 堭堻塈?堜 堬???堜 堿堹?堹堜! 塈堸?堥 ?堛堶?? ?? ??塈?堜 塈?堥堭堹? 塈?堞?!'"
"lib\generated\app_localizations_ar.dart","419","'堭堹 堮堹?堜 塈?媢??塈堙'"
"lib\generated\app_localizations_ar.dart","422","'堨媢?塈? 塈??婺塈?'"
"lib\generated\app_localizations_ar.dart","425","'?塈 堛?堿堹 堨媢?塈?塈堛 堶塈??塈?'"
"lib\generated\app_localizations_ar.dart","428","'堥堹?? 媢??塈?'"
"lib\generated\app_localizations_ar.dart","431","'?塈 ??堿堹 ?堶堛??'"
"lib\generated\app_localizations_ar.dart","434","'堻?塈堻堜 塈?堮媯?媯?堜 ?? \""Lianlian Shiguang\""'"
"lib\generated\app_localizations_ar.dart","437","'堞堮堭 堛堶堹?堳: 10 堧堥堭?? 2026'"
"lib\generated\app_localizations_ar.dart","441","'堻?塈堻堜 塈?堮媯?媯?堜 ?? \""Lianlian Shiguang\""\n堛塈堭?堮 塈?堛堶堹?堳 塈?堧堮?堭: 10 堧堥堭?? 2026\n\n?堭堶堥?塈 堥? ?? \""Lianlian Shiguang\"" (塈??奡塈堭 堨???塈 ???塈 ??? 堥? \""塈?堮堹?堜\""). ?堶? ???? 堧???堜 ?堥堭? ?堮媯?媯?堛?. 堛?堹? ?堸? 塈?堻?塈堻堜 堨?? 堛?媔?堶 ????堜 堿?媢?塈 ?塈堻堛堮堹塈??塈 ?堶?塈?堛?塈 ??媢???塈堛? 塈?奡堮媯?堜.\n\n1. ?媢???塈堛 塈?堶堻塈堥:\n堛堻堿?? 塈?堹堮?? 媢堥堭 媟堭? 堳塈?堳: 媢?堹?塈 堛??? 堥堛堻堿?? 塈?堹堮?? 媢堥堭 堶堻塈堥塈堛 Google 堧? Facebook 堧? Apple? ?堿?媢 ?媢堭? Firebase UID 塈?堮塈媯 堥?? ?堥堭?堹? 塈?堨??堛堭???? ?塈堻?? 塈??堻堛媢塈堭 塈?媢塈?.\n塈?堛堻堿?? 媢堥堭 塈?堥堭?堹 塈?堨??堛堭???: 媢?堹?塈 堛堮堛塈堭 塈?堛堻堿?? 媢堥堭 塈?堥堭?堹 塈?堨??堛堭???? ?堿?媢 堶堻塈堥 堥堭?堹? 塈?堨??堛堭???. ?堛? 堨堹塈堭堜 ?堛堮堬?? ???堜 ?堭?堭 堛堻堿?? 塈?堹堮?? 塈?堮塈媯堜 堥? ?? 堮?塈? 堛???堜 堛奡??堭 Firebase? ??塈 ???? ??堭?? 塈?堛媟??堭 塈??媯?? 堨?? ???堜 塈??堭?堭 塈?堧媯??堜 塈?堮塈媯堜 堥?. ?堶? ??堛堬? 堥塈堛堮塈堸 ?媢塈??堭 堧?塈? 塈?媯?塈媢堜 ?媔?塈? 堻?塈?堜 堥?塈?塈堛? 塈?奡堮媯?堜.\n\n堥?塈?塈堛 塈?堛?塈媢?: ?堛???? 奡堮媯?塈堛 塈?堸?塈堙 塈?塈媯媟?塈媢? ?? 塈?堛?塈? 堸塈?堭堜 ?堻堛?堭堜? ???? 堥堿?媢 ?堛堮堬?? 堻堿?塈堛 堶?塈堭塈堛? ?媢 塈?堸?塈堙 塈?塈媯媟?塈媢? ?塈??堶堛?? 塈?堸? 堛?堛堥? ??奡堮媯?塈堛 堹塈堮? 塈??媢堥堜.\n\n?媢???塈堛 塈?堿?塈堬: 堛奡?? 媟堭塈堬 塈?堿?塈堬? ?堨媯堹塈堭 ?婺塈? 塈?堛奡媞??? ??媢堭? 塈?堿?塈堬 塈??堭?堹? ?堛堻堛堮堹? ?堛堶堻?? 塈??婺塈?.\n\n2. ????堜 塈堻堛堮堹塈? 塈??媢???塈堛:\n堛堶堻?? 堛堿堭堥堜 塈?堸?塈堙 塈?塈媯媟?塈媢?: 塈堻堛堮堹塈? 堻堿?塈堛 塈?堶?塈堭 ?堛堶堻?? 堿?堹堜 堭堹?堹 塈?堸?塈堙 塈?塈媯媟?塈媢? ?塈堻堛?堭塈堭?堜 塈?奡堮媯?堜.\n媢???塈堛 塈?堮堹?堜: 堛堻堛堮堹? ??媢塈?堿堜 奡堶? 塈???塈媟? ?堻堿?塈堛 塈?塈堻堛??塈?? ?塈?堛堶?? ?? ???堜 塈??堻堛堮堹?.\n塈?堶?塈?堜 塈?堧???堜: ?堭塈?堥堜 塈?堻????塈堛 塈?媔塈堭堜 ?堶?塈?堜 塈?堮塈堹? ?? 塈??堿?塈堛.\n\n3. 塈?堛媢塈?? 塈?堛??? ?媢 堧媟堭塈? 堳塈?堳堜:\n堛媢堛?堹 ?堸? 塈?堮堹?堜 媢?? 塈?堛???塈堛 塈?堹???堜 塈?堭埵?堻?堜 塈?堛塈??堜 ??堹媢?:\nGoogle Cloud / Firebase: ?堛堮堬?? 塈?堥?塈?塈堛 ?塈?堛堶?? ?? 塈????堜.\nOpenRouter / xAI / Meta: ?堛???堭 ??媟? 塈?堶堻塈堥 ???塈堸堿 塈?堸?塈堙 塈?塈媯媟?塈媢?.\n??塈堶婺堜: ?? ???? 堥堥?媢 堻堿?塈堛 堶?塈堭塈堛? 塈?堧媯??堜 ?堧? ?媢??.\n\n4. 堛堮堬?? ?堶堸? 塈?堥?塈?塈堛:\n堻?堛? 堛堮堬?? 堥?塈?塈堛? 堥奡?? 堞?? ?? 堮?塈堹? 堻堶塈堥?堜. ????? 塈?塈堛媯塈? 堥?塈 ?? 堧? ??堛 ?媟?堥 堶堸? 堶堻塈堥? ?堿??媢 堥?塈?塈堛 塈?堶?塈堭 塈??堭堛堥媟堜 堥? 堥奡?? 堹塈埵?.'"
"lib\generated\app_localizations_ar.dart","444","'奡堭?媟 塈?堮堹?堜 ?? \""Lianlian Shiguang\""'"
"lib\generated\app_localizations_ar.dart","447","'堞堮堭 堛堶堹?堳: 10 堧堥堭?? 2026'"
"lib\generated\app_localizations_ar.dart","451","'奡堭?媟 塈堻堛堮堹塈? 堮堹?堜 \""Lianlian Shiguang\""\n堛塈堭?堮 塈?堛堶堹?堳 塈?堧堮?堭: 10 堧堥堭?? 2026\n\n?堥? 塈堻堛堮堹塈? \""Lianlian Shiguang\"" (塈??奡塈堭 堨???塈 ???塈 ??? 堥? \""塈?堮堹?堜\"")? ?堭堿? ?堭塈堙堜 塈?奡堭?媟 塈?堛塈??堜 堥媢?塈?堜. 塈?堥堹堙 ?? 塈堻堛堮堹塈? 塈?堮堹?堜 ?媢?? ??塈??堛? 媢?? ?塈 ???:\n\n1. 媟堥?媢堜 塈?堮堹?堜 ?堨堮?塈堙 塈??堻堣???堜:\n堛?塈媢? 媞?堭 堥奡堭?: ?堛? 堨?奡塈堙 堿??媢 堭堹?堹 塈?奡堮媯?塈堛 ?? ?堸? 塈?堮堹?堜 堥?塈堻媟堜 塈?堸?塈堙 塈?塈媯媟?塈媢? 塈?堛???堹? (Generative AI). ??塈 堛?堳? 堛媯堭?堶塈堛 塈?奡堮媯?塈堛 ???? 塈??媟?堭.\n?堮塈媟堭 塈?堻堭堹: ?堹 ??奡埵 塈?堸?塈堙 塈?塈媯媟?塈媢? ?堶堛?? 堮?塈???塈 堧? 媞?堭 堹??? 堧? 媞?堭 ?堭?堶. ?堿堥 堧? ?堛?堛媢 塈??堻堛堮堹? 堥塈??堹堭堜 媢?? 塈?堛???堬 堥?? 塈?堮?塈? ?塈??塈?媢.\n\n2. 塈???塈媟 塈?塈?堛堭塈媔?堜 ????堸堿 塈?堹?媢:\n媟堥?媢堜 塈???塈媟: 塈???塈媟 堹塈堮? ?堸? 塈?堮堹?堜 ?? 堻?媢 塈?堛堭塈媔?堜? ?堥?堿堭堹 塈堻堛??塈??塈 (?堳?: 堹堮?? 塈??媯堜? ?媔媢 塈?塈?媞?塈堻? 堨堭堻塈? 塈??堹塈?塈? 塈???塈??塈堛 塈?媯?堛?堜) ?塈 ???? 塈堻堛堭堹塈堹?塈.\n塈堮堛?塈? 塈?堛???堜: 堛媢堛?堹 ?媢塈??堭 塈堻堛??塈? 塈???塈媟 ?? 塈?堧?媔塈媢 塈??堮堛??堜 媢?? 堛?塈??? 堶堻塈堥 塈?堸?塈堙 塈?塈媯媟?塈媢?? ?堛堶堛?婺 塈?堮堹?堜 堥塈?堶? ?? 堛媢堹?? 塈?堛?塈???.\n\n3. ??塈媢堹 堻??? 塈??堻堛堮堹?:\n塈??堶婺?堭塈堛: ??堶婺堭 塈堻堛堮堹塈? 塈?堸?塈堙 塈?塈媯媟?塈媢? ?堨?奡塈堙 ?堶堛?? ?堛媔?? 媢???塈 ??堭媟?塈? 堧? 堛?堿???塈 堨堿堭塈???塈? 堧? ??堛?? 塈??塈???.\n塈?堛堹堮? ?? 塈??婺塈?: ????媢 ??媢?塈 堥塈堛?塈 塈?堶媯?? 媢?? 堥?塈?塈堛 塈?堮堹?堜 堥奡?? 媞?堭 ?塈???? ?? 堮?塈? 堧? 堧堹?塈堛 堧堛?堛堜 堧? ??堹堻堜 媢?堻?堜.\n\n4. 堶??? 塈?????堜 塈???堭?堜 ?????堜 塈??堶堛??:\n塈??堶堛?? 塈?堧媯??: 堛?堛?? 堶??? 塈?????堜 塈???堭?堜 ?堧堻?塈堙 塈?奡堮媯?塈堛 (?堳? 塈?奡堮媯?塈堛 塈?堭堻??堜 ?? Cheng An)? ?堨媢堹塈堹塈堛 塈?堮???堜? ??媯?媯 塈??媯媯? ??媯?媯 塈?堶?塈堭? ???媟? 塈??媢堥堜? ?塈?堧堻?塈堙 塈?堛堿塈堭?堜 塈?堶媯堭?堜 堨?? \""?堭?? 堛媟??堭 Lianlian Shiguang\"".\n??塈堭堹 ?堭堮媯堜 ?? 堧媟堭塈? 堳塈?堳堜: 塈?堭??堬 ?塈?堮媟?媟 ?塈?堭??堬 塈?堛媢堥?堭?堜 塈??堻堛堮堹?堜 ?? ?塈堿?堜 塈?堮堹?堜 堛媢?堹 ????堛?塈 ?堧媯堶塈堥 塈?堛堭塈堮?媯 塈?堧媯????? ??堛? 塈堻堛堮堹塈??塈 ?塈?????塈 ????塈 ?塈堛?塈??塈堛 塈??媯堹堭 塈???堛?堶 堧? 塈?堛堭堮?媯.\n塈??堶堛?? 塈???奡堧 堥塈?堸?塈堙 塈?塈媯媟?塈媢?: 堥媢媔 塈?媯?堭 塈????堜 ?? 塈?堮堹?堜 堛? 堨?奡塈堣?塈 堥塈堻堛堮堹塈? 堧堹?塈堛 塈?堸?塈堙 塈?塈媯媟?塈媢? (?堳? Niji.journey)? ??媔?? 塈??堭?? 塈?堶媯?? 媢?? 堛堭塈堮?媯 塈?塈堻堛堮堹塈? 塈?堛堿塈堭? ??塈. 堛媢?堹 堶??? 塈?塈堻堛堮堹塈? ?塈?堛奡媞?? ??堸? 塈?媯?堭 堨?? 塈??堭??.\n塈?堧?媢塈? 塈??堶婺?堭堜: ????媢 ??媢?塈 堥塈堛?塈 塈堻堛堮堹塈? 堧? ?? 塈??堶堛??塈堛 塈??堸??堭堜 堧媢?塈? ??堭堥堶 塈?堛堿塈堭? 堧? 堨媢塈堹堜 塈?堛?堬?媢 堹?? 堨堸? 堭堻??.\n\n5. 堨??塈堙 塈?堮堹?堜:\n?? 堶塈? ?堮塈??堜 塈??堻堛堮堹? ???塈埵堶 塈??堸??堭堜 堧媢?塈?? ?堶? ??堮堹?堜 堛媢??? 塈?堶堻塈堥 堧? 堛媢媟??? ??塈埵??塈 堹?? 堨奡媢塈堭 ?堻堥?.'"
"lib\generated\app_localizations_ar.dart","454","'?堭堿? 堛堻堿?? 塈?堹堮?? 堧??塈?'"
"lib\generated\app_localizations_ar.dart","457","'堨堹塈堭堜 塈?奡堮媯?塈堛 塈?堻堶塈堥?堜'"
"lib\generated\app_localizations_ar.dart","460","'堮媟堧 ?? 塈?塈堛媯塈?'"
"lib\generated\app_localizations_ar.dart","463","'?? 堛?塈堥? 堧? 奡堮媯?塈堛 堥媢堹!'"
"lib\generated\app_localizations_ar.dart","466","'塈?堶塈?堜: 堛? 堨??塈? 塈?塈堛媯塈?'"
"lib\generated\app_localizations_ar.dart","469","'塈?堶塈?堜: ??堹 塈?堛?堹?'"
"lib\generated\app_localizations_ar.dart","472","'堨?媞塈堙 塈?堶婺堭'"
"lib\generated\app_localizations_ar.dart","475","'堶婺堭'"
"lib\generated\app_localizations_ar.dart","478","'?? 堧?堛 ?堛堧?堹 堧?? 堛堭?堹 塈?堶婺堭?'"
"lib\generated\app_localizations_ar.dart","482","'堥媢堹 塈?堶婺堭? ?? 堛堛??? ?堣?堛?塈 ?? 堛??? 堭堻塈埵? ?? $charName.'"
"lib\generated\app_localizations_ar.dart","486","'??堭 ?堭堜 堧堮堭?'"
"lib\generated\app_localizations_ar.dart","489","'堛堧??堹 塈?堶婺堭'"
"lib\generated\app_localizations_ar.dart","492","'?塈 堛?堿堹 ?媢???塈堛 ??媯?堜 ??堸? 塈?奡堮媯?堜 堶塈??塈?...'"
"lib\generated\app_localizations_ar.dart","495","'堥堭?堹 堮塈媯'"
"lib\generated\app_localizations_ar.dart","498","'堛媢堸堭 塈?媢堳?堭 媢?? ?媢???塈堛 塈??堻堛堮堹?'"
"lib\generated\app_localizations_ar.dart","501","'?奡? 塈?堛堶???? ?堭堿? 塈??堶塈??堜 ?塈堶?塈?'"
"lib\generated\app_localizations_ar.dart","504","'媯?堹?? 塈?堥堭?堹 ?塈堭媞 堶塈??塈?~'"
"lib\generated\app_localizations_ar.dart","507","'堨奡媢塈堭 塈??婺塈?'"
"lib\generated\app_localizations_ar.dart","510","'堻堿?塈堛 塈?堛?塈媢?'"
"lib\generated\app_localizations_ar.dart","513","'塈??堶堛?? 塈???媔?'"
"lib\generated\app_localizations_ar.dart","516","'??媔?塈堛?'"
"lib\generated\app_localizations_ar.dart","519","'?堭堿? 堛堻堿?? 塈?堹堮?? ?媢堭媔 塈?堻堿?塈堛'"
"lib\generated\app_localizations_ar.dart","522","'?? 堛媢堿堥 堥堧? ??奡?堭塈堛 堥媢堹!'"
"lib\generated\app_localizations_ar.dart","525","'塈??堿?堹 塈???媔? ?塈堭媞? 塈堸?堥 ?塈堻堛?奡? 塈??塈媢堜!'"
"lib\generated\app_localizations_ar.dart","528","'堻塈??堭塈 ?堭堹?'"
"lib\generated\app_localizations_ar.dart","531","'堧堬堭? 塈??堶?媟'"
"lib\generated\app_localizations_ar.dart","534","'堥堭堛?塈?? 塈?媞堭?堥'"
"lib\generated\app_localizations_ar.dart","537","'媞塈堥堜 塈??媢?塈媢'"
"lib\generated\app_localizations_ar.dart","540","'??媟 ??堛媯? 塈????'"
"lib\generated\app_localizations_ar.dart","543","'堛媞??堭 塈?堧堿?塈堙'"
"lib\generated\app_localizations_ar.dart","546","'??? ?堮媯媯'"
"lib\generated\app_localizations_ar.dart","549","'媯?? ??? 塈?堧堿?塈堙 塈?堮塈媯 堥?'"
"lib\generated\app_localizations_ar.dart","552","'堨?媞塈堙'"
"lib\generated\app_localizations_ar.dart","555","'堛堧??堹'"
"lib\generated\app_localizations_en.dart","306","'Are you sure you want to log out? (織;?;`)'"
"lib\generated\app_localizations_en.dart","316","'ll be waiting for your return ??織?` )'"
"lib\generated\app_localizations_en.dart","323","'Are you sure you want to delete this account? 鉈毯?'"
"lib\generated\app_localizations_es.dart","12","'Configuraci籀n'"
"lib\generated\app_localizations_es.dart","27","'Todav穩a no tienes ning繳n amigo.'"
"lib\generated\app_localizations_es.dart","53","'Joven Se簽or Rico'"
"lib\generated\app_localizations_es.dart","71","'T穩o'"
"lib\generated\app_localizations_es.dart","74","'T穩a'"
"lib\generated\app_localizations_es.dart","115","'Descripci籀n del personaje:'"
"lib\generated\app_localizations_es.dart","121","'Profesi籀n:*'"
"lib\generated\app_localizations_es.dart","124","'Cumplea簽os:(MMDD)'"
"lib\generated\app_localizations_es.dart","127","'G矇nero *'"
"lib\generated\app_localizations_es.dart","145","'Descripci籀n de la apariencia:'"
"lib\generated\app_localizations_es.dart","159","'Cosas que le gustan:(ejemplo: pastel de fresa, gatos, d穩as lluviosos)'"
"lib\generated\app_localizations_es.dart","163","'Cosas que le disgustan:(ejemplo: mel籀n amargo, lugares ruidosos)'"
"lib\generated\app_localizations_es.dart","167","'Peque簽os secretos desconocidos: (ejemplo: en realidad est獺 perdido en el camino)'"
"lib\generated\app_localizations_es.dart","174","'Tono y estilo de habla: (ejemplo: distante con extra簽os)'"
"lib\generated\app_localizations_es.dart","178","'Ejemplo de di獺logo: (Jugador: Eres muy amable! Personaje: ...Oh.)'"
"lib\generated\app_localizations_es.dart","185","'Escriba la historia de fondo del personaje (m獺ximo 2500 caracteres)'"
"lib\generated\app_localizations_es.dart","192","'Escriba la trama del personaje (m獺ximo 2500 caracteres)'"
"lib\generated\app_localizations_es.dart","196","'Resumen de la historia (m獺ximo 50 caracteres, se mostrar獺 en la tarjeta de encuentro)'"
"lib\generated\app_localizations_es.dart","199","'Informaci籀n adicional del personaje:'"
"lib\generated\app_localizations_es.dart","206","'Hacer p繳blico para que otros jugadores puedan jugar con 矇l?'"
"lib\generated\app_localizations_es.dart","209","'S穩'"
"lib\generated\app_localizations_es.dart","225","'Va a salir de la pantalla de creaci籀n de personaje'"
"lib\generated\app_localizations_es.dart","228","'聶Necesita guardar como borrador?'"
"lib\generated\app_localizations_es.dart","231","'S穩'"
"lib\generated\app_localizations_es.dart","241","'癒Por favor, escriba el nombre del personaje y suba al menos un avatar!'"
"lib\generated\app_localizations_es.dart","247","'Subiendo im獺genes...'"
"lib\generated\app_localizations_es.dart","250","'Solo se puede subir un m獺ximo de 10 im獺genes.'"
"lib\generated\app_localizations_es.dart","253","'Procesando im獺genes...'"
"lib\generated\app_localizations_es.dart","260","'癒Personaje \""$charName\"" creado!'"
"lib\generated\app_localizations_es.dart","265","'Error al crear el personaje: el tiempo de carga de la imagen ha expirado, por favor, compruebe su conexi籀n a internet.'"
"lib\generated\app_localizations_es.dart","276","'Gesti籀n de cuenta y contenido'"
"lib\generated\app_localizations_es.dart","282","'Gesti籀n de la cuenta'"
"lib\generated\app_localizations_es.dart","298","'Gesti籀n de personajes'"
"lib\generated\app_localizations_es.dart","304","'Pol穩tica de privacidad'"
"lib\generated\app_localizations_es.dart","307","'T矇rminos de servicio'"
"lib\generated\app_localizations_es.dart","310","'Cerrar sesi籀n'"
"lib\generated\app_localizations_es.dart","313","'聶Quiere cerrar sesi籀n?(織;?;`)'"
"lib\generated\app_localizations_es.dart","316","'Me equivoqu矇'"
"lib\generated\app_localizations_es.dart","322","'癒Ok! Te esperar矇 de vuelta??織?` )'"
"lib\generated\app_localizations_es.dart","329","'聶Est獺 seguro de que desea eliminar esta cuenta?鉈毯?'"
"lib\generated\app_localizations_es.dart","333","'Esta acci籀n no se puede deshacer, 癒todos los datos se eliminar獺n de forma permanente!'"
"lib\generated\app_localizations_es.dart","343","'La cuenta ha sido eliminada con 矇xito.'"
"lib\generated\app_localizations_es.dart","347","'Los personajes y escenas del juego son ficticios, 癒por favor no los aplique a la realidad! Si hay alguna similitud, es pura coincidencia.'"
"lib\generated\app_localizations_es.dart","351","'Versi籀n de la aplicaci籀n: $version'"
"lib\generated\app_localizations_es.dart","359","'癒Por favor, edite su perfil para completar su informaci籀n primero!'"
"lib\generated\app_localizations_es.dart","365","'M獺s tarde'"
"lib\generated\app_localizations_es.dart","389","'Relaci籀n inicial'"
"lib\generated\app_localizations_es.dart","395","'Compa簽eros de clase mayor/menor'"
"lib\generated\app_localizations_es.dart","398","'Pareja de ri簽as'"
"lib\generated\app_localizations_es.dart","416","'Compa簽ero de Vida'"
"lib\generated\app_localizations_es.dart","423","'癒Ha llegado una nueva Carta del Tiempo! 癒Ve a revisar el Pergamino ahora!'"
"lib\generated\app_localizations_es.dart","426","'Respuesta de Atenci籀n al Cliente'"
"lib\generated\app_localizations_es.dart","435","'Sin t穩tulo'"
"lib\generated\app_localizations_es.dart","442","'Pol穩tica de Privacidad de Lianlian Shiguang'"
"lib\generated\app_localizations_es.dart","445","'?ltima actualizaci籀n: 10 de abril de 2026'"
"lib\generated\app_localizations_es.dart","449","'Pol穩tica de Privacidad de \""Lianlian Shiguang\""\n?ltima actualizaci籀n: 10 de abril de 2026\n\nBienvenido a \""Lianlian Shiguang\"" (en adelante, \""el Servicio\""). Valoramos profundamente su privacidad. Esta pol穩tica explica c籀mo recopilamos, usamos y protegemos su informaci籀n personal.\n\n1. Informaci籀n de la cuenta:\nInicio de sesi籀n de terceros: Al iniciar sesi籀n a trav矇s de Google, Facebook o Apple, recopilamos su Firebase UID, correo electr籀nico y apodo p繳blico.\nRegistro por correo electr籀nico: Recopilamos su direcci籀n de correo electr籀nico. Su contrase簽a se gestiona mediante el cifrado de Firebase; el equipo de desarrollo no puede acceder a su contrase簽a original.\n\nDatos de interacci籀n: Para que los personajes de IA tengan memoria continua, almacenamos sus registros de conversaci籀n y el contenido que escribe para los personajes.\n\nInformaci籀n del dispositivo: Incluye el modelo del dispositivo, versi籀n del SO e identificador 繳nico para la optimizaci籀n del sistema.\n\n2. Uso de la informaci籀n:\nMejora de la IA: Optimizamos la calidad de las respuestas y la coherencia de la personalidad.\nOperaciones del servicio: Procesamiento de recargas de puntos y verificaci籀n de identidad.\nSeguridad: Monitoreo de comportamientos maliciosos.\n\n3. Cooperaci籀n t矇cnica:\nEl servicio utiliza Google Cloud / Firebase para almacenamiento y OpenRouter / xAI / Meta para l籀gica de IA.\nNota: No vendemos sus registros de conversaci籀n a anunciantes.\n\n4. Almacenamiento y eliminaci籀n:\nSus datos se almacenan de forma segura en la nube. Puede solicitar la eliminaci籀n permanente de su cuenta en cualquier momento.'"
"lib\generated\app_localizations_es.dart","452","'T矇rminos de Servicio de Lianlian Shiguang'"
"lib\generated\app_localizations_es.dart","455","'?ltima actualizaci籀n: 10 de abril de 2026'"
"lib\generated\app_localizations_es.dart","459","'T矇rminos de Servicio de \""Lianlian Shiguang\""\n?ltima actualizaci籀n: 10 de abril de 2026\n\nLea atentamente estos t矇rminos antes de usar el Servicio. El uso del mismo implica su aceptaci籀n:\n\n1. Naturaleza del servicio:\nInteracci籀n no humana: Todas las respuestas son generadas por IA y no representan la opini籀n de los creadores.\nRiesgos narrativos: La IA puede generar contenido ficticio o inexacto.\n\n2. Puntos virtuales:\nNaturaleza: Los puntos son bienes virtuales y no son reembolsables una vez consumidos.\nCostos: Los est獺ndares de consumo var穩an seg繳n los costos operativos de la IA.\n\n3. Conducta del usuario:\nProhibiciones: No generar contenido violento o ilegal. No realizar ingenier穩a inversa al sistema.\n\n4. Propiedad intelectual:\nContenido original: Los nombres de personajes (como Cheng An), tramas y l籀gica pertenecen al equipo de desarrollo.\nIA y Terceros: Las im獺genes de IA tienen licencia comercial. Los iconos pertenecen a sus respectivos proveedores (Google, Apple).\n\n5. Terminaci籀n:\nEl incumplimiento de estas normas puede resultar en la suspensi籀n de la cuenta sin previo aviso.'"
"lib\generated\app_localizations_es.dart","462","'Por favor, inicia sesi籀n primero'"
"lib\generated\app_localizations_es.dart","465","'Gesti籀n de personajes en la nube'"
"lib\generated\app_localizations_es.dart","468","'Error de conexi籀n'"
"lib\generated\app_localizations_es.dart","471","'癒A繳n no has conocido a ning繳n personaje!'"
"lib\generated\app_localizations_es.dart","486","'聶Confirmar bloqueo?'"
"lib\generated\app_localizations_es.dart","490","'Tras el bloqueo, no recibir獺s mensajes de $charName por ahora.'"
"lib\generated\app_localizations_es.dart","501","'Sin informaci籀n detallada de este personaje a繳n...'"
"lib\generated\app_localizations_es.dart","504","'Buz籀n privado'"
"lib\generated\app_localizations_es.dart","507","'Informaci籀n de usuario no encontrada'"
"lib\generated\app_localizations_es.dart","510","'Error al cargar, int矇ntalo de nuevo'"
"lib\generated\app_localizations_es.dart","513","'El buz籀n est獺 vac穩o~'"
"lib\generated\app_localizations_es.dart","516","'Notificaci籀n del sistema'"
"lib\generated\app_localizations_es.dart","519","'Historial de interacci籀n'"
"lib\generated\app_localizations_es.dart","528","'Inicia sesi籀n para ver el historial'"
"lib\generated\app_localizations_es.dart","531","'癒A繳n no te ha gustado ninguna publicaci籀n!'"
"lib\generated\app_localizations_es.dart","535","'Tu carpeta de favoritos est獺 vac穩a, 癒ve al vest穩bulo!'"
"lib\generated\app_localizations_es.dart","541","'Azul Oc矇ano'"
"lib\generated\app_localizations_fr.dart","12","'Param癡tres'"
"lib\generated\app_localizations_fr.dart","15","'Changer la couleur du th癡me'"
"lib\generated\app_localizations_fr.dart","65","'Parano簿aque'"
"lib\generated\app_localizations_fr.dart","77","'S?ur a簾n矇e'"
"lib\generated\app_localizations_fr.dart","80","'Fr癡re cadet'"
"lib\generated\app_localizations_fr.dart","95","'Diff矇rence d\'"
"lib\generated\app_localizations_fr.dart","102","'Les donn矇es de l\'"
"lib\generated\app_localizations_fr.dart","105","'Cr矇er un personnage'"
"lib\generated\app_localizations_fr.dart","109","'Album du personnage (la premi癡re image est l\'"
"lib\generated\app_localizations_fr.dart","130","'Non s矇lectionn矇'"
"lib\generated\app_localizations_fr.dart","148","'Tags de personnalit矇'"
"lib\generated\app_localizations_fr.dart","151","'Autres tags de personnalit矇...'"
"lib\generated\app_localizations_fr.dart","158","'Ce qui est aim矇:(par exemple : g璽teau aux fraises, chats, jours de pluie)'"
"lib\generated\app_localizations_fr.dart","162","'Ce qui est d矇test矇:(par exemple : la courge am癡re, les endroits bruyants)'"
"lib\generated\app_localizations_fr.dart","169","'Mani癡res et gestes'"
"lib\generated\app_localizations_fr.dart","173","'Ton et style de parole: (par exemple : froid avec les 矇trangers)'"
"lib\generated\app_localizations_fr.dart","187","'D矇but de l\'"
"lib\generated\app_localizations_fr.dart","195","'R矇sum矇 de l\'"
"lib\generated\app_localizations_fr.dart","199","'Informations suppl矇mentaires sur le personnage:'"
"lib\generated\app_localizations_fr.dart","202","'Entrez le contenu suppl矇mentaire...'"
"lib\generated\app_localizations_fr.dart","215","'Cr矇er'"
"lib\generated\app_localizations_fr.dart","225","'矇cran de cr矇ation de personnage'"
"lib\generated\app_localizations_fr.dart","237","'Modifier le contenu suppl矇mentaire'"
"lib\generated\app_localizations_fr.dart","241","'Veuillez remplir le nom du personnage et t矇l矇charger au moins un avatar !'"
"lib\generated\app_localizations_fr.dart","247","'T矇l矇chargement des images...'"
"lib\generated\app_localizations_fr.dart","251","'Vous pouvez t矇l矇charger un maximum de 10 images.'"
"lib\generated\app_localizations_fr.dart","257","'Sauvegarde des donn矇es du personnage...'"
"lib\generated\app_localizations_fr.dart","261","'Personnage \""$charName\"" cr矇矇 !'"
"lib\generated\app_localizations_fr.dart","266","'?chec de la cr矇ation du personnage : le t矇l矇chargement de l\'"
"lib\generated\app_localizations_fr.dart","270","'?chec de la cr矇ation du personnage : $error'"
"lib\generated\app_localizations_fr.dart","296","'ID utilisateur a 矇t矇 copi矇 dans le presse-papiers'"
"lib\generated\app_localizations_fr.dart","302","'Afficher les personnages bloqu矇s'"
"lib\generated\app_localizations_fr.dart","305","'Politique de confidentialit矇'"
"lib\generated\app_localizations_fr.dart","311","'D矇connexion'"
"lib\generated\app_localizations_fr.dart","314","'Voulez-vous vous d矇connecter ?(織;?;`)'"
"lib\generated\app_localizations_fr.dart","324","'accord ! Je vous attends de retour??織?` )'"
"lib\generated\app_localizations_fr.dart","331","'?tes-vous s羶r de vouloir supprimer ce compte ?鉈毯?'"
"lib\generated\app_localizations_fr.dart","335","'Cette action est irr矇versible, toutes les donn矇es seront d矇finitivement supprim矇es !'"
"lib\generated\app_localizations_fr.dart","346","'Le compte a 矇t矇 supprim矇 avec succ癡s.'"
"lib\generated\app_localizations_fr.dart","350","'Les personnages et les sc癡nes du jeu sont fictifs, ne les appliquez pas ? la r矇alit矇 ! S\'"
"lib\generated\app_localizations_fr.dart","350","'est purement une co簿ncidence.'"
"lib\generated\app_localizations_fr.dart","362","'abord modifier votre profil pour compl矇ter vos informations !'"
"lib\generated\app_localizations_fr.dart","384","'Donn矇es du personnage introuvables'"
"lib\generated\app_localizations_fr.dart","388","'?chec du chargement des d矇tails du personnage : $errorDetails'"
"lib\generated\app_localizations_fr.dart","398","'?l癡ves plus 璽g矇s/plus jeunes'"
"lib\generated\app_localizations_fr.dart","404","'Coll癡gues de travail'"
"lib\generated\app_localizations_fr.dart","426","'Une nouvelle Lettre du Temps est arriv矇e ! Allez consulter le Parchemin maintenant !'"
"lib\generated\app_localizations_fr.dart","429","'R矇ponse du Service Client'"
"lib\generated\app_localizations_fr.dart","432","'Annonce Syst癡me'"
"lib\generated\app_localizations_fr.dart","445","'Politique de Confidentialit矇 de Lianlian Shiguang'"
"lib\generated\app_localizations_fr.dart","448","'Derni癡re mise ? jour : 10 avril 2026'"
"lib\generated\app_localizations_fr.dart","452","'Politique de Confidentialit矇 de \""Lianlian Shiguang\""\nDerni癡re mise ? jour : 10 avril 2026\n\nBienvenue sur \""Lianlian Shiguang\"" (ci-apr癡s \""le Service\""). Nous accordons une grande importance ? votre vie priv矇e. Cette politique d矇taille la collecte et l\'"
"lib\generated\app_localizations_fr.dart","452","'矇quipe de d矇veloppement.\n\nInteraction : Nous stockons vos dialogues avec l\'"
"lib\generated\app_localizations_fr.dart","452","'IA, gestion des transactions (points) et protection contre les cyberattaques.\n\n3. Partenaires :\nGoogle Cloud / Firebase, OpenRouter, xAI, Meta. Nous ne vendons pas vos dialogues ? des annonceurs.\n\n4. Suppression :\nDonn矇es stock矇es sur le cloud. Demande de suppression d矇finitive de compte possible ? tout moment.'"
"lib\generated\app_localizations_fr.dart","458","'Derni癡re mise ? jour : 10 avril 2026'"
"lib\generated\app_localizations_fr.dart","462","'Utilisation de \""Lianlian Shiguang\""\nDerni癡re mise ? jour : 10 avril 2026\n\nL\'"
"lib\generated\app_localizations_fr.dart","462","'acceptation des termes suivants :\n\n1. Nature du Service :\nR矇ponses g矇n矇r矇es par IA. Les propos ne refl癡tent pas l\'"
"lib\generated\app_localizations_fr.dart","462","'矇quipe. Les ressources tierces (Google, Apple) sont utilis矇es sous licence.\n\n5. R矇siliation :\nSuspension de compte possible en cas de violation des r癡gles.'"
"lib\generated\app_localizations_fr.dart","475","'avez encore rencontr矇 aucun personnage !'"
"lib\generated\app_localizations_fr.dart","484","'D矇bloquer'"
"lib\generated\app_localizations_fr.dart","494","'Apr癡s le blocage, vous ne recevrez plus de messages de $charName.'"
"lib\generated\app_localizations_fr.dart","498","'R矇fl矇chir encore'"
"lib\generated\app_localizations_fr.dart","505","'infos d矇taill矇es pour ce personnage...'"
"lib\generated\app_localizations_fr.dart","508","'Bo簾te aux lettres priv矇e'"
"lib\generated\app_localizations_fr.dart","514","'?chec du chargement, r矇essayez plus tard'"
"lib\generated\app_localizations_fr.dart","517","'La bo簾te aux lettres est vide~'"
"lib\generated\app_localizations_fr.dart","520","'Notification syst癡me'"
"lib\generated\app_localizations_fr.dart","526","'Contenus aim矇s'"
"lib\generated\app_localizations_fr.dart","535","'avez encore aim矇 aucun post !'"
"lib\generated\app_localizations_fr.dart","544","'Bleu Oc矇an'"
"lib\generated\app_localizations_fr.dart","547","'Orange Cr矇puscule'"
"lib\generated\app_localizations_fr.dart","550","'For礙t Menthe'"
"lib\generated\app_localizations_fr.dart","559","'Couleur personnalis矇e'"
"lib\generated\app_localizations_fr.dart","562","'Cr矇ez votre propre ambiance'"
"lib\generated\app_localizations_hi.dart","12","'鄐詮?鄐凶鄐?鄍元'"
"lib\generated\app_localizations_hi.dart","30","'鄐?鄍?鄐擒中 鄐什鄐賴中鄍什'"
"lib\generated\app_localizations_hi.dart","34","'鄐桌凶鄐戈?鄐?鄐詮?鄐? 鄐耜?鄐?鄐什鄐戈? 鄐詮亢鄐?鄐? 鄐戈?鄐啤?鄐凶 鄐嫩?鄐? $error'"
"lib\generated\app_localizations_hi.dart","41","'鄐?鄐嗣亢鄐賴?鄐擒?'"
"lib\generated\app_localizations_hi.dart","47","'鄐嗣什鄐擒什鄐戈?'"
"lib\generated\app_localizations_hi.dart","56","'鄐抉尹鄍 鄐芹什鄐賴今鄐擒什'"
"lib\generated\app_localizations_hi.dart","62","'鄐之鄐賴?鄐擒什鄐菽冗鄐舟?'"
"lib\generated\app_localizations_hi.dart","65","'鄐中鄐?鄐詮?鄐舟?鄐嫩?'"
"lib\generated\app_localizations_hi.dart","68","'鄐嫩?鄍'"
"lib\generated\app_localizations_hi.dart","71","'鄐冗鄐冗'"
"lib\generated\app_localizations_hi.dart","74","'鄐冗鄐?'"
"lib\generated\app_localizations_hi.dart","92","'鄐徇?鄐耜什鄍?鄍'"
"lib\generated\app_localizations_hi.dart","95","'鄐亢鄍什 鄐冗 鄐?鄐戈什'"
"lib\generated\app_localizations_hi.dart","98","'鄐云鄐能?鄐?鄐啤?鄐戈冗 鄐兒允鄍鄐?鄐桌凶鄐耜冗'"
"lib\generated\app_localizations_hi.dart","102","'鄐今鄐?鄐﹤?鄐冗 鄐眇?鄐桌?鄐?鄐嫩?, 鄐?鄐芹仁鄐?鄐今鄐?鄐? 鄐徇凶鄐?鄐詮? 鄐?鄐兒?鄐奶'"
"lib\generated\app_localizations_hi.dart","108","'鄐什鄐賴中鄍什 鄐仆鄍互鄐?(鄐芹允鄐耜? 鄐戈元鄍今鄍鄐?鄐桌?鄐?鄐?鄐今鄐戈冗鄐?鄐嫩?)'"
"lib\generated\app_localizations_hi.dart","111","'鄐什鄐賴中鄍什 鄐冗 鄐兒冗鄐?*'"
"lib\generated\app_localizations_hi.dart","114","'鄐什鄐賴中鄍什 鄐冗 鄐菽凶鄐菽什鄐?'"
"lib\generated\app_localizations_hi.dart","117","'鄐仁鄍?'"
"lib\generated\app_localizations_hi.dart","120","'鄐芹?鄐嗣冗:*'"
"lib\generated\app_localizations_hi.dart","123","'鄐尹鄍亢鄐舟凶鄐?(MMDD)'"
"lib\generated\app_localizations_hi.dart","126","'鄐耜凶鄐? *'"
"lib\generated\app_localizations_hi.dart","138","'鄐尹鄍仁'"
"lib\generated\app_localizations_hi.dart","141","'鄐?鄐冗鄐?(cm)'"
"lib\generated\app_localizations_hi.dart","144","'鄐啤?鄐?鄐冗 鄐菽什鄍不鄐?'"
"lib\generated\app_localizations_hi.dart","150","'鄐尹鄍仁 鄐菽?鄐能?鄍中鄐賴中鄍今 鄐?鄐?..'"
"lib\generated\app_localizations_hi.dart","153","'鄐尹鄍仁'"
"lib\generated\app_localizations_hi.dart","157","'鄐芹元鄐丹鄍鄐舟冗 鄐?鄐?鄐?(鄐丹鄐擒允鄐啤不: 鄐詮?鄐?鄐啤?鄐眇?鄐啤? 鄐?鄐? 鄐眇凶鄐耜?鄐耜凶鄐能冗鄐? 鄐眇冗鄐啤凶鄐?鄐? 鄐舟凶鄐?'"
"lib\generated\app_localizations_hi.dart","161","'鄐兒冗鄐芹元鄐丹 鄐?鄐?鄐?(鄐丹鄐擒允鄐啤不: 鄐什鄍仆鄐? 鄐嗣?鄐啤?鄍仆 鄐菽冗鄐耜? 鄐?鄐?'"
"lib\generated\app_localizations_hi.dart","165","'鄐?鄍?鄐擒中 鄐?鄐? 鄐啤允鄐詮?鄐? (鄐丹鄐擒允鄐啤不: 鄐菽冗鄐詮?鄐戈今 鄐桌?鄐?鄐啤冗鄐詮?鄐戈冗 鄐冢?鄐耜尹鄍?鄐菽冗鄐耜冗 鄐嫩?)'"
"lib\generated\app_localizations_hi.dart","172","'鄐眇?鄐耜尹鄍?鄐冗 鄐耜允鄐冗 鄐什 鄐嗣?鄐耜?: (鄐丹鄐擒允鄐啤不: 鄐?鄐兒互鄐賴仁鄍? 鄐? 鄐芹?鄐啤中鄐?鄐?鄐﹤冗)'"
"lib\generated\app_localizations_hi.dart","176","'鄐詮?鄐菽冗鄐?鄐冗 鄐丹鄐擒允鄐啤不: (鄐凶鄐耜冗鄐﹤兮鄍: 鄐云 鄐眇允鄍中 鄐?鄍?鄍?鄐嫩?鄐? 鄐什鄐賴中鄍什: ...鄐允鄍?'"
"lib\generated\app_localizations_hi.dart","179","'鄐什鄐賴中鄍什 鄐? 鄐芹?鄐獅?鄐五鄍亢鄐?'"
"lib\generated\app_localizations_hi.dart","183","'鄐什鄐賴中鄍什 鄐? 鄐芹?鄐獅?鄐五鄍亢鄐?鄐允鄐擒尹鄍 鄐舟什鄍? 鄐什鄍? (鄐之鄐賴?鄐戈亢 2500 鄐嗣互鄍丹)'"
"lib\generated\app_localizations_hi.dart","186","'鄐允鄐擒尹鄍 鄐? 鄐嗣?鄐啤?鄐中:'"
"lib\generated\app_localizations_hi.dart","190","'鄐什鄐賴中鄍什 鄐? 鄐允鄐擒尹鄍 鄐舟什鄍? 鄐什鄍? (鄐之鄐賴?鄐戈亢 2500 鄐嗣互鄍丹)'"
"lib\generated\app_localizations_hi.dart","194","'鄐允鄐擒尹鄍 鄐冗 鄐詮冗鄐啤冗鄐介 (鄐之鄐賴?鄐戈亢 50 鄐嗣互鄍丹, 鄐能允 鄐桌?鄐五鄍丑鄐?鄐冗鄐啤?鄐?鄐芹什 鄐芹?鄐啤丹鄐啤?鄐嗣凶鄐?鄐嫩?鄐冗)'"
"lib\generated\app_localizations_hi.dart","197","'鄐什鄐賴中鄍什 鄐? 鄐中鄐賴什鄐賴?鄍中 鄐冗鄐兒?鄐擒什鄍:'"
"lib\generated\app_localizations_hi.dart","200","'鄐中鄐賴什鄐賴?鄍中 鄐詮冗鄐桌?鄍什鄍 鄐舟什鄍? 鄐什鄍?...'"
"lib\generated\app_localizations_hi.dart","204","'鄐?鄐能冗 鄐元鄍?鄐尹鄍仁 鄐凶鄐耜冗鄐﹤兮鄐賴仁鄍? 鄐? 鄐耜凶鄐?鄐?鄐耜尹鄍?鄐? 鄐耜凶鄐?鄐詮冗鄐啤?鄐菽?鄐兒凶鄐?鄐什鄐兒冗 鄐嫩??'"
"lib\generated\app_localizations_hi.dart","216","'鄐詮允鄍?鄍?'"
"lib\generated\app_localizations_hi.dart","219","'鄐啤丹鄍丹 鄐什鄍?'"
"lib\generated\app_localizations_hi.dart","227","'鄐?鄐能冗 鄐元鄍?鄐﹤?鄐啤冗鄐徇?鄐?鄐? 鄐啤?鄐?鄐桌?鄐?鄐詮允鄍?鄐兒? 鄐? 鄐今鄐嗣?鄐能?鄐戈冗 鄐嫩??'"
"lib\generated\app_localizations_hi.dart","236","'鄐中鄐賴什鄐賴?鄍中 鄐詮冗鄐桌?鄍什鄍 鄐詮?鄐芹冗鄐舟凶鄐?鄐什鄍?'"
"lib\generated\app_localizations_hi.dart","240","'鄐?鄐芹仁鄐?鄐什鄐賴中鄍什 鄐冗 鄐兒冗鄐?鄐冢什鄍? 鄐什 鄐亢 鄐詮? 鄐亢 鄐? 鄐今鄐戈冗鄐?鄐云鄐耜?鄐?鄐什鄍?!'"
"lib\generated\app_localizations_hi.dart","243","'鄐詮允鄍?鄐?鄐冗 鄐啤允鄐?鄐嫩?...'"
"lib\generated\app_localizations_hi.dart","246","'鄐今鄐賴仁鄐擒? 鄐云鄐耜?鄐?鄐? 鄐冗 鄐啤允鄍 鄐嫩?鄐?..'"
"lib\generated\app_localizations_hi.dart","249","'鄐之鄐賴?鄐戈亢 10 鄐戈元鄍今鄍鄐啤?鄐?鄐嫩? 鄐云鄐耜?鄐?鄐? 鄐冗 鄐詮?鄐戈? 鄐嫩?鄐奶'"
"lib\generated\app_localizations_hi.dart","252","'鄐今鄐賴仁鄐擒? 鄐芹?鄐啤?鄐詮?鄐?鄐嫩? 鄐啤允鄍 鄐嫩?鄐?..'"
"lib\generated\app_localizations_hi.dart","255","'鄐什鄐賴中鄍什 鄐﹤?鄐冗 鄐詮允鄍?鄐?鄐冗 鄐啤允鄐?鄐嫩?...'"
"lib\generated\app_localizations_hi.dart","259","'鄐什鄐賴中鄍什 \""$charName\"" 鄐眇尹鄐擒仁鄐?鄐仁鄐?'"
"lib\generated\app_localizations_hi.dart","268","'鄐什鄐賴中鄍什 鄐兒凶鄐啤?鄐桌冗鄐?鄐菽凶鄐徇仆: $error'"
"lib\generated\app_localizations_hi.dart","272","'鄐啤?鄐?鄐什 鄐詮冗鄐桌?鄍什鄍'"
"lib\generated\app_localizations_hi.dart","284","'鄐?鄐﹤?:'"
"lib\generated\app_localizations_hi.dart","290","'鄐?鄍?鄐擒中'"
"lib\generated\app_localizations_hi.dart","293","'鄐云鄐能?鄐?鄐啤?鄐戈冗 鄐?鄐﹤? 鄐?鄐耜凶鄐芹互鄍什鄍丑 鄐芹什 鄐?鄐芹? 鄐嫩? 鄐仁鄐?鄐嫩?'"
"lib\generated\app_localizations_hi.dart","302","'鄐?鄐芹尹鄍鄐能中鄐?鄐兒?鄐戈凶'"
"lib\generated\app_localizations_hi.dart","305","'鄐詮?鄐菽冗 鄐? 鄐嗣什鄍中鄍?'"
"lib\generated\app_localizations_hi.dart","311","'鄐?鄐能冗 鄐云 鄐耜?鄐?鄐?鄐?鄐什鄐兒冗 鄐冗鄐嫩中鄍?鄐嫩?鄐?(織;?;`)'"
"lib\generated\app_localizations_hi.dart","314","'鄐桌?鄐尹鄍?鄐仆鄐戈? 鄐詮? 鄐舟互鄐?鄐舟凶鄐能冗'"
"lib\generated\app_localizations_hi.dart","317","'鄐芹?鄐獅?鄐凶 鄐什鄍?'"
"lib\generated\app_localizations_hi.dart","321","'鄐?鄐?鄐嫩?! 鄐桌?鄐?鄐云鄐? 鄐菽冗鄐芹元 鄐尹鄍?鄐冗 鄐?鄐戈?鄐潼冗鄐?鄐什鄍?鄐冗??織?` )'"
"lib\generated\app_localizations_hi.dart","328","'鄐?鄐能冗 鄐云 鄐菽冗鄐? 鄐元 鄐冗鄐戈? 鄐? 鄐嫩?鄐擒尹鄐?鄐冗鄐嫩中鄍?鄐嫩?鄐?鉈毯?'"
"lib\generated\app_localizations_hi.dart","332","'鄐能允 鄐冗鄐啤?鄐啤今鄐擒? 鄐芹?鄐啤?鄐菽今鄐?鄐兒允鄍鄐?鄐? 鄐冗 鄐詮?鄐戈? 鄐嫩?, 鄐詮五鄍 鄐﹤?鄐冗 鄐詮?鄐丞冗鄐能? 鄐啤?鄐?鄐詮? 鄐嫩?鄐?鄐舟凶鄐?鄐冗鄐?鄐?!'"
"lib\generated\app_localizations_hi.dart","339","'鄐芹?鄐獅?鄐凶 鄐什鄍?'"
"lib\generated\app_localizations_hi.dart","351","'鄐云 鄐詮?鄐詮?鄐什鄐? $version'"
"lib\generated\app_localizations_hi.dart","359","'鄐?鄐芹仁鄐?鄐云鄐兒? 鄐冗鄐兒?鄐擒什鄍 鄐芹?鄐啤? 鄐什鄐兒? 鄐? 鄐耜凶鄐?鄐芹允鄐耜? 鄐云鄐兒? 鄐芹?鄐啤?鄐徇兮鄐擒?鄐?鄐詮?鄐芹冗鄐舟凶鄐?鄐什鄍?!'"
"lib\generated\app_localizations_hi.dart","362","'鄐詮?鄐芹冗鄐舟尹 鄐芹什 鄐冗鄐?'"
"lib\generated\app_localizations_hi.dart","374","'$friendName 鄐? 鄐詮冗鄐?鄐?鄐?鄐? 鄐詮冗鄐桌?鄍什鄍'"
"lib\generated\app_localizations_hi.dart","378","'鄐詮?鄐舟?鄐?鄐耜凶鄐?鄐?..'"
"lib\generated\app_localizations_hi.dart","381","'鄐什鄐賴中鄍什 鄐﹤?鄐冗 鄐兒允鄍鄐?鄐桌凶鄐耜冗'"
"lib\generated\app_localizations_hi.dart","385","'鄐什鄐賴中鄍什 鄐菽凶鄐菽什鄐?鄐耜?鄐?鄐什鄐兒? 鄐桌?鄐?鄐菽凶鄐徇仆 鄐啤允鄐? $errorDetails'"
"lib\generated\app_localizations_hi.dart","398","'鄐?鄐﹤兮鄐擒仆鄍?鄐能?鄐仆'"
"lib\generated\app_localizations_hi.dart","401","'鄐詮允鄐什鄍亢鄍'"
"lib\generated\app_localizations_hi.dart","404","'鄐尹鄍仁 (鄐?鄐芹仁鄐?鄐桌?鄐兒?鄐能?鄐仆 鄐啤?鄐?鄐詮? 鄐舟什鄍? 鄐什鄍?)'"
"lib\generated\app_localizations_hi.dart","416","'鄐?鄐菽尹 鄐詮冗鄐丞?'"
"lib\generated\app_localizations_hi.dart","423","'鄐? 鄐兒仁鄐?鄐詮亢鄐?鄐芹中鄍什 鄐仁鄐?鄐嫩?! 鄐五鄍 鄐什鄍亢鄐芹中鄍什 鄐詮?鄐?鄐啤?鄐?鄐舟?鄐?鄐?'"
"lib\generated\app_localizations_hi.dart","432","'鄐徇凶鄐耜允鄐擒仆 鄐?鄐?鄐?鄐獅不鄐?鄐兒允鄍鄐?鄐嫩?'"
"lib\generated\app_localizations_hi.dart","435","'鄐眇凶鄐兒冗 鄐嗣?鄐啤?鄐獅?'"
"lib\generated\app_localizations_hi.dart","441","'Lianlian Shiguang 鄐?鄐芹尹鄍鄐能中鄐?鄐兒?鄐戈凶'"
"lib\generated\app_localizations_hi.dart","444","'鄐?鄐戈凶鄐?鄐云鄐﹤?鄐? 10 鄐云鄍什鄍仆, 2026'"
"lib\generated\app_localizations_hi.dart","448","'\""Lianlian Shiguang\"" 鄐?鄐芹尹鄍鄐能中鄐?鄐兒?鄐戈凶\n鄐?鄐戈凶鄐?鄐云鄐﹤?鄐? 10 鄐云鄍什鄍仆, 2026\n\n\""Lianlian Shiguang\"" (鄐元鄐? 鄐眇冗鄐?\""鄐詮?鄐菽冗\"") 鄐桌?鄐?鄐云鄐冗 鄐詮?鄐菽冗鄐中 鄐嫩?鄍?鄐嫩亢 鄐云鄐? 鄐?鄐芹尹鄍鄐能中鄐?鄐? 鄐桌允鄐戈?鄐?鄐舟?鄐戈? 鄐嫩?鄐奶\n\n1. 鄐冗鄐戈冗 鄐冗鄐兒?鄐擒什鄍:\n鄐戈?鄐戈?鄐?鄐芹?鄍仄 鄐耜?鄐凶鄐? Google, Facebook, Apple 鄐? 鄐桌冗鄐抉?鄐能亢 鄐詮? UID, 鄐亢鄍仆 鄐什 鄐云鄐兒冗鄐桌奶 鄐芹冗鄐詮今鄐啤?鄐?Firebase 鄐舟?鄐菽冗鄐啤冗 鄐尹鄍?鄍什鄐賴云鄍? 鄐凶鄐能冗 鄐仁鄐?鄐嫩?鄍么n鄐眇冗鄐戈?鄍鄐?鄐﹤?鄐冗: AI 鄐芹冗鄐戈?鄐啤?鄐?鄐? 鄐能冗鄐舟丹鄐擒介鄍中 鄐? 鄐耜凶鄐?鄐嫩亢 鄐云鄐? 鄐詮?鄐菽冗鄐舟?鄐?鄐? 鄐詮允鄍?鄐戈? 鄐嫩?鄐奶\n鄐﹤凶鄐菽冗鄐元 鄐冗鄐兒?鄐擒什鄍: 鄐詮凶鄐詮?鄐亢 鄐尹鄍?鄍仆鄐?鄐? 鄐耜凶鄐?鄐﹤凶鄐菽冗鄐元 鄐桌?鄐﹤仆 鄐什 OS 鄐詮?鄐詮?鄐什鄐?奶\n\n2. 鄐云鄐能?鄐?\nAI 鄐尹鄍五鄐?鄐? 鄐眇?鄐嫩中鄐?鄐眇尹鄐擒尹鄐? 鄐冢?鄐中鄐擒尹 鄐芹?鄐啤?鄍什鄐賴仁鄐?(鄐芹?鄐?鄐?鄐?, 鄐什 鄐詮?鄐啤?鄍仄鄐擒奶\n\n3. 鄐冢冗鄐?鄐舟冗鄐?\nGoogle Cloud, Firebase, OpenRouter, xAI, Meta鄍?鄐嫩亢 鄐云鄐冗 鄐﹤?鄐冗 鄐菽凶鄐?鄐冗鄐芹尹鄐舟冗鄐戈冗鄐? 鄐? 鄐兒允鄍鄐?鄐眇?鄐中鄍奶\n\n4. 鄐嫩?鄐擒尹鄐?\n鄐云 鄐凶鄐詮? 鄐冢? 鄐詮亢鄐?鄐冗鄐戈冗 鄐什 鄐﹤?鄐冗 鄐詮?鄐丞冗鄐能? 鄐啤?鄐?鄐詮? 鄐嫩?鄐擒尹鄍?鄐冗 鄐尹鄍什鄍之 鄐什 鄐詮?鄐戈? 鄐嫩?鄐奶'"
"lib\generated\app_localizations_hi.dart","451","'Lianlian Shiguang 鄐詮?鄐菽冗 鄐? 鄐嗣什鄍中鄍?'"
"lib\generated\app_localizations_hi.dart","454","'鄐?鄐戈凶鄐?鄐云鄐﹤?鄐? 10 鄐云鄍什鄍仆, 2026'"
"lib\generated\app_localizations_hi.dart","461","'鄐?鄐芹仁鄐?鄐芹允鄐耜? 鄐耜?鄐凶鄐?鄐什鄍?'"
"lib\generated\app_localizations_hi.dart","467","'鄐尹鄍?鄍介鄐?鄐戈?鄐啤?鄐凶'"
"lib\generated\app_localizations_hi.dart","470","'鄐云 鄐五鄍 鄐戈? 鄐凶鄐詮? 鄐芹冗鄐戈?鄐?鄐詮? 鄐兒允鄍鄐?鄐桌凶鄐耜? 鄐嫩?鄐?'"
"lib\generated\app_localizations_hi.dart","476","'鄐詮?鄐丞凶鄐戈凶: 鄐芹?鄐啤?鄐戈凶 鄐芹什'"
"lib\generated\app_localizations_hi.dart","479","'鄐尹鄐眇?鄐耜?鄐?鄐什鄍?'"
"lib\generated\app_localizations_hi.dart","482","'鄐眇?鄐耜?鄐?鄐什鄍?'"
"lib\generated\app_localizations_hi.dart","485","'鄐眇?鄐耜?鄐?鄐什鄐兒? 鄐? 鄐芹?鄐獅?鄐凶 鄐什鄍??'"
"lib\generated\app_localizations_hi.dart","489","'鄐眇?鄐耜?鄐?鄐什鄐兒? 鄐? 鄐眇冗鄐? 鄐云鄐? 鄐徇凶鄐耜允鄐擒仆 $charName 鄐? 鄐詮?鄐舟?鄐?鄐兒允鄍鄐?鄐桌凶鄐耜?鄐?鄍奶'"
"lib\generated\app_localizations_hi.dart","496","'鄐眇?鄐耜?鄐?鄐? 鄐芹?鄐獅?鄐凶 鄐什鄍?'"
"lib\generated\app_localizations_hi.dart","500","'鄐元 鄐芹冗鄐戈?鄐?鄐? 鄐耜凶鄐?鄐五鄍 鄐戈? 鄐?鄐?鄐菽凶鄐詮?鄐戈?鄐?鄐冗鄐兒?鄐擒什鄍 鄐兒允鄍鄐?鄐嫩?...'"
"lib\generated\app_localizations_hi.dart","503","'鄐兒凶鄐? 鄐桌?鄐耜互鄍?鄍元'"
"lib\generated\app_localizations_hi.dart","506","'鄐云鄐能?鄐?鄐啤?鄐戈冗 鄐冗鄐兒?鄐擒什鄍 鄐兒允鄍鄐?鄐桌凶鄐耜?'"
"lib\generated\app_localizations_hi.dart","509","'鄐耜?鄐?鄐菽凶鄐徇仆, 鄐眇冗鄐?鄐桌?鄐?鄐芹?鄐? 鄐芹?鄐啤仁鄐擒元 鄐什鄍?'"
"lib\generated\app_localizations_hi.dart","512","'鄐桌?鄐耜互鄍?鄍元 鄐徇凶鄐耜允鄐擒仆 鄐冗鄐耜? 鄐嫩?~'"
"lib\generated\app_localizations_hi.dart","515","'鄐詮凶鄐詮?鄐亢 鄐之鄐賴元鄍?鄐兒冗'"
"lib\generated\app_localizations_hi.dart","521","'鄐芹元鄐丹 鄐? 鄐? 鄐詮冗鄐桌?鄍什鄍'"
"lib\generated\app_localizations_hi.dart","524","'鄐桌?鄐啤? 鄐芹元鄐丹鄍鄐舟冗'"
"lib\generated\app_localizations_hi.dart","527","'鄐啤凶鄐?鄐啤?鄐?鄐舟?鄐尹鄍?鄐? 鄐耜凶鄐?鄐耜?鄐凶鄐?鄐什鄍?'"
"lib\generated\app_localizations_hi.dart","530","'鄐云鄐兒? 鄐五鄍 鄐戈? 鄐?鄐?鄐芹?鄐詮?鄐?鄐芹元鄐丹 鄐兒允鄍鄐?鄐? 鄐嫩?!'"
"lib\generated\app_localizations_hi.dart","533","'鄐芹元鄐丹鄍鄐舟冗 鄐徇兮鄍仆鄍丑鄐?鄐冗鄐耜? 鄐嫩?, 鄐耜?鄐眇? 鄐桌?鄐?鄐?鄐桌?鄐?'"
"lib\generated\app_localizations_hi.dart","536","'鄐詮冗鄐?鄐啤冗 鄐芹凶鄐?'"
"lib\generated\app_localizations_hi.dart","539","'鄐詮亢鄍丹鄍什鄍 鄐兒?鄐耜冗'"
"lib\generated\app_localizations_hi.dart","545","'鄐芹?鄐舟?鄐兒冗 鄐菽尹'"
"lib\generated\app_localizations_hi.dart","560","'鄐啤丹鄍丹 鄐什鄍?'"
"lib\generated\app_localizations_hi.dart","563","'鄐芹?鄐獅?鄐凶 鄐什鄍?'"
"lib\generated\app_localizations_id.dart","311","'Anda yakin ingin keluar?(織;?;`)'"
"lib\generated\app_localizations_id.dart","321","'Baik! Saya akan menunggu Anda kembali??織?` )'"
"lib\generated\app_localizations_id.dart","328","'Anda yakin ingin menghapus akun ini?鉈毯?'"
"lib\generated\app_localizations_ja.dart","12","'閮剖?'"
"lib\generated\app_localizations_ja.dart","21","'閮隤?憭'"
"lib\generated\app_localizations_ja.dart","24","'??艾??'"
"lib\generated\app_localizations_ja.dart","34","'???芥?隤准颲潦銝准?具?潦??箇????: $error'"
"lib\generated\app_localizations_ja.dart","44","'瘣餌'"
"lib\generated\app_localizations_ja.dart","59","'?寥?'"
"lib\generated\app_localizations_ja.dart","77","'?憬(憟單?'"
"lib\generated\app_localizations_ja.dart","80","'敺憬(?瑟?'"
"lib\generated\app_localizations_ja.dart","83","'?扎?～'"
"lib\generated\app_localizations_ja.dart","86","'蝢?????'"
"lib\generated\app_localizations_ja.dart","89","'?柴??'"
"lib\generated\app_localizations_ja.dart","98","'?艾?嗚???扎????'"
"lib\generated\app_localizations_ja.dart","104","'?准?押?踴雿?'"
"lib\generated\app_localizations_ja.dart","107","'?准?押?踴?Ｕ?? (???餃???扎?Ｕ??踴)'"
"lib\generated\app_localizations_ja.dart","110","'?准?押?踴??*'"
"lib\generated\app_localizations_ja.dart","113","'?准?押?踴隤祆?:'"
"lib\generated\app_localizations_ja.dart","116","'撟湧耦:'"
"lib\generated\app_localizations_ja.dart","119","'?瑟平:*'"
"lib\generated\app_localizations_ja.dart","122","'隤???(MMDD)'"
"lib\generated\app_localizations_ja.dart","125","'?批 *'"
"lib\generated\app_localizations_ja.dart","140","'頨恍:(cm)'"
"lib\generated\app_localizations_ja.dart","143","'憭??桀耦摰?'"
"lib\generated\app_localizations_ja.dart","146","'?扳?踴'"
"lib\generated\app_localizations_ja.dart","149","'?隞?扳?踴...'"
"lib\generated\app_localizations_ja.dart","155","'憟賬??芥???(靘? ?扎??氬?潦???格)'"
"lib\generated\app_localizations_ja.dart","158","'憳??芥???(靘? ?艾??～?喋?????)'"
"lib\generated\app_localizations_ja.dart","161","'鈭箇?撠??芰?撖? (靘? 摰?孵??喟)'"
"lib\generated\app_localizations_ja.dart","167","'閰晞??嫘?嫘?扎: (靘? 閬?鈭箝?臬??)'"
"lib\generated\app_localizations_ja.dart","171","'隡店靘? (??扎?? ???砍??怒??犖?扼??哨? ?准?押?踴: ...????'"
"lib\generated\app_localizations_ja.dart","174","'?准?押?踴?:'"
"lib\generated\app_localizations_ja.dart","177","'?准?押?踴?柴???啜?艾???芥????艾?????(?憭?2500 ??)'"
"lib\generated\app_localizations_ja.dart","180","'?嫘??潦?潦憪??'"
"lib\generated\app_localizations_ja.dart","183","'?准?押?踴?柴??准????亙?????? (?憭?2500 ??)'"
"lib\generated\app_localizations_ja.dart","186","'?嫘??潦?潦???? (?憭?50 ???隡??怒?銵函內???整?)'"
"lib\generated\app_localizations_ja.dart","189","'?准?押?踴?株蕭????'"
"lib\generated\app_localizations_ja.dart","192","'餈賢??捆????艾?????..'"
"lib\generated\app_localizations_ja.dart","195","'隞??扎?潦???扎?????怠???整???'"
"lib\generated\app_localizations_ja.dart","198","'?胯?'"
"lib\generated\app_localizations_ja.dart","204","'雿?'"
"lib\generated\app_localizations_ja.dart","207","'靽?'"
"lib\generated\app_localizations_ja.dart","213","'?准?押?踴雿??駁??鈭??整?'"
"lib\generated\app_localizations_ja.dart","219","'?胯?'"
"lib\generated\app_localizations_ja.dart","228","'?准?押?踴???亙????潦?撠???????准???艾?????'"
"lib\generated\app_localizations_ja.dart","231","'靽?銝?..'"
"lib\generated\app_localizations_ja.dart","234","'?餃?????准?葉...'"
"lib\generated\app_localizations_ja.dart","240","'?餃???葉...'"
"lib\generated\app_localizations_ja.dart","243","'?准?押?踴??踴?靽?銝?..'"
"lib\generated\app_localizations_ja.dart","247","'?准?押?踴??charName??雿????整???'"
"lib\generated\app_localizations_ja.dart","256","'?准?押?踴雿??怠仃???整??? $error'"
"lib\generated\app_localizations_ja.dart","260","'憭有?具?喋??喋?'"
"lib\generated\app_localizations_ja.dart","278","'銝?'"
"lib\generated\app_localizations_ja.dart","284","'?准?押?踴蝞∠?'"
"lib\generated\app_localizations_ja.dart","287","'????????胯?潦?銵函內'"
"lib\generated\app_localizations_ja.dart","290","'??扎??瑯??瑯'"
"lib\generated\app_localizations_ja.dart","293","'?拍閬?'"
"lib\generated\app_localizations_ja.dart","299","'?准?Ｕ???整???(織;?;`)'"
"lib\generated\app_localizations_ja.dart","302","'?潦??????'"
"lib\generated\app_localizations_ja.dart","305","'蝣箄?'"
"lib\generated\app_localizations_ja.dart","308","'?胯?嚗?????柴?敺?艾??整???織?` )'"
"lib\generated\app_localizations_ja.dart","311","'?Ｕ?艾???'"
"lib\generated\app_localizations_ja.dart","323","'蝣箄?'"
"lib\generated\app_localizations_ja.dart","334","'?Ｕ??芥??詻?? $version'"
"lib\generated\app_localizations_ja.dart","341","'?整????潦?楊???行??晞?摰????艾?????'"
"lib\generated\app_localizations_ja.dart","347","'敺'"
"lib\generated\app_localizations_ja.dart","351","'$friendName ?具?????葉'"
"lib\generated\app_localizations_ja.dart","356","'$friendName ?具????捆'"
"lib\generated\app_localizations_ja.dart","360","'?～??颯?詻??亙?...'"
"lib\generated\app_localizations_ja.dart","367","'?准?押?踴閰喟敦?株狎?輯噯?踴憭望????: $errorDetails'"
"lib\generated\app_localizations_ja.dart","374","'撟潦?'"
"lib\generated\app_localizations_ja.dart","377","'?憬敺憬'"
"lib\generated\app_localizations_ja.dart","380","'?批???颯隞脯??胯??怒??'"
"lib\generated\app_localizations_ja.dart","386","'?隞?(???批???艾?????'"
"lib\generated\app_localizations_ja.dart","392","'?嫘??潦?潦?潦?'"
"lib\generated\app_localizations_ja.dart","398","'?暑?柴??潦??'"
"lib\generated\app_localizations_ja.dart","407","'?怒?踴??潦????餈縑'"
"lib\generated\app_localizations_ja.dart","419","'?捆?芥?'"
"lib\generated\app_localizations_ja.dart","442","'??准?扎?????'"
"lib\generated\app_localizations_ja.dart","445","'?胯?艾??准?押?踴蝞∠?'"
"lib\generated\app_localizations_ja.dart","451","'?整?隤啜?隡?艾??整???'"
"lib\generated\app_localizations_ja.dart","460","'??閫?'"
"lib\generated\app_localizations_ja.dart","480","'??准?押?踴?株底蝝唳??晞?整????整???..'"
"lib\generated\app_localizations_ja.dart","486","'?艾?嗚????扎????'"
"lib\generated\app_localizations_ja.dart","489","'隤准颲潦憭望????扼???摨艾?閰艾?????'"
"lib\generated\app_localizations_ja.dart","495","'?瑯???'"
"lib\generated\app_localizations_ja.dart","498","'鈭斗?閮'"
"lib\generated\app_localizations_ja.dart","510","'?整?雿????准??艾??整???'"
"lib\generated\app_localizations_ja.dart","513","'???怠???押??舐征?扼???????踴????'"
"lib\generated\app_localizations_ja.dart","516","'?萸?押??喋'"
"lib\generated\app_localizations_ja.dart","519","'?芥?瑯?喋??怒'"
"lib\generated\app_localizations_ja.dart","525","'????押?嫘?'"
"lib\generated\app_localizations_ja.dart","543","'蝣箏?'"
"lib\generated\app_localizations_ko.dart","12","'?木?'"
"lib\generated\app_localizations_ko.dart","24","'諈刺? 儦筋'"
"lib\generated\app_localizations_ko.dart","27","'?? 儦筋穈 ??.'"
"lib\generated\app_localizations_ko.dart","34","'儦筋 諈拘???賱?月? 鴗??月?穈 諻???: $error'"
"lib\generated\app_localizations_ko.dart","56","'賱???'"
"lib\generated\app_localizations_ko.dart","62","'鴔骨'"
"lib\generated\app_localizations_ko.dart","68","'窸?'"
"lib\generated\app_localizations_ko.dart","77","'?偽(?科?)'"
"lib\generated\app_localizations_ko.dart","80","'?偽(?到?)'"
"lib\generated\app_localizations_ko.dart","83","'諰?'"
"lib\generated\app_localizations_ko.dart","86","'諤欠?'"
"lib\generated\app_localizations_ko.dart","89","'諻?'"
"lib\generated\app_localizations_ko.dart","95","'? 麆到'"
"lib\generated\app_localizations_ko.dart","98","'?科?未 麆樺? ????'"
"lib\generated\app_localizations_ko.dart","101","'?渠站鴔 ?域?國? ?潰??? ??. ?渠站鴔諝??木? ???渥ˉ?賄?.'"
"lib\generated\app_localizations_ko.dart","104","'儥早???'"
"lib\generated\app_localizations_ko.dart","107","'儥早???刺? (麮?貒孛 ?渠站鴔穈 諰 ???)'"
"lib\generated\app_localizations_ko.dart","110","'儥早???渠?:*'"
"lib\generated\app_localizations_ko.dart","113","'儥早???月?:'"
"lib\generated\app_localizations_ko.dart","119","'鴔?:*'"
"lib\generated\app_localizations_ko.dart","125","'?梵? *'"
"lib\generated\app_localizations_ko.dart","137","'篣堅?'"
"lib\generated\app_localizations_ko.dart","143","'?賈爸 ?月?:'"
"lib\generated\app_localizations_ko.dart","146","'?梓痔 ?溢'"
"lib\generated\app_localizations_ko.dart","149","'篣堅? ?梓痔 ?溢...'"
"lib\generated\app_localizations_ko.dart","152","'篣堅?'"
"lib\generated\app_localizations_ko.dart","155","'鮈??? 窶?(?? ?資萼 儤?渣, 窸??? 赬??月? ??'"
"lib\generated\app_localizations_ko.dart","158","'?恢?? 窶?(?? ?科ˉ, ???科 ?伊?)'"
"lib\generated\app_localizations_ko.dart","161","'?炭??諈刺打???? 赬?: (?? ?科 篣賄?)'"
"lib\generated\app_localizations_ko.dart","164","'諤頃 ??'"
"lib\generated\app_localizations_ko.dart","167","'諤? ?欠??? (?? ?芻? ?禺?????麆刷???'"
"lib\generated\app_localizations_ko.dart","171","'?????: (???渥: ?寢?? ?? 鮈? ?禺??渥??? 儥早?? ...?? )'"
"lib\generated\app_localizations_ko.dart","174","'儥早??諻國祭:'"
"lib\generated\app_localizations_ko.dart","177","'儥早?域? 諻國祭 ?渥篣圉未 ????(黖? 2500??'"
"lib\generated\app_localizations_ko.dart","180","'?渥篣???:'"
"lib\generated\app_localizations_ko.dart","183","'儥早?域? 鴗掠謔禺未 ????(黖? 2500??'"
"lib\generated\app_localizations_ko.dart","186","'?渥篣?? (黖? 50?? 諤 儦渠???????'"
"lib\generated\app_localizations_ko.dart","189","'儥早??黺? ?渥:'"
"lib\generated\app_localizations_ko.dart","192","'黺? ?渥??????..'"
"lib\generated\app_localizations_ko.dart","195","'?月斥 ???渥穈 ???渣? ????諢?窸虛???窶???'"
"lib\generated\app_localizations_ko.dart","210","'鼒到?'"
"lib\generated\app_localizations_ko.dart","216","'黕??潺? ??伕????蛟?篧?'"
"lib\generated\app_localizations_ko.dart","225","'黺? ?渥 ?賄?'"
"lib\generated\app_localizations_ko.dart","228","'儥早???渠?????? ???諝??? ?渥? ???鴥潰??'"
"lib\generated\app_localizations_ko.dart","231","'???鴗?..'"
"lib\generated\app_localizations_ko.dart","234","'?渠站鴔 ????鴗?..'"
"lib\generated\app_localizations_ko.dart","237","'黖? 10?伉?鴔 ?渠站鴔諝????? ????.'"
"lib\generated\app_localizations_ko.dart","240","'?渠站鴔 麮收 鴗?..'"
"lib\generated\app_localizations_ko.dart","243","'儥早???域?????鴗?..'"
"lib\generated\app_localizations_ko.dart","247","'儥早??\""$charName\""??穈) ????蛟???'"
"lib\generated\app_localizations_ko.dart","252","'儥早??? ?欠: ?渠站鴔 ????????黕頃???蛟??? ?貲???國盒????渥ˉ?賄?.'"
"lib\generated\app_localizations_ko.dart","256","'儥早??? ?欠: $error'"
"lib\generated\app_localizations_ko.dart","266","'?圉收????'"
"lib\generated\app_localizations_ko.dart","287","'麆刺??儥早??貐湊萼'"
"lib\generated\app_localizations_ko.dart","290","'穈?陷 貐渣??'"
"lib\generated\app_localizations_ko.dart","293","'?????赭?'"
"lib\generated\app_localizations_ko.dart","296","'諢溢??'"
"lib\generated\app_localizations_ko.dart","299","'諢溢????窶???(織;?;`)'"
"lib\generated\app_localizations_ko.dart","302","'?盂 ???渥?'"
"lib\generated\app_localizations_ko.dart","308","'鮈??? ?木? ??????鴔 篣圉謔湊??(織?` )'"
"lib\generated\app_localizations_ko.dart","311","'窸? ?原?'"
"lib\generated\app_localizations_ko.dart","314","'??窸????? ?原???窶???鉈毯?'"
"lib\generated\app_localizations_ko.dart","318","'????? ??謔????諰? 諈刺? ?域?國? ?筋?諢??原??拘???'"
"lib\generated\app_localizations_ko.dart","321","'???? ?原??? ??窶?'"
"lib\generated\app_localizations_ko.dart","327","'窸????梓陬?諢??原????蛟???'"
"lib\generated\app_localizations_ko.dart","335","'??貒?: $version'"
"lib\generated\app_localizations_ko.dart","342","'諟潰? ???? ?賄?? ?陷諝????鴥潰??'"
"lib\generated\app_localizations_ko.dart","345","'?賄??潺? ?渠?'"
"lib\generated\app_localizations_ko.dart","357","'$friendName ?頃??????渥'"
"lib\generated\app_localizations_ko.dart","361","'諰?鴔 ?...'"
"lib\generated\app_localizations_ko.dart","364","'儥早???域?圉未 麆樺? ????'"
"lib\generated\app_localizations_ko.dart","368","'儥早???賈? ?陷 諢? ?欠: $errorDetails'"
"lib\generated\app_localizations_ko.dart","375","'??儦筋'"
"lib\generated\app_localizations_ko.dart","381","'?國痔?痔?? ?科'"
"lib\generated\app_localizations_ko.dart","384","'鴔 ??'"
"lib\generated\app_localizations_ko.dart","387","'篣堅? (???潺? ??渥ˉ?賄?)'"
"lib\generated\app_localizations_ko.dart","390","'?潰? 諈刺?'"
"lib\generated\app_localizations_ko.dart","393","'?欠?謔?諈刺?'"
"lib\generated\app_localizations_ko.dart","396","'諈域? 諈刺?'"
"lib\generated\app_localizations_ko.dart","402","'??窸蛙??秒'"
"lib\generated\app_localizations_ko.dart","405","'?????????賄?穈 ?骨??! 鴔篣?諻? ?鴔 ?ㄗ諤收諝?????'"
"lib\generated\app_localizations_ko.dart","408","'窸??潤 ?蛟?'"
"lib\generated\app_localizations_ko.dart","411","'???窸蛙?'"
"lib\generated\app_localizations_ko.dart","414","'? 窸蛙??秒????'"
"lib\generated\app_localizations_ko.dart","417","'?版 ??'"
"lib\generated\app_localizations_ko.dart","420","'?渥 ??'"
"lib\generated\app_localizations_ko.dart","423","'??域窵?穈?陷 麮收諻拖麂'"
"lib\generated\app_localizations_ko.dart","430","'??域窵?穈?陷 麮收諻拖麂\n黖滂 ??渣: 2026??4??10?墦n\n??域窵??渣? \""貐????么"")???渥??鴥潰???穈?拘??? ?寢??篞?? 穈?陷諝??????禹萼諰? 貐???? ?陷 ?? 諻?貐渣 諻拖????月??拘???\n\n1. 窸? ?陷:\n????諢溢?? Google, Facebook, Apple 窸??潺? 諢溢????Firebase UID, ?渠??? ??? ???拘???\n?渠???穈?? ?渠???穈????窸? ?陷諝????庚, 赬?貒??Firebase ???篣域?諢????? 窵謔禺?.\n\n?? ?域?? AI 儥早?域? ?域?? 篣域??? AI??????篣圉? 諻?窶? ??? ?渥????伕?.\n篣國萼 ?陷: 篣國萼 諈刺, OS 貒?, 窸? ???未 ???黖??未 ? ???拘???\n\n2. ?陷???渥 諈拖?\nAI 窶踫? ?伊?: ???篣圉????蛭? AI ?蛟? ?? 諻??梓痔 ?澎???黖???\n?????渥?: ?科??黺拖?, ?? 篣圉? 麮收 諻?貐賄 ?賄?.\n貐渥? 貐渣: ? ?? 諈刺??圉? 諻??? 貐渣.\n\n3. ????篣域? ?\n貐????月? Google Cloud / Firebase, OpenRouter / xAI / Meta??篣域????科?拘??? ?寢??篞?? ???篣圉???窵?鴥潰?窶??坐?? ??.\n\n4. ?域?????諻??原?\n?域?圉? ?渠?圉? ???????? ??伙?. ?賄??? 窸? 諻?諈刺? ?域?域? ?筋 ?原?諝??痍??????.'"
"lib\generated\app_localizations_ko.dart","433","'??域窵??????渥?赭?'"
"lib\generated\app_localizations_ko.dart","440","'??域窵??????渥?赭?\n黖滂 ??渣: 2026??4??10?墦n\n貐????月未 ?渥??篣??? ?木? ?赭???鴥潰? 篧? ?趣鴥潰?篣?諻??. ?渥?????到? ?木? ?渥?????到? ?站?拘???\n\n1. ???木? ?梓痔 諻?諰渥? 魽堅\n赬穈???: 諈刺? ?蛟?? ???AI穈 ??庚, ???? ????貐?? ??.\n???謔科?? AI???筋?穇圉? 賱?????渥?????????. ?科?? ?窸??筋諝?窱禺??渥 ?拘???\n\n2. 穈???科??諻?窶域?\n?科???梓痔: ???????科?賈? 穈?????潺?, ?爸 ???欠?謔? 諈域? 諈刺?, ?狩, ?蛭? ?? ????賱??伕?.\n赬 麆到: 穈?諈刺????科???爸 篣域?? AI ?域 赬???圉 ?木??庚 魽域???????.\n\n3. ?科???? 篞?\n篣? ?秒: 篞寨???卿, 貒? ?? ?? 貒? ?? ?渥 ???篣??拘???\n???穈: ?????筋??謔禺??????諤? ?蛭? ?域???楊諝??痔??篣??拘???\n\n4. 鴔??國?\n?偷??儠?鼽? \'"
"lib\generated\app_localizations_ko.dart","440","' ??窸蛙? 儥早?? ?木?, ??謔科, 窶? 諢???窷收??\'"
"lib\generated\app_localizations_ko.dart","440","'????.\n?潰? ??: ?儠? ?堅 ?桿? ??????Google, Apple ????篞????圉 ???? ?科?拘???\nAI ? 儠?鼽? ?潺? ?渠站鴔??AI ?筋(Niji.journey ??諝??蛭 ????潺庚 ?????潰?諝??陷???蛟???\n篣? ??: ?? ?? ?????渥, ?禺偽?? ??? 諈刺 ? ?渥??篣??拘???\n\n5. ????鮈?\n?赭? ?? ???科? ?蛙? ? 窸????? ?? ?筋 赬??桶???????.'"
"lib\generated\app_localizations_ko.dart","449","'?國盒 ?月?'"
"lib\generated\app_localizations_ko.dart","452","'?? 諤? 儥早?國? ???'"
"lib\generated\app_localizations_ko.dart","461","'麆刺 ?渥?'"
"lib\generated\app_localizations_ko.dart","464","'麆刺'"
"lib\generated\app_localizations_ko.dart","467","'麆刺??窶???'"
"lib\generated\app_localizations_ko.dart","471","'麆刺 ?????寨?穈?$charName ?? 諰?鴔諝?諻? ????.'"
"lib\generated\app_localizations_ko.dart","475","'?木? ???萼'"
"lib\generated\app_localizations_ko.dart","478","'麆刺 ??'"
"lib\generated\app_localizations_ko.dart","481","'??儥早?域? ???? ?陷穈 ?? ??...'"
"lib\generated\app_localizations_ko.dart","487","'?科???陷諝?麆樺? ????'"
"lib\generated\app_localizations_ko.dart","493","'? ?域眼?蛙 赬 ??~'"
"lib\generated\app_localizations_ko.dart","496","'????汝'"
"lib\generated\app_localizations_ko.dart","499","'窱? 篣圉?'"
"lib\generated\app_localizations_ko.dart","508","'篣圉???貐渠諰?諢溢?貲??賄?'"
"lib\generated\app_localizations_ko.dart","511","'?? 鮈??未 ?斥 窶?諡潰 ???'"
"lib\generated\app_localizations_ko.dart","514","'貐湊??到 赬 ??. 諢??? 麆樺?貐渥??'"
"lib\generated\app_localizations_ko.dart","517","'?科????'"
"lib\generated\app_localizations_ko.dart","520","'?木? 賳ㄗ'"
"lib\generated\app_localizations_ko.dart","523","'?? ?月?鴔'"
"lib\generated\app_localizations_ko.dart","526","'諯潤 ?禺??欠'"
"lib\generated\app_localizations_ko.dart","529","'?科 諈刺?'"
"lib\generated\app_localizations_ko.dart","535","'儢木? 儢禺'"
"lib\generated\app_localizations_ko.dart","538","'????? 儢禺 魽域??萼'"
"lib\generated\app_localizations_ko.dart","541","'鼒到?'"
"lib\generated\app_localizations_ms.dart","312","'Adakah anda ingin log keluar?(織;?;`)'"
"lib\generated\app_localizations_ms.dart","322","'Baiklah! Saya akan tunggu anda kembali??織?` )'"
"lib\generated\app_localizations_ms.dart","329","'Adakah anda pasti mahu memadam akaun ini?鉈毯?'"
"lib\generated\app_localizations_pt.dart","12","'Configura癟繭es'"
"lib\generated\app_localizations_pt.dart","18","'Feedback e Sugest繭es'"
"lib\generated\app_localizations_pt.dart","27","'Voc礙 ainda n瓊o tem nenhum amigo.'"
"lib\generated\app_localizations_pt.dart","56","'Fam穩lia Rica'"
"lib\generated\app_localizations_pt.dart","77","'Irm瓊 S礙nior'"
"lib\generated\app_localizations_pt.dart","80","'Irm瓊o J繳nior'"
"lib\generated\app_localizations_pt.dart","95","'Diferen癟a de Idade'"
"lib\generated\app_localizations_pt.dart","98","'Usu獺rio n瓊o encontrado'"
"lib\generated\app_localizations_pt.dart","102","'Os dados da imagem est瓊o inconsistentes, por favor, selecione a imagem novamente.'"
"lib\generated\app_localizations_pt.dart","109","'?lbum de Personagens (A primeira imagem 矇 o avatar principal)'"
"lib\generated\app_localizations_pt.dart","115","'Descri癟瓊o do Personagem:'"
"lib\generated\app_localizations_pt.dart","121","'Profiss瓊o:*'"
"lib\generated\app_localizations_pt.dart","124","'Anivers獺rio:(MMDD)'"
"lib\generated\app_localizations_pt.dart","127","'G礙nero *'"
"lib\generated\app_localizations_pt.dart","130","'N瓊o selecionado'"
"lib\generated\app_localizations_pt.dart","145","'Descri癟瓊o da apar礙ncia:'"
"lib\generated\app_localizations_pt.dart","162","'O que n瓊o gosta:(por exemplo: mel瓊o amargo, lugares barulhentos)'"
"lib\generated\app_localizations_pt.dart","166","'Pequenos segredos desconhecidos: (por exemplo: na verdade 矇 uma pessoa sem senso de dire癟瓊o)'"
"lib\generated\app_localizations_pt.dart","177","'Exemplo de di獺logo: (Jogador: Voc礙 矇 t瓊o bom! Personagem: ...Oh.)'"
"lib\generated\app_localizations_pt.dart","180","'Hist籀rico do Personagem:'"
"lib\generated\app_localizations_pt.dart","184","'Insira a hist籀ria de fundo do personagem (m獺ximo 2500 palavras)'"
"lib\generated\app_localizations_pt.dart","187","'In穩cio da Hist籀ria:'"
"lib\generated\app_localizations_pt.dart","191","'Insira a trama do personagem (m獺ximo 2500 palavras)'"
"lib\generated\app_localizations_pt.dart","195","'Resumo da Hist籀ria (m獺ximo 50 palavras, ser獺 exibido no cart瓊o de encontro)'"
"lib\generated\app_localizations_pt.dart","198","'Informa癟繭es Adicionais do Personagem:'"
"lib\generated\app_localizations_pt.dart","201","'Insira conte繳do adicional...'"
"lib\generated\app_localizations_pt.dart","205","'Tornar p繳blico para que outros jogadores possam jogar?'"
"lib\generated\app_localizations_pt.dart","211","'N瓊o'"
"lib\generated\app_localizations_pt.dart","224","'Voc礙 vai sair da tela de cria癟瓊o de personagem'"
"lib\generated\app_localizations_pt.dart","233","'N瓊o'"
"lib\generated\app_localizations_pt.dart","236","'Editar Conte繳do Adicional'"
"lib\generated\app_localizations_pt.dart","240","'Por favor, preencha o nome do personagem e fa癟a o upload de pelo menos um avatar!'"
"lib\generated\app_localizations_pt.dart","250","'S籀 矇 poss穩vel fazer upload de no m獺ximo 10 imagens.'"
"lib\generated\app_localizations_pt.dart","265","'Falha ao criar o personagem: o upload da imagem expirou, por favor, verifique sua conex瓊o com a internet.'"
"lib\generated\app_localizations_pt.dart","273","'Apar礙ncia e Conte繳do'"
"lib\generated\app_localizations_pt.dart","276","'Gerenciamento de Conta e Conte繳do'"
"lib\generated\app_localizations_pt.dart","279","'Sobre N籀s'"
"lib\generated\app_localizations_pt.dart","295","'ID do usu獺rio copiado para a 獺rea de transfer礙ncia'"
"lib\generated\app_localizations_pt.dart","304","'Pol穩tica de Privacidade'"
"lib\generated\app_localizations_pt.dart","307","'Termos de Servi癟o'"
"lib\generated\app_localizations_pt.dart","313","'Voc礙 vai sair da conta?(織;?;`)'"
"lib\generated\app_localizations_pt.dart","323","'Ok! Estarei esperando voc礙 voltar??織?` )'"
"lib\generated\app_localizations_pt.dart","330","'Voc礙 tem certeza de que deseja excluir esta conta?鉈毯?'"
"lib\generated\app_localizations_pt.dart","334","'Esta a癟瓊o 矇 irrevers穩vel, todos os dados ser瓊o permanentemente exclu穩dos!'"
"lib\generated\app_localizations_pt.dart","337","'N瓊o, eu n瓊o quero excluir'"
"lib\generated\app_localizations_pt.dart","343","'Conta exclu穩da com sucesso.'"
"lib\generated\app_localizations_pt.dart","347","'Os personagens e cenas do jogo s瓊o fict穩cios, por favor, n瓊o os aplique na realidade! Se houver alguma semelhan癟a, 矇 pura coincid礙ncia.'"
"lib\generated\app_localizations_pt.dart","351","'Vers瓊o do Aplicativo: $version'"
"lib\generated\app_localizations_pt.dart","359","'Por favor, edite seu perfil para completar suas informa癟繭es primeiro!'"
"lib\generated\app_localizations_pt.dart","374","'Conte繳do do chat com $friendName'"
"lib\generated\app_localizations_pt.dart","381","'Dados do personagem n瓊o encontrados'"
"lib\generated\app_localizations_pt.dart","392","'Amigo de inf璽ncia'"
"lib\generated\app_localizations_pt.dart","407","'Modo Di獺rio'"
"lib\generated\app_localizations_pt.dart","410","'Modo Hist籀ria'"
"lib\generated\app_localizations_pt.dart","419","'Novo An繳ncio'"
"lib\generated\app_localizations_pt.dart","423","'Uma nova Carta do Tempo chegou! V獺 verificar o Pergaminho agora!'"
"lib\generated\app_localizations_pt.dart","429","'An繳ncio do Sistema'"
"lib\generated\app_localizations_pt.dart","432","'Nenhum an繳ncio no momento.'"
"lib\generated\app_localizations_pt.dart","435","'Sem T穩tulo'"
"lib\generated\app_localizations_pt.dart","438","'Sem Conte繳do'"
"lib\generated\app_localizations_pt.dart","442","'Pol穩tica de Privacidade de Lianlian Shiguang'"
"lib\generated\app_localizations_pt.dart","445","'?ltima atualiza癟瓊o: 10 de abril de 2026'"
"lib\generated\app_localizations_pt.dart","449","'Pol穩tica de Privacidade de \""Lianlian Shiguang\""\n?ltima atualiza癟瓊o: 10 de abril de 2026\n\nBem-vindo ao \""Lianlian Shiguang\"". Valorizamos sua privacidade. Esta pol穩tica explica como tratamos seus dados.\n\n1. Dados de Conta :\nLogin via Google/Facebook/Apple (UID, e-mail, apelido). O Firebase gerencia senhas criptografadas.\nIntera癟瓊o: Armazenamos di獺logos para que a IA mantenha a mem籀ria dos personagens.\nDispositivo: Modelo e vers瓊o do sistema para otimiza癟瓊o.\n\n2. Uso :\nMelhoria da IA, processamento de pagamentos e seguran癟a do servidor.\n\n3. Parceiros :\nGoogle Cloud, Firebase, OpenRouter, xAI, Meta. N瓊o vendemos seus di獺logos para publicidade.\n\n4. Exclus瓊o :\nDados seguros na nuvem. Voc礙 pode solicitar a exclus瓊o permanente da conta a qualquer momento.'"
"lib\generated\app_localizations_pt.dart","452","'Termos de Servi癟o de Lianlian Shiguang'"
"lib\generated\app_localizations_pt.dart","455","'?ltima atualiza癟瓊o: 10 de abril de 2026'"
"lib\generated\app_localizations_pt.dart","459","'Termos de Uso de \""Lianlian Shiguang\""\n?ltima atualiza癟瓊o: 10 de abril de 2026\n\nAo usar o servi癟o, voc礙 concorda com :\n\n1. Natureza da IA :\nRespostas geradas por IA, sem representa癟瓊o humana. Conte繳do pode ser fict穩cio.\n\n2. Pontos Virtuais :\nItens virtuais n瓊o reembols獺veis ap籀s o uso.\n\n3. Conduta :\nProibido conte繳do violento, ilegal ou interfer礙ncia no sistema.\n\n4. Propriedade :\nPersonagens oficiais (ex: Cheng An) e l籀gica pertencem ? equipe. ?cones (Google/Apple) sob licen癟a.\n\n5. Rescis瓊o :\nSuspens瓊o de conta em caso de viola癟瓊o das regras.'"
"lib\generated\app_localizations_pt.dart","462","'Fa癟a login primeiro'"
"lib\generated\app_localizations_pt.dart","465","'Gest瓊o de Personagens na Nuvem'"
"lib\generated\app_localizations_pt.dart","468","'Erro de Conex瓊o'"
"lib\generated\app_localizations_pt.dart","471","'Voc礙 ainda n瓊o conheceu nenhum personagem!'"
"lib\generated\app_localizations_pt.dart","490","'Ap籀s bloquear, voc礙 n瓊o receber獺 mensagens de $charName por enquanto.'"
"lib\generated\app_localizations_pt.dart","501","'Sem informa癟繭es detalhadas deste personagem ainda...'"
"lib\generated\app_localizations_pt.dart","507","'Informa癟繭es do usu獺rio n瓊o encontradas'"
"lib\generated\app_localizations_pt.dart","513","'A caixa de correio est獺 vazia~'"
"lib\generated\app_localizations_pt.dart","516","'Notifica癟瓊o do Sistema'"
"lib\generated\app_localizations_pt.dart","519","'Hist籀rico de Intera癟瓊o'"
"lib\generated\app_localizations_pt.dart","522","'Conte繳do Curtido'"
"lib\generated\app_localizations_pt.dart","528","'Fa癟a login para ver o hist籀rico'"
"lib\generated\app_localizations_pt.dart","531","'Voc礙 ainda n瓊o curtiu nenhuma postagem!'"
"lib\generated\app_localizations_pt.dart","535","'Sua pasta de favoritos est獺 vazia, explore o Sagu瓊o!'"
"lib\generated\app_localizations_pt.dart","544","'Laranja P繫r do Sol'"
"lib\generated\app_localizations_pt.dart","559","'Crie sua pr籀pria cor de ambiente'"
"lib\generated\app_localizations_th.dart","12","'鉊葡鉊??鉊晤?鉊?鉆葡'"
"lib\generated\app_localizations_th.dart","18","'鉊?鉊冢?鉊芹?鉊冢?鉊萼鉆艇鉊啤?鉊喪?鉊萼鉊董'"
"lib\generated\app_localizations_th.dart","21","'鉆鉊艇鉊菽?鉊Ｒ?鉊葡鉊拈葡'"
"lib\generated\app_localizations_th.dart","24","'鉆鉊虞鉆葉鉊?鉊晤?鉊葦鉊﹤?'"
"lib\generated\app_localizations_th.dart","27","'鉊虜鉊腺鉊晤?鉆腹鉆腹鉊菽?鉊虞鉆葉鉊?鉊丞腺'"
"lib\generated\app_localizations_th.dart","34","'鉆鉊葩鉊?鉆葉鉊葩鉊?鉊丞葡鉊?鉊萼鉆葦鉊丞?鉊?葡鉊Ｒ?鉊獅?鉊冢?鉊虞鉆葉鉊? $error'"
"lib\generated\app_localizations_th.dart","50","'鉊虜鉊葦鉊號'"
"lib\generated\app_localizations_th.dart","53","'鉊虜鉊?鉊耜腺'"
"lib\generated\app_localizations_th.dart","56","'鉊腦鉊啤?鉊嫩艇鉊??鉊喪腦鉊抉腺'"
"lib\generated\app_localizations_th.dart","59","'鉊﹤葭鉆鉊丞?鉊徇?鉆鉊徇艇鉊菽?鉊Ｒ腹'"
"lib\generated\app_localizations_th.dart","68","'鉊﹤虜鉆?鉊﹤萵鉆?'"
"lib\generated\app_localizations_th.dart","77","'鉊?虜鉆?鉊葭鉆?鉊徇?鉊毯?)'"
"lib\generated\app_localizations_th.dart","80","'鉊?虜鉆?鉊?鉊冢?(鉊葡鉊?'"
"lib\generated\app_localizations_th.dart","83","'鉊徇艇鉆葉'"
"lib\generated\app_localizations_th.dart","86","'鉊芹葷鉊Ｒ?鉊耜腹鉊?鉊耜?鉊啤艇鉊嗣?'"
"lib\generated\app_localizations_th.dart","92","'鉆鉊?鉊耜?鉊嫩?'"
"lib\generated\app_localizations_th.dart","95","'鉊?鉊冢?鉊抉?鉊耜?鉊?萼鉊徇葷鉆葡鉊葷鉊晤腺'"
"lib\generated\app_localizations_th.dart","102","'鉊?鉊冢腹鉊嫩艇鉊?號鉊?鉊耜?鉆腹鉆?鉊??鉊萵鉊?鉊腦鉊詮?鉊耜?鉊丞虞鉊冢?鉊?號鉊?鉊耜?鉆葦鉊﹤?鉊冢葭鉊?鉊?萵鉆?'"
"lib\generated\app_localizations_th.dart","105","'鉊芹腦鉆葡鉊?鉊晤葷鉊丞萼鉊腦'"
"lib\generated\app_localizations_th.dart","108","'鉊冢萵鉊丞?鉊晤?鉊﹤?鉊晤葷鉊丞萼鉊腦 (鉊?號鉊?鉊??鉆鉊?鉊腦鉊嫩?鉆?鉊??鉊艇鉆葦鉊丞萵鉊?'"
"lib\generated\app_localizations_th.dart","111","'鉊虞鉆葉鉊萵鉊抉艇鉊啤?鉊?*'"
"lib\generated\app_localizations_th.dart","114","'鉊董鉊冢?鉊毯?鉊耜腺鉊萵鉊抉艇鉊啤?鉊?'"
"lib\generated\app_localizations_th.dart","117","'鉊冢葡鉊Ｒ虜:'"
"lib\generated\app_localizations_th.dart","120","'鉊冢葡鉊葭鉊?*'"
"lib\generated\app_localizations_th.dart","123","'鉊抉萵鉊?鉊葩鉊?(MMDD)'"
"lib\generated\app_localizations_th.dart","126","'鉆鉊落 *'"
"lib\generated\app_localizations_th.dart","129","'鉆腹鉆?鉊?鉆鉊丞虞鉊冢?'"
"lib\generated\app_localizations_th.dart","135","'鉊徇?鉊毯?'"
"lib\generated\app_localizations_th.dart","141","'鉊芹?鉊抉?鉊芹號鉊?(cm)'"
"lib\generated\app_localizations_th.dart","144","'鉊丞萵鉊萱鉊萼鉊葡鉊Ｒ?鉊冢?:'"
"lib\generated\app_localizations_th.dart","150","'鉆?鉆?鉊虜鉊艇鉊毯?鉊葡鉊葉鉊獅?鉊?...'"
"lib\generated\app_localizations_th.dart","157","'鉊芹葩鉆?鉊葭鉆?鉊冢?:(鉆鉊?鉊?鉆鉊?鉊葵鉊腦鉊冢葷鉆?鉊葉鉊??鉊?葭, 鉆腹鉊? 鉊抉萵鉊?鉊?鉊?'"
"lib\generated\app_localizations_th.dart","160","'鉊芹葩鉆?鉊葭鉆?鉊艇鉊菽腺鉊?(鉆鉊?鉊?鉊﹤萼鉊?萼, 鉊葭鉆?鉊菽?鉆鉊芹葭鉊Ｒ?鉊萵鉊?'"
"lib\generated\app_localizations_th.dart","164","'鉊葷鉊耜腹鉊丞萵鉊?鉊丞?鉊? 鉊葭鉆?鉊﹤?鉊﹤葭鉆?鉊?腦鉊嫩?: (鉆鉊?鉊?鉊腦鉊毯?鉆?鉆艇鉆葷鉆鉊?鉊?鉊葦鉊丞?鉊葡鉊?'"
"lib\generated\app_localizations_th.dart","167","'鉊葩鉊?葩鉊Ｒ葡鉊?鉊耜?鉊耜?'"
"lib\generated\app_localizations_th.dart","171","'鉊?鉊喪?鉊芹葭鉊Ｒ?鉆艇鉊啤葵鉆?鉊丞?鉊葡鉊??鉊嫩?: (鉆鉊?鉊?鉊號鉊?鉊Ｒ?鉊?鉊耜?鉊芹?鉊?鉆?鉊丞?鉊徇?鉆葡)'"
"lib\generated\app_localizations_th.dart","175","'鉊萵鉊抉葉鉊Ｒ?鉊耜?鉊?鉊芹?鉊?鉊? (鉊號鉆?鉊丞?鉊? 鉊虜鉊?鉊?鉊菽?鉊晤?! 鉊萵鉊抉艇鉊啤?鉊? ...鉊冢?鉊?)'"
"lib\generated\app_localizations_th.dart","178","'鉊腦鉊啤葷鉊晤?鉊毯?鉊虞鉆葉鉊葦鉊丞萵鉊?鉊晤葷鉊丞萼鉊腦:'"
"lib\generated\app_localizations_th.dart","182","'鉆葵鉆?鉊?虞鉆葉鉊腦鉊耜葷鉆鉊虞鉆葉鉊葦鉊丞萵鉊?鉊晤葷鉊丞萼鉊腦 (鉆腹鉆?鉊葩鉊?2500 鉊萵鉊抉葉鉊晤?鉊拈腦)'"
"lib\generated\app_localizations_th.dart","185","'鉊虜鉊?鉊?葩鉆腹鉊?鉊?鉊冢?鉆鉊?虞鉆葉鉊腦鉊耜葷:'"
"lib\generated\app_localizations_th.dart","189","'鉆葵鉆?鉊虞鉆葉鉆鉊?虞鉆葉鉊?鉊冢?鉊萵鉊抉艇鉊啤?鉊?(鉆腹鉆?鉊葩鉊?2500 鉊萵鉊抉葉鉊晤?鉊拈腦)'"
"lib\generated\app_localizations_th.dart","193","'鉊?鉊芹腦鉊詮?鉆鉊?虞鉆葉鉊腦鉊耜葷 (鉆腹鉆?鉊葩鉊?50 鉊萵鉊抉葉鉊晤?鉊拈腦, 鉊萼鉆葵鉊?鉆?鉊萵鉊腦鉊萵鉊?鉊?'"
"lib\generated\app_localizations_th.dart","196","'鉊?鉊冢腹鉊嫩艇鉆鉊葩鉆腹鉆鉊葩鉊﹤?鉊葭鉆腺鉊抉?鉊晤?鉊萵鉊抉艇鉊啤?鉊?'"
"lib\generated\app_localizations_th.dart","199","'鉆葵鉆?鉆葉鉊﹤號鉊丞?鉊葩鉆腹鉆鉊葩鉊?..'"
"lib\generated\app_localizations_th.dart","202","'鉆鉊葩鉊?鉊腺鉆葦鉆?鉊嫩?鉆鉊丞?鉊?鉊葉鉊獅?鉊?鉊丞?鉊?鉊?鉊徇腦鉊獅葉鉆腹鉆?'"
"lib\generated\app_localizations_th.dart","214","'鉊萵鉊?鉊嗣?'"
"lib\generated\app_localizations_th.dart","220","'鉊虜鉊?鉊喪艇鉊晤?鉊萼鉊冢葉鉊?鉊耜?鉊徇?鉆葡鉊葉鉊芹腦鉆葡鉊?鉊晤葷鉊丞萼鉊腦'"
"lib\generated\app_localizations_th.dart","223","'鉊?鉊冢?鉊葡鉊??鉊晤?鉊葆鉊?鉊?鉊?鉊萵鉊腦鉆葡鉊葦鉊?虞鉊冢?鉊﹤??'"
"lib\generated\app_localizations_th.dart","229","'鉆腹鉆?鉆葉鉊?鉊耜腦'"
"lib\generated\app_localizations_th.dart","236","'鉆?鉊??鉊腦鉊冢?鉊虞鉆葉鉊萵鉊抉艇鉊啤?鉊??鉊丞萼鉊冢萵鉊?鉊徇艇鉊腦鉊嫩?鉆?鉊??鉊艇鉆葉鉊Ｒ?鉊耜?鉊?鉊冢腺鉊徇?鉊嗣?鉊腦鉊嫩?!'"
"lib\generated\app_localizations_th.dart","239","'鉊董鉊丞萵鉊?鉊晤?鉊葆鉊?..'"
"lib\generated\app_localizations_th.dart","242","'鉊董鉊丞萵鉊葉鉊晤?鉆葦鉊丞?鉊?號鉊?鉊耜?...'"
"lib\generated\app_localizations_th.dart","248","'鉊董鉊丞萵鉊?鉊?萼鉊﹤葷鉊丞?鉊丞腦鉊嫩?鉊葡鉊?..'"
"lib\generated\app_localizations_th.dart","251","'鉊董鉊丞萵鉊?鉊晤?鉊葆鉊?鉆葉鉊﹤號鉊丞?鉊晤葷鉊丞萼鉊腦...'"
"lib\generated\app_localizations_th.dart","255","'鉊芹腦鉆葡鉊?鉊晤葷鉊丞萼鉊腦 \""$charName\"" 鉆艇鉆葷!'"
"lib\generated\app_localizations_th.dart","264","'鉊芹腦鉆葡鉊?鉊晤葷鉊丞萼鉊腦鉆腹鉆葵鉊喪?鉊??鉊? $error'"
"lib\generated\app_localizations_th.dart","268","'鉊?號鉊艇鉊晤?鉊拈?鉆?鉊丞萼鉆鉊虞鉆葉鉊徇葡'"
"lib\generated\app_localizations_th.dart","271","'鉊葡鉊??鉊晤?鉊葡鉊??鉊晤?鉊葭鉆艇鉊啤?鉊虞鉆葉鉊徇葡'"
"lib\generated\app_localizations_th.dart","274","'鉆鉊葭鉆腺鉊抉?鉊晤?鉆鉊?葡'"
"lib\generated\app_localizations_th.dart","277","'鉊葡鉊??鉊晤?鉊葡鉊??鉊晤?鉊葭'"
"lib\generated\app_localizations_th.dart","289","'鉊萵鉊艇鉊冢? ID 鉊號鉆?鉊?鉆?鉊Ｒ萵鉊?鉊丞葩鉊?鉊冢腦鉆?鉆艇鉆葷'"
"lib\generated\app_localizations_th.dart","292","'鉊葡鉊??鉊晤?鉊葡鉊??鉊晤葷鉊丞萼鉊腦'"
"lib\generated\app_localizations_th.dart","295","'鉊號鉊萵鉊抉艇鉊啤?鉊??鉊菽?鉊號鉊?鉊丞?鉊冢?'"
"lib\generated\app_localizations_th.dart","298","'鉊?鉊Ｒ?鉊耜腺鉊葷鉊耜腹鉆鉊?鉊葵鉆葷鉊?鉊晤葷'"
"lib\generated\app_localizations_th.dart","301","'鉊?鉊冢?鉊喪葦鉊?鉆?鉊葡鉊??鉊徇?鉊腦鉊毯?鉊耜腦'"
"lib\generated\app_localizations_th.dart","304","'鉊冢葉鉊?鉊耜?鉊?萼鉊?'"
"lib\generated\app_localizations_th.dart","307","'鉊虜鉊?鉆葉鉊?鉊耜腦鉊冢葉鉊?鉊耜?鉊?萼鉊?鉊徇腦鉊獅葉鉆腹鉆?(織;?;`)'"
"lib\generated\app_localizations_th.dart","310","'鉊萵鉊?鉊?鉊毯?'"
"lib\generated\app_localizations_th.dart","313","'鉊Ｒ虞鉊腺鉊晤?'"
"lib\generated\app_localizations_th.dart","316","'鉊?鉊丞?! 鉊萵鉊?鉊啤腦鉊冢?鉊詮?鉊艇鉊晤?鉊﹤葡??織?` )'"
"lib\generated\app_localizations_th.dart","323","'鉊虜鉊?鉊?鉆?鉊徇腦鉊獅葉鉆腹鉆葷鉆葡鉊?鉊冢?鉊葡鉊?艇鉊?鉊晤?鉊葭鉊葭鉆?鉈毯?'"
"lib\generated\app_localizations_th.dart","327","'鉊葡鉊??鉊喪?鉊葩鉊?鉊耜腦鉊葭鉆?鉊﹤?鉊芹葡鉊﹤葡鉊??鉊Ｒ?鉊冢?鉊艇鉊晤?鉆?鉆?鉊?鉊冢腹鉊嫩艇鉊萵鉆?鉊徇腹鉊?鉊啤?鉊嫩?鉊丞?鉊冢腺鉆葡鉊?鉊耜葷鉊?'"
"lib\generated\app_localizations_th.dart","330","'鉆腹鉆?鉊萵鉊?鉊﹤?鉆?鉆?鉆葉鉊?鉊耜腦鉊丞?'"
"lib\generated\app_localizations_th.dart","333","'鉊Ｒ虞鉊腺鉊晤?'"
"lib\generated\app_localizations_th.dart","344","'鉆鉊抉葉鉊??鉊萵鉊?鉊冢?: $version'"
"lib\generated\app_localizations_th.dart","352","'鉊腦鉊詮?鉊耜?鉊?鉆?鉆?鉊??鉊艇鉆?鉊冢?鉊虜鉊?鉊虞鉆葉鉊腦鉊冢?鉊?鉊冢腹鉊嫩艇鉆葦鉆葵鉊﹤?鉊嫩腦鉊?鉊?鉊冢?!'"
"lib\generated\app_localizations_th.dart","355","'鉆?鉊葭鉆?鉊?鉆?'"
"lib\generated\app_localizations_th.dart","362","'鉊董鉊丞萵鉊?鉊?鉊萵鉊?$friendName'"
"lib\generated\app_localizations_th.dart","367","'鉆鉊虞鉆葉鉊徇葡鉊葡鉊??鉊?鉊萵鉊?$friendName'"
"lib\generated\app_localizations_th.dart","371","'鉊葩鉊﹤?鉆?鉆葉鉊葷鉊耜腹...'"
"lib\generated\app_localizations_th.dart","374","'鉆腹鉆?鉊?鉆葉鉊﹤號鉊丞?鉊晤葷鉊丞萼鉊腦'"
"lib\generated\app_localizations_th.dart","378","'鉆葦鉊丞?鉊?葡鉊Ｒ艇鉊啤?鉊冢葭鉊Ｒ?鉊萵鉊抉艇鉊啤?鉊??鉊﹤?鉊芹董鉆鉊??鉊? $errorDetails'"
"lib\generated\app_localizations_th.dart","391","'鉊號鉆?鉊晤?'"
"lib\generated\app_localizations_th.dart","394","'鉆鉊虞鉆葉鉊腦鉆葷鉊﹤?鉊耜?'"
"lib\generated\app_localizations_th.dart","397","'鉊冢虞鉆? 鉆?(鉆?鉊??鉊?鉊冢?鉊?鉊抉腺鉊?鉆鉊冢?)'"
"lib\generated\app_localizations_th.dart","400","'鉆葦鉊﹤?鉊腦鉊啤?鉊喪葷鉊晤?'"
"lib\generated\app_localizations_th.dart","412","'鉊腦鉊啤?鉊耜落鉆葦鉊﹤?'"
"lib\generated\app_localizations_th.dart","416","'鉊?鉊徇腹鉊耜腺鉆葦鉆?鉆鉊抉艇鉊耜?鉊萵鉊?鉊徇腹鉆腹鉊耜?鉊嗣?鉆艇鉆葷! 鉆?鉊腦鉊抉?鉊芹葉鉊?鉊菽?鉊﹤?鉊抉?鉊腦鉊啤?鉊耜萱鉊徇?鉊晤?鉆?鉆?鉊丞腺!'"
"lib\generated\app_localizations_th.dart","419","'鉊葉鉊?鉊丞萵鉊?鉊耜?鉊?鉊耜腺鉊腦鉊毯?鉊耜腦鉊丞號鉊?鉆葡'"
"lib\generated\app_localizations_th.dart","425","'鉊?鉊啤?鉊菽?鉊Ｒ萵鉊?鉊﹤?鉊﹤葭鉊腦鉊啤?鉊耜落'"
"lib\generated\app_localizations_th.dart","431","'鉆腹鉆腹鉊菽?鉊虞鉆葉鉊徇葡'"
"lib\generated\app_localizations_th.dart","435","'鉊?鉊Ｒ?鉊耜腺鉊葷鉊耜腹鉆鉊?鉊葵鉆葷鉊?鉊晤葷鉊葉鉊?Lianlian Shiguang'"
"lib\generated\app_localizations_th.dart","438","'鉊冢萵鉊?鉊?鉊丞?鉊耜葵鉊詮?: 10 鉆鉊﹤萱鉊耜腺鉊?2026'"
"lib\generated\app_localizations_th.dart","442","""\n鉊冢萵鉊?鉊?鉊丞?鉊耜葵鉊詮?: 10 鉆鉊﹤萱鉊耜腺鉊?2026\n\n鉊Ｒ葩鉊?鉊菽?鉆葉鉊腦鉊晤?鉊芹號鉆?\"""
"lib\generated\app_localizations_th.dart","442",""" (鉊葆鉆?鉊?鉊冢?鉊?鉊菽?鉊萼鉆鉊?葭鉊Ｒ?鉊抉?鉊?\"""
"lib\generated\app_localizations_th.dart","445","'鉆鉊虞鉆葉鉊?鉊?鉊耜腦鉆葦鉆?鉊?葩鉊葡鉊??鉊冢? Lianlian Shiguang'"
"lib\generated\app_localizations_th.dart","448","'鉊冢萵鉊?鉊?鉊丞?鉊耜葵鉊詮?: 10 鉆鉊﹤萱鉊耜腺鉊?2026'"
"lib\generated\app_localizations_th.dart","452","'鉆鉊虞鉆葉鉊?鉊?鉊耜腦鉆葦鉆?鉊?葩鉊葡鉊??鉊冢? \""Lianlian Shiguang\""\n鉊冢萵鉊?鉊?鉊丞?鉊耜葵鉊詮?: 10 鉆鉊﹤萱鉊耜腺鉊?2026\n\n鉆?鉊??鉊冢?鉊耜?鉆鉊虞鉆葉鉊?鉊?鉆葉鉆?鉊葭鉆葉鉊Ｒ?鉊耜?鉊丞萼鉆鉊冢葭鉊Ｒ?鉊?鉊冢?鉆?鉆?鉊?葩鉊葡鉊?鉊葡鉊??鉊?葩鉆腹鉆?鉆?鉊耜?鉊徇腹鉊耜腺鉊葆鉊?鉊詮?鉊Ｒ葉鉊﹤腦鉊晤?鉊?鉊冢?鉊艇鉊?鉊晤?鉊葭鉆?\n\n1. 鉊丞萵鉊萱鉊萼鉊葉鉊?鉊?葩鉊葡鉊??鉊丞萼鉊董鉊芹?鉊抉?鉊芹葩鉊?鉊毯?:\n鉊葡鉊??鉊?鉊葉鉊?鉊菽?鉆腹鉆?鉊?鉊﹤?鉊詮萱鉊Ｒ?: 鉊董鉊葉鉊?鉊晤?鉊葦鉊﹤?鉊號鉊葵鉊??鉊耜?鉆?鉊?AI (Generative AI) 鉊葆鉆?鉆腹鉆?鉊獅葉鉆鉊?鉊腹鉊詮腹鉊﹤葉鉊?鉊冢?鉊號鉆?鉊晤?鉊葡\n鉊葷鉊耜腹鉆鉊芹葭鉆腺鉊?鉆葡鉊?鉊虞鉆葉鉊徇葡: AI 鉊冢葡鉊葵鉊??鉊耜?鉆鉊虞鉆葉鉊徇葡鉊葭鉆?鉊?鉊?鉊?虞鉆葉鉊?鉊?鉊?鉆腹鉆?鉊嫩?鉊?鉊冢? 鉊徇腦鉊獅葉鉆腹鉆?鉊徇腹鉊耜萼鉊芹腹\n\n2. 鉊葉鉊Ｒ?鉆?鉊芹腹鉊獅葉鉊?鉊丞萼鉊?號鉊?鉊?鉊葡鉊??鉊喪腦鉊啤?鉊葩鉊?\n鉊葉鉊Ｒ?鉆?鉊耜腺鉆?鉊腦鉊毯?鉊耜腦鉆鉊?鉊葵鉊毯?鉊?鉊耜?鉊芹腹鉊獅葉鉊?鉆鉊﹤虞鉆葉鉆?鉆?鉊耜?鉆艇鉆葷 (鉆鉊?鉊?鉆鉊?鉊耜葵鉊嫩?鉆鉊虞鉆葉鉊徇葡, 鉆葦鉊﹤?鉊芹腹鉊腦鉊毯?, 鉊芹?鉊?鉊冢?鉊葷鉊晤?, 鉊葡鉊??鉊腦鉊?鉊抉腺鉆鉊芹葭鉊Ｒ?) 鉊萼鉆腹鉆葵鉊耜腹鉊耜腦鉊?鉊獅?鉆鉊葩鉊?鉊?\n\n3. 鉊?鉊冢?鉊喪葦鉊?鉊舅鉊葩鉊腦鉊?腹鉊號鉆?鉊?:\n鉊徇?鉊耜腹鉆?鉆?AI 鉊芹腦鉆葡鉊?鉊虞鉆葉鉊徇葡鉊葭鉆腦鉊詮?鉆腦鉊?鉊葩鉊?鉊葦鉊﹤葡鉊?鉊徇腦鉊獅葉鉆?鉊??鉆?鉊腦鉊啤?鉊n\n4. 鉊腦鉊晤?鉊Ｒ?鉊芹葩鉊?鉊耜?鉊萵鉊?鉊?\n鉆鉊虞鉆葉鉊徇葡鉊?鉊?鉊萵鉊? 鉊虞鉆葉鉊萵鉊抉艇鉊啤?鉊?(鉆鉊?鉊?鉆鉊葩鉊葉鉊晤? 鉆艇鉊啤?鉊晤葷鉊丞萼鉊腦鉊葡鉊?鉊耜腦鉊冢虞鉆?鉆? 鉆鉊虞鉆葉鉆鉊?虞鉆葉鉊?鉆艇鉊啤?鉊?腦鉊萼鉊葉鉊?鉊腹鉆鉊?鉊?鉊冢? \""鉊葭鉊﹤?鉊晤?鉊葡 Lianlian Shiguang\""\n\n5. 鉊葡鉊?腺鉊詮?鉊毯?鉊?葩鉊葡鉊?\n鉊徇葡鉊?鉊嫩?鉆鉊丞?鉊艇鉊啤?鉊﹤葩鉊?鉆葉鉊萵鉊?鉊晤? 鉊腦鉊毯?鉊耜腦鉊﹤葭鉊芹葩鉊?鉊毯?鉊?萼鉊萵鉊?鉊晤?鉊葭鉆?鉆?鉊腺鉆腹鉆?鉆葉鉊?鉊?鉊?鉊徇?鉊腦鉊耜?鉊丞?鉊抉?鉊徇?鉆葡'"
"lib\generated\app_localizations_th.dart","455","'鉊腦鉊詮?鉊耜?鉊?鉊耜葵鉊嫩?鉊?萼鉊?鉊?鉊冢?'"
"lib\generated\app_localizations_th.dart","458","'鉊葡鉊??鉊晤?鉊葡鉊??鉊晤葷鉊丞萼鉊腦鉊?鉊艇鉊耜葷鉊?'"
"lib\generated\app_localizations_th.dart","464","'鉊虜鉊腺鉊晤?鉆腹鉆腦鉊嫩?鉊萵鉊?鉊晤葷鉊丞萼鉊腦鉆?鉆?鉆鉊丞腺!'"
"lib\generated\app_localizations_th.dart","467","'鉊芹?鉊耜?鉊? 鉊?萼鉊萵鉊?鉊耜腦鉊葩鉊?鉆葉'"
"lib\generated\app_localizations_th.dart","470","'鉊芹?鉊耜?鉊? 鉊董鉊丞萵鉊?鉊晤?鉊葡鉊葷鉊耜腹鉊芹萵鉊﹤?鉊晤?鉊?'"
"lib\generated\app_localizations_th.dart","473","'鉊艇鉊?鉊丞?鉊冢?'"
"lib\generated\app_localizations_th.dart","479","'鉊Ｒ虞鉊腺鉊晤?鉊葡鉊??鉊丞?鉊冢?鉊徇腦鉊獅葉鉆腹鉆?'"
"lib\generated\app_localizations_th.dart","483","'鉊徇艇鉊晤?鉊葡鉊?鉊丞?鉊冢?鉆艇鉆葷 鉊虜鉊?鉊啤?鉊﹤?鉆?鉆腦鉊晤?鉊?鉊冢?鉊抉葡鉊﹤?鉊耜? $charName 鉊萵鉆葷鉊腦鉊耜葷'"
"lib\generated\app_localizations_th.dart","490","'鉊Ｒ虞鉊腺鉊晤?鉊葡鉊??鉊丞?鉊冢?'"
"lib\generated\app_localizations_th.dart","493","'鉊Ｒ萵鉊?鉊﹤?鉊﹤葭鉊?鉊冢腹鉊嫩艇鉆?鉊Ｒ艇鉊啤?鉊冢葭鉊Ｒ?鉊葉鉊?鉊晤葷鉊丞萼鉊腦鉊葭鉆?..'"
"lib\generated\app_localizations_th.dart","496","'鉊艇鉆葉鉊?鉊葦鉊﹤葡鉊Ｒ葵鉆葷鉊?鉊晤葷'"
"lib\generated\app_localizations_th.dart","502","'鉆葦鉊丞?鉆腹鉆葵鉊喪?鉊??鉊?鉊腦鉊詮?鉊耜艇鉊冢?鉆葦鉊﹤?鉊冢葭鉊?鉊?萵鉆?'"
"lib\generated\app_localizations_th.dart","505","'鉊葉鉊?鉊菽?鉊艇鉆葉鉊?鉊葦鉊﹤葡鉊Ｒ葷鉆葡鉊?鉊艇鉆葡~'"
"lib\generated\app_localizations_th.dart","508","'鉆?鉆?鉆鉊虞鉊冢?鉊?萼鉊?'"
"lib\generated\app_localizations_th.dart","517","'鉊?葡鉊Ｒ?鉊耜腦鉆?鉊??鉊葉鉊?鉊晤?'"
"lib\generated\app_localizations_th.dart","520","'鉊腦鉊詮?鉊耜?鉊?鉊耜葵鉊嫩?鉊?萼鉊?鉆鉊虞鉆葉鉊號鉊萵鉊?鉊嗣?'"
"lib\generated\app_localizations_th.dart","523","'鉊虜鉊腺鉊晤?鉆腹鉆?鉊?鉊?鉆艇鉊?鉆?鉊芹?鉆?鉊? 鉆鉊丞腺!'"
"lib\generated\app_localizations_th.dart","526","'鉊?葡鉊Ｒ?鉊耜腦鉆?鉊??鉊抉?鉊耜?鉆鉊艇鉆葡 鉆?鉊號鉊葭鉆葦鉆葉鉊?鉊?鉊萵鉊?鉊葉鉊?'"
"lib\generated\app_localizations_th.dart","529","'鉊腹鉊號鉊葡鉊虜鉊?萼'"
"lib\generated\app_localizations_th.dart","538","'鉊?鉊耜腹鉊毯?鉊?'"
"lib\generated\app_localizations_th.dart","544","'鉆鉊艇鉊菽?鉊Ｒ?鉊腦鉊?腺鉊耜?鉊耜落'"
"lib\generated\app_localizations_th.dart","547","'鉊芹葭鉊葭鉆?鉊喪葦鉊?鉆鉊冢?'"
"lib\generated\app_localizations_th.dart","556","'鉊?鉊丞?'"
"lib\generated\app_localizations_vi.dart","12","'C?i ?廕暗'"
"lib\generated\app_localizations_vi.dart","18","'Ph廕τ h廙 & G廙ξ 羸'"
"lib\generated\app_localizations_vi.dart","24","'T廕另 c廕?b廕》 b癡'"
"lib\generated\app_localizations_vi.dart","27","'B廕》 cha c籀 b廕另 k廙?ng廙 b廕》 n?o.'"
"lib\generated\app_localizations_vi.dart","30","'Nh璽n v廕負 kh繫ng x獺c ?廙h'"
"lib\generated\app_localizations_vi.dart","34","'?瓊 x廕ㄊ ra l廙 khi t廕ξ danh s獺ch b廕》 b癡: $error'"
"lib\generated\app_localizations_vi.dart","38","'D廙 d?ng'"
"lib\generated\app_localizations_vi.dart","44","'Ho廕﹀ b獺t'"
"lib\generated\app_localizations_vi.dart","47","'Ngh廙h ng廙σ'"
"lib\generated\app_localizations_vi.dart","50","'Ti廙 th'"
"lib\generated\app_localizations_vi.dart","56","'Gia ?穫nh gi?u c籀'"
"lib\generated\app_localizations_vi.dart","59","'T穩nh to獺n'"
"lib\generated\app_localizations_vi.dart","62","'Chi廕禦 h廙真'"
"lib\generated\app_localizations_vi.dart","65","'Hoang t廙g'"
"lib\generated\app_localizations_vi.dart","68","'Ki礙n tr穫'"
"lib\generated\app_localizations_vi.dart","71","'Ch繳'"
"lib\generated\app_localizations_vi.dart","74","'D穫'"
"lib\generated\app_localizations_vi.dart","77","'Ch廙?h廙'"
"lib\generated\app_localizations_vi.dart","80","'Em h廙'"
"lib\generated\app_localizations_vi.dart","83","'?廕雷 trai'"
"lib\generated\app_localizations_vi.dart","86","'Xinh ?廕雷 l廙g l廕咳'"
"lib\generated\app_localizations_vi.dart","89","'Tr獺i ng廙θ'"
"lib\generated\app_localizations_vi.dart","92","'G廙ξ c廕σ'"
"lib\generated\app_localizations_vi.dart","95","'Ch礙nh l廙h tu廙'"
"lib\generated\app_localizations_vi.dart","98","'Kh繫ng t穫m th廕句 ng廙 d羅ng'"
"lib\generated\app_localizations_vi.dart","102","'D廙?li廙 h穫nh 廕τh kh繫ng kh廙, vui l簷ng ch廙 l廕【 h穫nh 廕τh.'"
"lib\generated\app_localizations_vi.dart","105","'T廕︽ nh璽n v廕負'"
"lib\generated\app_localizations_vi.dart","109","'Album nh璽n v廕負 (廕τh ?廕吟 ti礙n l? h穫nh ?廕【 di廙 ch穩nh)'"
"lib\generated\app_localizations_vi.dart","112","'T礙n nh璽n v廕負:*'"
"lib\generated\app_localizations_vi.dart","115","'M繫 t廕?nh璽n v廕負:'"
"lib\generated\app_localizations_vi.dart","118","'Tu廙:'"
"lib\generated\app_localizations_vi.dart","121","'Ngh廙?nghi廙:*'"
"lib\generated\app_localizations_vi.dart","127","'Gi廙 t穩nh *'"
"lib\generated\app_localizations_vi.dart","130","'Cha ch廙'"
"lib\generated\app_localizations_vi.dart","139","'Kh獺c'"
"lib\generated\app_localizations_vi.dart","142","'Chi廙 cao:(cm)'"
"lib\generated\app_localizations_vi.dart","145","'M繫 t廕?ngo廕【 h穫nh:'"
"lib\generated\app_localizations_vi.dart","148","'Th廕?t穩nh c獺ch'"
"lib\generated\app_localizations_vi.dart","151","'Th廕?t穩nh c獺ch kh獺c...'"
"lib\generated\app_localizations_vi.dart","154","'Kh獺c'"
"lib\generated\app_localizations_vi.dart","158","'Nh廙疸g th廙?y礙u th穩ch:(v穩 d廙? b獺nh kem d璽u, m癡o, ng?y ma)'"
"lib\generated\app_localizations_vi.dart","161","'Nh廙疸g th廙?gh矇t:(v穩 d廙? kh廙?qua, ni 廙 ?o)'"
"lib\generated\app_localizations_vi.dart","165","'B穩 m廕負 nh廙?kh繫ng ai bi廕篙: (v穩 d廙? th廙帷 ra l? ng廙 m羅 ?廙g)'"
"lib\generated\app_localizations_vi.dart","168","'C廙?ch廙?v? h?nh ?廙g'"
"lib\generated\app_localizations_vi.dart","172","'Gi廙g ?i廙 v? phong c獺ch n籀i: (v穩 d廙? l廕》h nh廕﹀ v廙 ng廙 l廕?'"
"lib\generated\app_localizations_vi.dart","176","'V穩 d廙??廙 tho廕【: (Ng廙 chi: B廕》 th廕負 t廙 b廙叩g! Nh璽n v廕負: ...廙?)'"
"lib\generated\app_localizations_vi.dart","179","'B廙 c廕τh nh璽n v廕負:'"
"lib\generated\app_localizations_vi.dart","183","'Nh廕計 c璽u chuy廙 n廙 c廙吧 nh璽n v廕負 (t廙 ?a 2500 t廙?'"
"lib\generated\app_localizations_vi.dart","186","'Kh廙 ?廕吟 c廙 truy廙:'"
"lib\generated\app_localizations_vi.dart","190","'Nh廕計 c廙 truy廙 c廙吧 nh璽n v廕負 (t廙 ?a 2500 t廙?'"
"lib\generated\app_localizations_vi.dart","194","'T籀m t廕眩 c璽u chuy廙 (t廙 ?a 50 t廙? s廕?hi廙 th廙?tr礙n th廕?g廕搆 g廙?'"
"lib\generated\app_localizations_vi.dart","197","'Th繫ng tin b廙?sung v廙?nh璽n v廕負:'"
"lib\generated\app_localizations_vi.dart","200","'Nh廕計 n廙 dung b廙?sung...'"
"lib\generated\app_localizations_vi.dart","203","'C繫ng khai cho ng廙 chi kh獺c chi ch廙?'"
"lib\generated\app_localizations_vi.dart","206","'C籀'"
"lib\generated\app_localizations_vi.dart","209","'Kh繫ng'"
"lib\generated\app_localizations_vi.dart","212","'T廕︽'"
"lib\generated\app_localizations_vi.dart","218","'H廙囤'"
"lib\generated\app_localizations_vi.dart","221","'B廕》 s廕?tho獺t kh廙 m?n h穫nh t廕︽ nh璽n v廕負'"
"lib\generated\app_localizations_vi.dart","224","'C籀 c廕吵 lu th?nh b廕τ nh獺p kh繫ng?'"
"lib\generated\app_localizations_vi.dart","227","'C籀'"
"lib\generated\app_localizations_vi.dart","230","'Kh繫ng'"
"lib\generated\app_localizations_vi.dart","233","'Ch廙h s廙苔 n廙 dung b廙?sung'"
"lib\generated\app_localizations_vi.dart","237","'Vui l簷ng ?i廙 t礙n nh璽n v廕負 v? t廕ξ l礙n 穩t nh廕另 m廙 h穫nh ?廕【 di廙!'"
"lib\generated\app_localizations_vi.dart","243","'?ang t廕ξ l礙n h穫nh 廕τh...'"
"lib\generated\app_localizations_vi.dart","246","'Ch廙?c籀 th廙?t廕ξ l礙n t廙 ?a 10 h穫nh 廕τh.'"
"lib\generated\app_localizations_vi.dart","249","'?ang x廙?l羸 h穫nh 廕τh...'"
"lib\generated\app_localizations_vi.dart","252","'?ang lu d廙?li廙 nh璽n v廕負...'"
"lib\generated\app_localizations_vi.dart","256","'?瓊 t廕︽ nh璽n v廕負 \""$charName\""!'"
"lib\generated\app_localizations_vi.dart","261","'T廕︽ nh璽n v廕負 th廕另 b廕【: T廕ξ l礙n h穫nh 廕τh qu獺 th廙 gian, vui l簷ng ki廙 tra k廕篙 n廙 internet c廙吧 b廕》.'"
"lib\generated\app_localizations_vi.dart","265","'T廕︽ nh璽n v廕負 th廕另 b廕【: $error'"
"lib\generated\app_localizations_vi.dart","269","'Giao di廙 & N廙 dung'"
"lib\generated\app_localizations_vi.dart","272","'Qu廕τ l羸 T?i kho廕τ & N廙 dung'"
"lib\generated\app_localizations_vi.dart","275","'V廙?ch繳ng t繫i'"
"lib\generated\app_localizations_vi.dart","278","'Qu廕τ l羸 t?i kho廕τ'"
"lib\generated\app_localizations_vi.dart","287","'Kh繫ng x獺c ?廙h'"
"lib\generated\app_localizations_vi.dart","290","'ID ng廙 d羅ng ?瓊 ?廙θ sao ch矇p v?o khay nh廙?t廕《'"
"lib\generated\app_localizations_vi.dart","293","'Qu廕τ l羸 nh璽n v廕負'"
"lib\generated\app_localizations_vi.dart","296","'Xem c獺c nh璽n v廕負 ?瓊 b廙?ch廕搖'"
"lib\generated\app_localizations_vi.dart","299","'Ch穩nh s獺ch b廕υ m廕負'"
"lib\generated\app_localizations_vi.dart","305","'??ng xu廕另'"
"lib\generated\app_localizations_vi.dart","308","'B廕》 c籀 mu廙 ??ng xu廕另 kh繫ng?(織;?;`)'"
"lib\generated\app_localizations_vi.dart","311","'T繫i b廕叮 nh廕吮'"
"lib\generated\app_localizations_vi.dart","314","'X獺c nh廕要'"
"lib\generated\app_localizations_vi.dart","318","'?廙θ r廙! T繫i s廕??廙ξ b廕》 quay l廕【??織?` )'"
"lib\generated\app_localizations_vi.dart","321","'X籀a t?i kho廕τ'"
"lib\generated\app_localizations_vi.dart","325","'B廕》 c籀 ch廕畚 ch廕疸 mu廙 x籀a t?i kho廕τ n?y kh繫ng?鉈毯?'"
"lib\generated\app_localizations_vi.dart","329","'Thao t獺c n?y kh繫ng th廙?ho?n t獺c, t廕另 c廕?d廙?li廙 s廕?b廙?x籀a v藺nh vi廙!'"
"lib\generated\app_localizations_vi.dart","332","'Kh繫ng, t繫i kh繫ng mu廙 x籀a'"
"lib\generated\app_localizations_vi.dart","335","'X獺c nh廕要'"
"lib\generated\app_localizations_vi.dart","339","'T?i kho廕τ ?瓊 ?廙θ x籀a th?nh c繫ng.'"
"lib\generated\app_localizations_vi.dart","343","'C獺c nh璽n v廕負 v? b廙 c廕τh trong tr簷 chi ?廙 l? h c廕只, vui l簷ng kh繫ng 獺p d廙叩g v?o ?廙 th廙帷! N廕簑 c籀 ?i廙 tng ?廙g, ?籀 ch廙?l? s廙?tr羅ng h廙φ ng廕哎 nhi礙n.'"
"lib\generated\app_localizations_vi.dart","347","'Phi礙n b廕τ 廙姊g d廙叩g: $version'"
"lib\generated\app_localizations_vi.dart","351","'G廙ξ 羸'"
"lib\generated\app_localizations_vi.dart","355","'Vui l簷ng ch廙h s廙苔 h廙?s c廙吧 b廕》 ?廙?ho?n thi廙 th繫ng tin tr廙 nh矇!'"
"lib\generated\app_localizations_vi.dart","358","'?廕積 ch廙h s廙苔'"
"lib\generated\app_localizations_vi.dart","361","'?廙?sau'"
"lib\generated\app_localizations_vi.dart","365","'Tr簷 chuy廙 v廙 $friendName'"
"lib\generated\app_localizations_vi.dart","370","'N廙 dung tr簷 chuy廙 v廙 $friendName'"
"lib\generated\app_localizations_vi.dart","374","'Nh廕計 tin nh廕疸...'"
"lib\generated\app_localizations_vi.dart","377","'Kh繫ng t穫m th廕句 d廙?li廙 nh璽n v廕負'"
"lib\generated\app_localizations_vi.dart","381","'T廕ξ chi ti廕篙 nh璽n v廕負 th廕另 b廕【: $errorDetails'"
"lib\generated\app_localizations_vi.dart","385","'M廙 quan h廙?ban ?廕吟'"
"lib\generated\app_localizations_vi.dart","388","'B廕》 thanh mai tr繳c m瓊'"
"lib\generated\app_localizations_vi.dart","391","'Anh/ch廙?em kh籀a tr礙n/kh籀a d廙'"
"lib\generated\app_localizations_vi.dart","394","'C廕搆 ?繫i oan gia'"
"lib\generated\app_localizations_vi.dart","397","'?廙g nghi廙'"
"lib\generated\app_localizations_vi.dart","400","'Kh獺c (vui l簷ng nh廕計 th廙?c繫ng)'"
"lib\generated\app_localizations_vi.dart","403","'Ch廕??廙?H?ng ng?y'"
"lib\generated\app_localizations_vi.dart","406","'Ch廕??廙?C廙 truy廙'"
"lib\generated\app_localizations_vi.dart","409","'Ch廕??廙?nh廕計 vai'"
"lib\generated\app_localizations_vi.dart","412","'B廕》 ?廙g h?nh cu廙 s廙g'"
"lib\generated\app_localizations_vi.dart","415","'Th繫ng B獺o M廙'"
"lib\generated\app_localizations_vi.dart","419","'M廙 b廙妾 th th廙 gian m廙 ?瓊 ?廕積! H瓊y ki廙 tra cu廙 gi廕句 da ngay!'"
"lib\generated\app_localizations_vi.dart","422","'Ph廕τ h廙 t廙?CSKH'"
"lib\generated\app_localizations_vi.dart","425","'Th繫ng b獺o h廙?th廙g'"
"lib\generated\app_localizations_vi.dart","428","'Hi廙 t廕【 kh繫ng c籀 th繫ng b獺o n?o.'"
"lib\generated\app_localizations_vi.dart","434","'Kh繫ng c籀 n廙 dung'"
"lib\generated\app_localizations_vi.dart","437","'Ch穩nh s獺ch b廕υ m廕負 Lianlian Shiguang'"
"lib\generated\app_localizations_vi.dart","441","'C廕計 nh廕負 l廕吵 cu廙: Ng?y 10 th獺ng 4 n?m 2026'"
"lib\generated\app_localizations_vi.dart","445","'Ch穩nh s獺ch b廕υ m廕負 c廙吧 \""Lianlian Shiguang\""\nC廕計 nh廕負 l廕吵 cu廙: Ng?y 10 th獺ng 4 n?m 2026\n\nCh?o m廙南g b廕》 ?廕積 v廙 \""Lianlian Shiguang\"" (sau ?璽y g廙 l? \""D廙h v廙功""). Ch繳ng t繫i coi tr廙g quy廙 ri礙ng t c廙吧 b廕》. Ch穩nh s獺ch n?y gi廕ξ th穩ch c獺ch ch繳ng t繫i thu th廕計, s廙?d廙叩g v? b廕υ v廙?th繫ng tin c廙吧 b廕》.\n\n1. Th繫ng tin t?i kho廕τ:\n??ng nh廕計 b礙n th廙?ba: Qua Google, Facebook ho廕搾 Apple, ch繳ng t繫i thu th廕計 Firebase UID, email v? bi廙 danh c廙吧 b廕》.\nEmail: M廕負 kh廕季 ?廙θ m瓊 h籀a b廙 Firebase, ?廙 ng觼 ph獺t tri廙 kh繫ng th廙?xem m廕負 kh廕季 g廙.\nD廙?li廙 tng t獺c: Lu tr廙?l廙h s廙?tr簷 chuy廙 ?廙?AI c籀 tr穩 nh廙?li礙n t廙卉.\n\n2. C獺ch s廙?d廙叩g th繫ng tin:\nT廙 u h籀a ph廕τ h廙 c廙吧 AI, x廙?l羸 n廕︾ ?i廙, x獺c minh danh t穩nh v? b廕υ m廕負 m獺y ch廙?\n\n3. H廙φ t獺c k廙?thu廕負:\nS廙?d廙叩g Google Cloud / Firebase v? m繫 h穫nh AI t廙?OpenRouter / xAI / Meta. Ch繳ng t繫i kh繫ng b獺n l廙h s廙?tr簷 chuy廙 cho b礙n qu廕τg c獺o.\n\n4. Lu tr廙?v? X籀a d廙?li廙:\nD廙?li廙 ?廙θ lu tr廙?b廕υ m廕負 tr礙n ?獺m m璽y. B廕》 c籀 th廙?y礙u c廕吟 x籀a t?i kho廕τ v藺nh vi廙 b廕另 c廙?l繳c n?o.'"
"lib\generated\app_localizations_vi.dart","448","'?i廙 kho廕τ d廙h v廙?Lianlian Shiguang'"
"lib\generated\app_localizations_vi.dart","451","'C廕計 nh廕負 l廕吵 cu廙: Ng?y 10 th獺ng 4 n?m 2026'"
"lib\generated\app_localizations_vi.dart","455","'?i廙 kho廕τ D廙h v廙?c廙吧 \""Lianlian Shiguang\""\nC廕計 nh廕負 l廕吵 cu廙: Ng?y 10 th獺ng 4 n?m 2026\n\nVui l簷ng ?廙 k廙?tr廙 khi d羅ng. Vi廙 b廕眩 ?廕吟 s廙?d廙叩g ?廙g ngh藺a v廙 vi廙 b廕》 ?廙g 羸:\n\n1. B廕τ ch廕另 d廙h v廙?\nTng t獺c phi ng繫n ng廙? Ph廕τ h廙 do AI t廕︽ ra, kh繫ng ?廕【 di廙 cho quan ?i廙 c廙吧 nh? ph獺t tri廙. AI c籀 th廙?t廕︽ n廙 dung h c廕只.\n\n2. ?i廙 廕υ:\n?i廙 l? h?ng h籀a 廕υ, kh繫ng ?廙θ ho?n l廕【 sau khi ?瓊 s廙?d廙叩g (?廙 truy廙, g廙 ?i廙, t廕搖g qu?).\n\n3. Quy ?廙h h?nh vi:\nC廕叮 t廕︽ n廙 dung b廕︽ l廙帷, vi ph廕《 ph獺p lu廕負 ho廕搾 can thi廙 h廙?th廙g.\n\n4. S廙?h廙真 tr穩 tu廙?\nNh璽n v廕負 ch穩nh th廙妾 (nh Tr穫nh An), k廙h b廕τ v? logic tr簷 chi thu廙 v廙?\""?廙 ng觼 ph獺t tri廙 Lianlian Shiguang\"".\n\n5. Ch廕叮 d廙孤 d廙h v廙?\nT?i kho廕τ c籀 th廙?b廙?t廕《 d廙南g v藺nh vi廙 n廕簑 vi ph廕《 quy ?廙h.'"
"lib\generated\app_localizations_vi.dart","458","'Vui l簷ng ??ng nh廕計 tr廙'"
"lib\generated\app_localizations_vi.dart","461","'Qu廕τ l羸 nh璽n v廕負 ?獺m m璽y'"
"lib\generated\app_localizations_vi.dart","464","'L廙 k廕篙 n廙'"
"lib\generated\app_localizations_vi.dart","467","'B廕》 cha quen bi廕篙 nh璽n v廕負 n?o!'"
"lib\generated\app_localizations_vi.dart","470","'Tr廕》g th獺i: ?瓊 t廕《 d廙南g li礙n l廕︷'"
"lib\generated\app_localizations_vi.dart","473","'Tr廕》g th獺i: ?ang chinh ph廙卉'"
"lib\generated\app_localizations_vi.dart","476","'B廙?ch廕搖'"
"lib\generated\app_localizations_vi.dart","479","'Ch廕搖'"
"lib\generated\app_localizations_vi.dart","482","'X獺c nh廕要 ch廕搖?'"
"lib\generated\app_localizations_vi.dart","486","'Sau khi ch廕搖, b廕》 t廕《 th廙 s廕?kh繫ng nh廕要 ?廙θ tin nh廕疸 t廙?$charName.'"
"lib\generated\app_localizations_vi.dart","490","'Suy ngh藺 l廕【'"
"lib\generated\app_localizations_vi.dart","493","'X獺c nh廕要 ch廕搖'"
"lib\generated\app_localizations_vi.dart","496","'Cha c籀 th繫ng tin chi ti廕篙 v廙?nh璽n v廕負 n?y...'"
"lib\generated\app_localizations_vi.dart","499","'H簷m th ri礙ng'"
"lib\generated\app_localizations_vi.dart","502","'Kh繫ng t穫m th廕句 th繫ng tin ng廙 d羅ng'"
"lib\generated\app_localizations_vi.dart","505","'T廕ξ th廕另 b廕【, vui l簷ng th廙?l廕【 sau'"
"lib\generated\app_localizations_vi.dart","508","'H簷m th hi廙 t廕【 ?ang tr廙g~'"
"lib\generated\app_localizations_vi.dart","511","'Th繫ng b獺o h廙?th廙g'"
"lib\generated\app_localizations_vi.dart","514","'L廙h s廙?tng t獺c'"
"lib\generated\app_localizations_vi.dart","517","'N廙 dung ?瓊 th穩ch'"
"lib\generated\app_localizations_vi.dart","520","'B廙?su t廕計 c廙吧 t繫i'"
"lib\generated\app_localizations_vi.dart","526","'B廕》 cha th穩ch b廕另 k廙?b?i vi廕篙 n?o!'"
"lib\generated\app_localizations_vi.dart","530","'B廙?su t廕計 tr廙g, h瓊y ?廕積 S廕τh ch穩nh d廕︽ chi nh矇!'"
"lib\generated\app_localizations_vi.dart","533","'H廙g Sakura'"
"lib\generated\app_localizations_vi.dart","536","'Xanh ?廕【 Dng'"
"lib\generated\app_localizations_vi.dart","539","'Cam Ho?ng H繫n'"
"lib\generated\app_localizations_vi.dart","542","'R廙南g B廕︷ H?'"
"lib\generated\app_localizations_vi.dart","545","'Ch廕??廙??礙m'"
"lib\generated\app_localizations_vi.dart","548","'Thay ?廙 kh繫ng kh穩'"
"lib\generated\app_localizations_vi.dart","551","'M?u t羅y ch廙h'"
"lib\generated\app_localizations_vi.dart","554","'Pha ch廕?m?u s廕畚 kh繫ng kh穩 c廙吧 ri礙ng b廕》'"
"lib\generated\app_localizations_vi.dart","557","'H廙囤'"
"lib\generated\app_localizations_vi.dart","560","'X獺c nh廕要'"
"lib\generated\app_localizations_zh.dart","12","'閮剖?'"
"lib\generated\app_localizations_zh.dart","15","'?湔?銝駁?憿'"
"lib\generated\app_localizations_zh.dart","18","'??撱箄降'"
"lib\generated\app_localizations_zh.dart","21","'?湔?隤?'"
"lib\generated\app_localizations_zh.dart","30","'?芰閫'"
"lib\generated\app_localizations_zh.dart","34","'頛憟賢??”??隤? $error'"
"lib\generated\app_localizations_zh.dart","38","'皞急?'"
"lib\generated\app_localizations_zh.dart","44","'瘣餅?'"
"lib\generated\app_localizations_zh.dart","47","'隤輻'"
"lib\generated\app_localizations_zh.dart","53","'撠'"
"lib\generated\app_localizations_zh.dart","56","'鞊芷?'"
"lib\generated\app_localizations_zh.dart","59","'?曉?擛亥?'"
"lib\generated\app_localizations_zh.dart","62","'雿?'"
"lib\generated\app_localizations_zh.dart","68","'?瑁?'"
"lib\generated\app_localizations_zh.dart","71","'憭批?'"
"lib\generated\app_localizations_zh.dart","74","'?踹夾'"
"lib\generated\app_localizations_zh.dart","77","'摮詨?'"
"lib\generated\app_localizations_zh.dart","80","'摮詨?'"
"lib\generated\app_localizations_zh.dart","86","'蝢?犖'"
"lib\generated\app_localizations_zh.dart","89","'?榆'"
"lib\generated\app_localizations_zh.dart","104","'?萄遣閫'"
"lib\generated\app_localizations_zh.dart","107","'閫?詨? (蝚砌?撘萇銝餉??剖?)'"
"lib\generated\app_localizations_zh.dart","110","'閫?迂:*'"
"lib\generated\app_localizations_zh.dart","113","'閫?膩:'"
"lib\generated\app_localizations_zh.dart","116","'撟湧翩:'"
"lib\generated\app_localizations_zh.dart","119","'?瑟平:*'"
"lib\generated\app_localizations_zh.dart","125","'?批 *'"
"lib\generated\app_localizations_zh.dart","137","'?嗡?'"
"lib\generated\app_localizations_zh.dart","140","'頨恍?:(cm)'"
"lib\generated\app_localizations_zh.dart","143","'憭?敶Ｗ捆:'"
"lib\generated\app_localizations_zh.dart","149","'?嗡??扳?蝐?..'"
"lib\generated\app_localizations_zh.dart","152","'?嗡?'"
"lib\generated\app_localizations_zh.dart","155","'?迭?镼?(靘?嚗???蝟??芥憭?'"
"lib\generated\app_localizations_zh.dart","158","'閮?镼?(靘?嚗?擛抒??唳)'"
"lib\generated\app_localizations_zh.dart","161","'銝鈭箇??蝘?: (靘?嚗撖行?楝??'"
"lib\generated\app_localizations_zh.dart","167","'隤芾店隤除?◢?? (靘?嚗???鈭箏瘛?'"
"lib\generated\app_localizations_zh.dart","170","'撠店蝭?: (?拙振嚗??末嚗?閫嚗?..??'"
"lib\generated\app_localizations_zh.dart","173","'閫?:'"
"lib\generated\app_localizations_zh.dart","176","'頛詨閫???舀?鈭?(?憭?2500 摮?'"
"lib\generated\app_localizations_zh.dart","182","'頛詨閫????(?憭?2500 摮?'"
"lib\generated\app_localizations_zh.dart","185","'??蝪∩? (?憭?50 摮??＊蝷箏???)'"
"lib\generated\app_localizations_zh.dart","188","'閫?嗡?鋆?:'"
"lib\generated\app_localizations_zh.dart","191","'頛詨鋆??批捆...'"
"lib\generated\app_localizations_zh.dart","203","'?萄遣'"
"lib\generated\app_localizations_zh.dart","206","'?脣?'"
"lib\generated\app_localizations_zh.dart","215","'?閬摮?阮??'"
"lib\generated\app_localizations_zh.dart","224","'蝺刻摩鋆??批捆'"
"lib\generated\app_localizations_zh.dart","227","'隢‵撖怨??脣?蝔曹蒂?喳?銝銝撘菟??'"
"lib\generated\app_localizations_zh.dart","230","'?脣?銝?..'"
"lib\generated\app_localizations_zh.dart","233","'甇?銝??...'"
"lib\generated\app_localizations_zh.dart","239","'甇?????...'"
"lib\generated\app_localizations_zh.dart","242","'甇??脣?閫鞈?...'"
"lib\generated\app_localizations_zh.dart","246","'閫 \""$charName\"" 撌脣撱綽?'"
"lib\generated\app_localizations_zh.dart","254","'?萄遣閫憭望?嚗?error'"
"lib\generated\app_localizations_zh.dart","267","'撣唾?蝞∠?'"
"lib\generated\app_localizations_zh.dart","276","'?芰'"
"lib\generated\app_localizations_zh.dart","282","'閫蝞∠?'"
"lib\generated\app_localizations_zh.dart","285","'?亦?撌脣???閫'"
"lib\generated\app_localizations_zh.dart","288","'?梁?璇狡'"
"lib\generated\app_localizations_zh.dart","291","'??璇狡'"
"lib\generated\app_localizations_zh.dart","294","'?餃撣唾?'"
"lib\generated\app_localizations_zh.dart","297","'雿??餃鈭??(織;?;`)'"
"lib\generated\app_localizations_zh.dart","300","'???臭?'"
"lib\generated\app_localizations_zh.dart","303","'蝣箄?'"
"lib\generated\app_localizations_zh.dart","306","'憟賜?!???蝑?????織?` )'"
"lib\generated\app_localizations_zh.dart","309","'?芷撣唾?'"
"lib\generated\app_localizations_zh.dart","312","'雿Ⅱ摰??芣??董??鉈毯?'"
"lib\generated\app_localizations_zh.dart","318","'瘝?,?????芣?'"
"lib\generated\app_localizations_zh.dart","321","'蝣箏?'"
"lib\generated\app_localizations_zh.dart","327","'?鋆⊿???脰??湔???,隢撣嗅?曉祕!憒??瑕?,蝝惇撌批?'"
"lib\generated\app_localizations_zh.dart","335","'?內'"
"lib\generated\app_localizations_zh.dart","341","'??蝺刻摩'"
"lib\generated\app_localizations_zh.dart","344","'蝔?'"
"lib\generated\app_localizations_zh.dart","348","'??$friendName ?予'"
"lib\generated\app_localizations_zh.dart","357","'頛詨閮...'"
"lib\generated\app_localizations_zh.dart","364","'霈???脰底?仃?? $errorDetails'"
"lib\generated\app_localizations_zh.dart","371","'??蝡寥收'"
"lib\generated\app_localizations_zh.dart","374","'摮賊摮詨此'"
"lib\generated\app_localizations_zh.dart","377","'甇∪??文振'"
"lib\generated\app_localizations_zh.dart","380","'?瑕??'"
"lib\generated\app_localizations_zh.dart","383","'?嗡? (隢??撓??'"
"lib\generated\app_localizations_zh.dart","386","'?亙虜璅∪?'"
"lib\generated\app_localizations_zh.dart","389","'??璅∪?'"
"lib\generated\app_localizations_zh.dart","392","'瘝絡璅∪?'"
"lib\generated\app_localizations_zh.dart","395","'?暑?芯撈'"
"lib\generated\app_localizations_zh.dart","401","'????縑隞嗅???嚗翰?餌??桀???改?'"
"lib\generated\app_localizations_zh.dart","404","'摰Ｘ???'"
"lib\generated\app_localizations_zh.dart","407","'蝟餌絞?砍?'"
"lib\generated\app_localizations_zh.dart","419","'????曉??蝘??輻?'"
"lib\generated\app_localizations_zh.dart","439","'隢??餃蝟餌絞'"
"lib\generated\app_localizations_zh.dart","442","'?脩垢閫蝞∠?'"
"lib\generated\app_localizations_zh.dart","445","'????粹'"
"lib\generated\app_localizations_zh.dart","457","'閫?撠?'"
"lib\generated\app_localizations_zh.dart","460","'撠?'"
"lib\generated\app_localizations_zh.dart","474","'蝣箏?撠?'"
"lib\generated\app_localizations_zh.dart","477","'?桀????遢閫?底蝝唳???..'"
"lib\generated\app_localizations_zh.dart","480","'撠惇靽∠拳'"
"lib\generated\app_localizations_zh.dart","486","'頛憭望?嚗?蝔??岫'"
"lib\generated\app_localizations_zh.dart","492","'蝟餌絞?'"
"lib\generated\app_localizations_zh.dart","498","'?????批捆'"
"lib\generated\app_localizations_zh.dart","501","'???嗉?'"
"lib\generated\app_localizations_zh.dart","525","'瘛勗?璅∪?'"
"lib\generated\app_localizations_zh.dart","528","'?湔?瘞?'"
"lib\generated\app_localizations_zh.dart","540","'蝣箏?'"
"lib\generated\app_localizations_zh.dart","548","'霈曉?'"
"lib\generated\app_localizations_zh.dart","551","'?湔銝駁?憸'"
"lib\generated\app_localizations_zh.dart","554","'??撱箄悅'"
"lib\generated\app_localizations_zh.dart","557","'?湔霂剛?'"
"lib\generated\app_localizations_zh.dart","566","'?芰閫'"
"lib\generated\app_localizations_zh.dart","570","'?蝸憟賢??”?嗅???霂? $error'"
"lib\generated\app_localizations_zh.dart","574","'皜拇?'"
"lib\generated\app_localizations_zh.dart","580","'瘣餅頃'"
"lib\generated\app_localizations_zh.dart","583","'靚'"
"lib\generated\app_localizations_zh.dart","589","'撠'"
"lib\generated\app_localizations_zh.dart","592","'鞊芷'"
"lib\generated\app_localizations_zh.dart","595","'?曉???'"
"lib\generated\app_localizations_zh.dart","604","'?抒?'"
"lib\generated\app_localizations_zh.dart","607","'憭批?'"
"lib\generated\app_localizations_zh.dart","610","'?踹夾'"
"lib\generated\app_localizations_zh.dart","613","'摮血?'"
"lib\generated\app_localizations_zh.dart","616","'摮血?'"
"lib\generated\app_localizations_zh.dart","622","'蝢?其犖'"
"lib\generated\app_localizations_zh.dart","625","'?榆'"
"lib\generated\app_localizations_zh.dart","640","'?遣閫'"
"lib\generated\app_localizations_zh.dart","643","'閫?詨? (蝚砌?撘蛹銝餉?憭游?)'"
"lib\generated\app_localizations_zh.dart","646","'閫?妍:*'"
"lib\generated\app_localizations_zh.dart","649","'閫?膩:'"
"lib\generated\app_localizations_zh.dart","652","'撟湧?:'"
"lib\generated\app_localizations_zh.dart","661","'?批 *'"
"lib\generated\app_localizations_zh.dart","664","'?芷'"
"lib\generated\app_localizations_zh.dart","673","'?嗡?'"
"lib\generated\app_localizations_zh.dart","676","'頨恍?:(cm)'"
"lib\generated\app_localizations_zh.dart","679","'憭?敶Ｗ捆:'"
"lib\generated\app_localizations_zh.dart","685","'?嗡?銝芣扳?蝑?..'"
"lib\generated\app_localizations_zh.dart","688","'?嗡?'"
"lib\generated\app_localizations_zh.dart","691","'?洽??镼?(靘?嚗???蝟?芥憭?'"
"lib\generated\app_localizations_zh.dart","694","'霈典???镼?(靘?嚗??寧??唳)'"
"lib\generated\app_localizations_zh.dart","697","'銝蛹鈭箇??蝘?: (靘?嚗摰銝芾楝??'"
"lib\generated\app_localizations_zh.dart","703","'霂渲?霂剜?銝??? (靘?嚗笆??鈭箏瘛?'"
"lib\generated\app_localizations_zh.dart","706","'撖寡???: (?拙振嚗??末嚗?閫嚗?..??'"
"lib\generated\app_localizations_zh.dart","709","'閫?:'"
"lib\generated\app_localizations_zh.dart","712","'颲閫???舀?鈭?(?憭?2500 摮?'"
"lib\generated\app_localizations_zh.dart","715","'?扳?撘憭?'"
"lib\generated\app_localizations_zh.dart","718","'颲閫???(?憭?2500 摮?'"
"lib\generated\app_localizations_zh.dart","721","'??蝞隞?(?憭?50 摮?隡蝷箏???)'"
"lib\generated\app_localizations_zh.dart","724","'閫?嗡?銵亙?:'"
"lib\generated\app_localizations_zh.dart","727","'颲銵亙??捆...'"
"lib\generated\app_localizations_zh.dart","739","'?遣'"
"lib\generated\app_localizations_zh.dart","742","'?典?'"
"lib\generated\app_localizations_zh.dart","751","'?閬摮蛹?阮??'"
"lib\generated\app_localizations_zh.dart","760","'蝻?銵亙??捆'"
"lib\generated\app_localizations_zh.dart","763","'霂瑕‵???脣?蝘啣僎?喳?銝?銝撘仍??'"
"lib\generated\app_localizations_zh.dart","766","'?典?銝?..'"
"lib\generated\app_localizations_zh.dart","769","'甇?銝??曄?...'"
"lib\generated\app_localizations_zh.dart","775","'甇?憭??曄?...'"
"lib\generated\app_localizations_zh.dart","778","'甇??典?閫?唳...'"
"lib\generated\app_localizations_zh.dart","782","'閫 \""$charName\"" 撌脣?撱綽?'"
"lib\generated\app_localizations_zh.dart","790","'?遣閫憭梯揖嚗?error'"
"lib\generated\app_localizations_zh.dart","800","'?喃??賑'"
"lib\generated\app_localizations_zh.dart","803","'撣蝞∠?'"
"lib\generated\app_localizations_zh.dart","812","'?芰'"
"lib\generated\app_localizations_zh.dart","818","'閫蝞∠?'"
"lib\generated\app_localizations_zh.dart","821","'?亦?撌脣???閫'"
"lib\generated\app_localizations_zh.dart","824","'???⊥狡'"
"lib\generated\app_localizations_zh.dart","827","'??⊥狡'"
"lib\generated\app_localizations_zh.dart","830","'?餃撣'"
"lib\generated\app_localizations_zh.dart","833","'雿??餃鈭??(織;?;`)'"
"lib\generated\app_localizations_zh.dart","839","'蝖株恕'"
"lib\generated\app_localizations_zh.dart","842","'憟賜?!???蝑????織?` )'"
"lib\generated\app_localizations_zh.dart","845","'?撣'"
"lib\generated\app_localizations_zh.dart","848","'雿＆摰???餈葵撣?鉈毯?'"
"lib\generated\app_localizations_zh.dart","854","'瘝⊥?,?瓷????'"
"lib\generated\app_localizations_zh.dart","857","'蝖桀?'"
"lib\generated\app_localizations_zh.dart","863","'皜豢?????脖??箸?蛹??,霂瑕撣血?啣?!憒??瑕?,蝥臬?撌批?'"
"lib\generated\app_localizations_zh.dart","871","'?內'"
"lib\generated\app_localizations_zh.dart","877","'??蝻?'"
"lib\generated\app_localizations_zh.dart","880","'蝔?'"
"lib\generated\app_localizations_zh.dart","884","'銝?$friendName ?予'"
"lib\generated\app_localizations_zh.dart","893","'颲霈舀...'"
"lib\generated\app_localizations_zh.dart","900","'霂餃?閫霂行?憭梯揖: $errorDetails'"
"lib\generated\app_localizations_zh.dart","904","'???喟頂'"
"lib\generated\app_localizations_zh.dart","907","'??蝡寥帕'"
"lib\generated\app_localizations_zh.dart","910","'摮阡摮血此'"
"lib\generated\app_localizations_zh.dart","913","'甈Ｗ??文振'"
"lib\generated\app_localizations_zh.dart","919","'?嗡? (霂瑟??刻???'"
"lib\generated\app_localizations_zh.dart","922","'?亙虜璅∪?'"
"lib\generated\app_localizations_zh.dart","925","'?扳?璅∪?'"
"lib\generated\app_localizations_zh.dart","928","'瘝絡璅∪?'"
"lib\generated\app_localizations_zh.dart","931","'?暑?芯撈'"
"lib\generated\app_localizations_zh.dart","937","'???縑隞嗅?颲曉?嚗翰?餌??桀???改?'"
"lib\generated\app_localizations_zh.dart","940","'摰Ｘ???'"
"lib\generated\app_localizations_zh.dart","943","'蝟餌??砍?'"
"lib\generated\app_localizations_zh.dart","955","'?????蝘??輻?'"
"lib\generated\app_localizations_zh.dart","975","'霂瑕??餃?蝟餌?'"
"lib\generated\app_localizations_zh.dart","978","'鈭垢閫蝞∠?'"
"lib\generated\app_localizations_zh.dart","981","'餈瑪?粹?'"
"lib\generated\app_localizations_zh.dart","993","'閫?撠?'"
"lib\generated\app_localizations_zh.dart","996","'撠?'"
"lib\generated\app_localizations_zh.dart","1010","'蝖桀?撠?'"
"lib\generated\app_localizations_zh.dart","1013","'?桀?餈瓷??隞質??脩?霂衣??...'"
"lib\generated\app_localizations_zh.dart","1016","'銝?靽∠拳'"
"lib\generated\app_localizations_zh.dart","1022","'頧賢憭梯揖嚗窈蝔???'"
"lib\generated\app_localizations_zh.dart","1028","'蝟餌??'"
"lib\generated\app_localizations_zh.dart","1031","'鈭蝥芸?'"
"lib\generated\app_localizations_zh.dart","1034","'??餈??捆'"
"lib\generated\app_localizations_zh.dart","1037","'???嗉?'"
"lib\generated\app_localizations_zh.dart","1061","'瘛勗?璅∪?'"
"lib\generated\app_localizations_zh.dart","1064","'?湔瘞'"
"lib\generated\app_localizations_zh.dart","1076","'蝖桀?'"
"lib\generated\app_localizations_zh.dart","1084","'閮剖?'"
"lib\generated\app_localizations_zh.dart","1087","'?湔?銝駁?憿'"
"lib\generated\app_localizations_zh.dart","1090","'??撱箄降'"
"lib\generated\app_localizations_zh.dart","1093","'?湔?隤?'"
"lib\generated\app_localizations_zh.dart","1102","'?芰閫'"
"lib\generated\app_localizations_zh.dart","1106","'頛憟賢??”??隤? $error'"
"lib\generated\app_localizations_zh.dart","1110","'皞急?'"
"lib\generated\app_localizations_zh.dart","1116","'瘣餅?'"
"lib\generated\app_localizations_zh.dart","1119","'隤輻'"
"lib\generated\app_localizations_zh.dart","1125","'撠'"
"lib\generated\app_localizations_zh.dart","1128","'鞊芷?'"
"lib\generated\app_localizations_zh.dart","1131","'?曉?擛亥?'"
"lib\generated\app_localizations_zh.dart","1134","'雿?'"
"lib\generated\app_localizations_zh.dart","1140","'?瑁?'"
"lib\generated\app_localizations_zh.dart","1143","'憭批?'"
"lib\generated\app_localizations_zh.dart","1146","'?踹夾'"
"lib\generated\app_localizations_zh.dart","1149","'摮詨?'"
"lib\generated\app_localizations_zh.dart","1152","'摮詨?'"
"lib\generated\app_localizations_zh.dart","1158","'蝢?犖'"
"lib\generated\app_localizations_zh.dart","1161","'?榆'"
"lib\generated\app_localizations_zh.dart","1176","'?萄遣閫'"
"lib\generated\app_localizations_zh.dart","1179","'閫?詨? (蝚砌?撘萇銝餉??剖?)'"
"lib\generated\app_localizations_zh.dart","1182","'閫?迂:*'"
"lib\generated\app_localizations_zh.dart","1185","'閫?膩:'"
"lib\generated\app_localizations_zh.dart","1188","'撟湧翩:'"
"lib\generated\app_localizations_zh.dart","1191","'?瑟平:*'"
"lib\generated\app_localizations_zh.dart","1197","'?批 *'"
"lib\generated\app_localizations_zh.dart","1209","'?嗡?'"
"lib\generated\app_localizations_zh.dart","1212","'頨恍?:(cm)'"
"lib\generated\app_localizations_zh.dart","1215","'憭?敶Ｗ捆:'"
"lib\generated\app_localizations_zh.dart","1221","'?嗡??扳?蝐?..'"
"lib\generated\app_localizations_zh.dart","1224","'?嗡?'"
"lib\generated\app_localizations_zh.dart","1227","'?迭?镼?(靘?嚗???蝟??芥憭?'"
"lib\generated\app_localizations_zh.dart","1230","'閮?镼?(靘?嚗?擛抒??唳)'"
"lib\generated\app_localizations_zh.dart","1233","'銝鈭箇??蝘?: (靘?嚗撖行?楝??'"
"lib\generated\app_localizations_zh.dart","1239","'隤芾店隤除?◢?? (靘?嚗???鈭箏瘛?'"
"lib\generated\app_localizations_zh.dart","1242","'撠店蝭?: (?拙振嚗??末嚗?閫嚗?..??'"
"lib\generated\app_localizations_zh.dart","1245","'閫?:'"
"lib\generated\app_localizations_zh.dart","1248","'頛詨閫???舀?鈭?(?憭?2500 摮?'"
"lib\generated\app_localizations_zh.dart","1254","'頛詨閫????(?憭?2500 摮?'"
"lib\generated\app_localizations_zh.dart","1257","'??蝪∩? (?憭?50 摮??＊蝷箏???)'"
"lib\generated\app_localizations_zh.dart","1260","'閫?嗡?鋆?:'"
"lib\generated\app_localizations_zh.dart","1263","'頛詨鋆??批捆...'"
"lib\generated\app_localizations_zh.dart","1275","'?萄遣'"
"lib\generated\app_localizations_zh.dart","1278","'?脣?'"
"lib\generated\app_localizations_zh.dart","1287","'?閬摮?阮??'"
"lib\generated\app_localizations_zh.dart","1296","'蝺刻摩鋆??批捆'"
"lib\generated\app_localizations_zh.dart","1299","'隢‵撖怨??脣?蝔曹蒂?喳?銝銝撘菟??'"
"lib\generated\app_localizations_zh.dart","1302","'?脣?銝?..'"
"lib\generated\app_localizations_zh.dart","1305","'甇?銝??...'"
"lib\generated\app_localizations_zh.dart","1311","'甇?????...'"
"lib\generated\app_localizations_zh.dart","1314","'甇??脣?閫鞈?...'"
"lib\generated\app_localizations_zh.dart","1318","'閫 \""$charName\"" 撌脣撱綽?'"
"lib\generated\app_localizations_zh.dart","1326","'?萄遣閫憭望?嚗?error'"
"lib\generated\app_localizations_zh.dart","1339","'撣唾?蝞∠?'"
"lib\generated\app_localizations_zh.dart","1348","'?芰'"
"lib\generated\app_localizations_zh.dart","1354","'閫蝞∠?'"
"lib\generated\app_localizations_zh.dart","1357","'?亦?撌脣???閫'"
"lib\generated\app_localizations_zh.dart","1360","'?梁?璇狡'"
"lib\generated\app_localizations_zh.dart","1363","'??璇狡'"
"lib\generated\app_localizations_zh.dart","1366","'?餃撣唾?'"
"lib\generated\app_localizations_zh.dart","1369","'雿??餃鈭??(織;?;`)'"
"lib\generated\app_localizations_zh.dart","1372","'???臭?'"
"lib\generated\app_localizations_zh.dart","1375","'蝣箄?'"
"lib\generated\app_localizations_zh.dart","1378","'憟賜?!???蝑?????織?` )'"
"lib\generated\app_localizations_zh.dart","1381","'?芷撣唾?'"
"lib\generated\app_localizations_zh.dart","1384","'雿Ⅱ摰??芣??董??鉈毯?'"
"lib\generated\app_localizations_zh.dart","1390","'瘝?,?????芣?'"
"lib\generated\app_localizations_zh.dart","1393","'蝣箏?'"
"lib\generated\app_localizations_zh.dart","1399","'?鋆⊿???脰??湔???,隢撣嗅?曉祕!憒??瑕?,蝝惇撌批?'"
"lib\generated\app_localizations_zh.dart","1407","'?內'"
"lib\generated\app_localizations_zh.dart","1413","'??蝺刻摩'"
"lib\generated\app_localizations_zh.dart","1416","'蝔?'"
"lib\generated\app_localizations_zh.dart","1420","'??$friendName ?予'"
"lib\generated\app_localizations_zh.dart","1429","'頛詨閮...'"
"lib\generated\app_localizations_zh.dart","1436","'霈???脰底?仃?? $errorDetails'"
"lib\generated\app_localizations_zh.dart","1443","'??蝡寥收'"
"lib\generated\app_localizations_zh.dart","1446","'摮賊摮詨此'"
"lib\generated\app_localizations_zh.dart","1449","'甇∪??文振'"
"lib\generated\app_localizations_zh.dart","1452","'?瑕??'"
"lib\generated\app_localizations_zh.dart","1455","'?嗡? (隢??撓??'"
"lib\generated\app_localizations_zh.dart","1458","'?亙虜璅∪?'"
"lib\generated\app_localizations_zh.dart","1461","'??璅∪?'"
"lib\generated\app_localizations_zh.dart","1464","'瘝絡璅∪?'"
"lib\generated\app_localizations_zh.dart","1467","'?暑?芯撈'"
"lib\generated\app_localizations_zh.dart","1473","'????縑隞嗅???嚗翰?餌??桀???改?'"
"lib\generated\app_localizations_zh.dart","1476","'摰Ｘ???'"
"lib\generated\app_localizations_zh.dart","1479","'蝟餌絞?砍?'"
"lib\generated\app_localizations_zh.dart","1491","'????曉??蝘??輻?'"
"lib\generated\app_localizations_zh.dart","1511","'隢??餃蝟餌絞'"
"lib\generated\app_localizations_zh.dart","1514","'?脩垢閫蝞∠?'"
"lib\generated\app_localizations_zh.dart","1517","'????粹'"
"lib\generated\app_localizations_zh.dart","1529","'閫?撠?'"
"lib\generated\app_localizations_zh.dart","1532","'撠?'"
"lib\generated\app_localizations_zh.dart","1546","'蝣箏?撠?'"
"lib\generated\app_localizations_zh.dart","1549","'?桀????遢閫?底蝝唳???..'"
"lib\generated\app_localizations_zh.dart","1552","'撠惇靽∠拳'"
"lib\generated\app_localizations_zh.dart","1558","'頛憭望?嚗?蝔??岫'"
"lib\generated\app_localizations_zh.dart","1564","'蝟餌絞?'"
"lib\generated\app_localizations_zh.dart","1570","'?????批捆'"
"lib\generated\app_localizations_zh.dart","1573","'???嗉?'"
"lib\generated\app_localizations_zh.dart","1597","'瘛勗?璅∪?'"
"lib\generated\app_localizations_zh.dart","1600","'?湔?瘞?'"
"lib\generated\app_localizations_zh.dart","1612","'蝣箏?'"
"lib\help\help_content_zh.dart","26","'蝚砌?甈⊿脣?敺?撱箄降??隞暻潘?'"
"lib\help\help_content_zh.dart","31","'?唳?'"
"lib\help\help_content_zh.dart","32","'?犖瑼?'"
"lib\help\help_content_zh.dart","33","'蝔勗'"
"lib\help\help_content_zh.dart","38","'閬獐?????脰?憭抬?'"
"lib\help\help_content_zh.dart","42","'?予'"
"lib\help\help_content_zh.dart","44","'?Ｙ揣憭批輒'"
"lib\help\help_content_zh.dart","55","'?脫'"
"lib\help\help_content_zh.dart","59","'?抒?'"
"lib\help\help_content_zh.dart","65","'隞暻潭???獢?'"
"lib\help\help_content_zh.dart","69","'?曉?瑼?'"
"lib\help\help_content_zh.dart","70","'憪?'"
"lib\help\help_content_zh.dart","71","'頨恍?'"
"lib\help\help_content_zh.dart","72","'憭?'"
"lib\help\help_content_zh.dart","73","'?瑟平'"
"lib\help\help_content_zh.dart","75","'?芣?隞晶'"
"lib\help\help_content_zh.dart","80","'鈭??拇??桀??鈭?'"
"lib\help\help_content_zh.dart","84","'鈭??拇?'"
"lib\help\help_content_zh.dart","85","'?單'"
"lib\help\help_content_zh.dart","86","'蝳桃'"
"lib\help\help_content_zh.dart","87","'摰?'"
"lib\help\help_content_zh.dart","97","'??撠店'"
"lib\help\help_content_zh.dart","98","'撠惇?'"
"lib\help\help_content_zh.dart","99","'???賊?'"
"lib\help\help_content_zh.dart","103","'?ˊ閮'"
"lib\help\help_content_zh.dart","111","'?暑?芯撈'"
"lib\help\help_content_zh.dart","122","'?交?'"
"lib\help\help_content_zh.dart","134","'閮'"
"lib\help\help_content_zh.dart","144","'?交?'"
"lib\help\help_content_zh.dart","151","'???隞乩耨?寞??芷??'"
"lib\help\help_content_zh.dart","156","'靽格'"
"lib\help\help_content_zh.dart","157","'?芷'"
"lib\help\help_content_zh.dart","166","'閮'"
"lib\help\help_content_zh.dart","167","'敹?'"
"lib\help\help_content_zh.dart","168","'?瑟?閮'"
"lib\help\help_content_zh.dart","169","'?予璅∪?'"
"lib\help\help_content_zh.dart","186","'?祇?'"
"lib\help\help_content_zh.dart","188","'?Ｙ揣'"
"lib\help\help_content_zh.dart","189","'撠惇'"
"lib\help\help_content_zh.dart","190","'憟賢?'"
"lib\help\help_content_zh.dart","195","'?拙振???脤?臭誑?潭???'"
"lib\help\help_content_zh.dart","199","'?潭?'"
"lib\help\help_content_zh.dart","200","'閫?潭?'"
"lib\help\help_content_zh.dart","201","'?拙振?潭?'"
"lib\help\help_content_zh.dart","206","'閫?臭誑???芸??潭???'"
"lib\help\help_content_zh.dart","210","'???潭?'"
"lib\help\help_content_zh.dart","211","'?芸??潭?'"
"lib\help\help_content_zh.dart","212","'?潭???'"
"lib\help\help_content_zh.dart","221","'?芸??潭?'"
"lib\help\help_content_zh.dart","222","'?梯'"
"lib\help\help_content_zh.dart","223","'暺'"
"lib\help\help_content_zh.dart","234","'?澈'"
"lib\help\help_content_zh.dart","235","'?脣?'"
"lib\help\help_content_zh.dart","248","'?箔?暻?AI 瘥活???航銝?璅??'"
"lib\help\help_content_zh.dart","253","'??銝?'"
"lib\help\help_content_zh.dart","254","'??撘I'"
"lib\help\help_content_zh.dart","259","'閫?箔?暻澆?賡＊蝷粹蝺?'"
"lib\help\help_content_zh.dart","264","'?⊥??予'"
"lib\help\help_content_zh.dart","265","'蝬脰楝'"
"lib\help\help_content_zh.dart","266","'?脩垢'"
"lib\help\help_content_zh.dart","277","'?郊'"
"lib\help\help_content_zh.dart","286","'?芷撠店'"
"lib\help\help_content_zh.dart","288","'?ˊ閮'"
"lib\help\help_content_zh.dart","293","'隤??典鋆∩蝙?剁?'"
"lib\help\help_content_zh.dart","297","'隤'"
"lib\help\help_content_zh.dart","300","'撱箇?閫'"
"lib\help\help_content_zh.dart","309","'隤敺'"
"lib\help\help_content_zh.dart","311","'頛'"
"lib\help\help_content_zh.dart","320","'隤'"
"lib\help\help_content_zh.dart","321","'?梯'"
"lib\help\help_content_zh.dart","323","'閰西'"
"lib\help\help_content_zh.dart","332","'?湔??脤'"
"lib\help\help_content_zh.dart","333","'靽格隤'"
"lib\help\help_content_zh.dart","343","'?征餈湧'"
"lib\help\help_content_zh.dart","344","'撱箄降'"
"lib\help\help_content_zh.dart","352","'閫?萎?'"
"lib\help\help_content_zh.dart","361","'撱箇?閫'"
"lib\help\help_content_zh.dart","362","'?萄遣閫'"
"lib\help\help_content_zh.dart","363","'?犖銝駁?'"
"lib\help\help_content_zh.dart","368","'銝?董?隞亙遣蝡嗾???莎?'"
"lib\help\help_content_zh.dart","372","'閫銝?'"
"lib\help\help_content_zh.dart","373","'?賊??'"
"lib\help\help_content_zh.dart","379","'?阮??鈭箄??脰??祇?閫??暻潔???'"
"lib\help\help_content_zh.dart","383","'?阮'"
"lib\help\help_content_zh.dart","384","'蝘犖閫'"
"lib\help\help_content_zh.dart","385","'?祇?閫'"
"lib\help\help_content_zh.dart","390","'?祇?閫?敺?蝡銝??'"
"lib\help\help_content_zh.dart","394","'蝡銝'"
"lib\help\help_content_zh.dart","395","'?祇?閫'"
"lib\help\help_content_zh.dart","396","'?澆?'"
"lib\help\help_content_zh.dart","401","'?祇?敺??臭誑蝺刻摩閫??'"
"lib\help\help_content_zh.dart","405","'蝺刻摩閫'"
"lib\help\help_content_zh.dart","415","'?芷閫'"
"lib\help\help_content_zh.dart","417","'閬芸直'"
"lib\help\help_content_zh.dart","422","'閫???憭隞乩??喳嗾撘蛛?'"
"lib\help\help_content_zh.dart","426","'閫??'"
"lib\help\help_content_zh.dart","429","'撠'"
"lib\help\help_content_zh.dart","434","'?箔?暻潛洵鈭撐隞亙????閬圾??'"
"lib\help\help_content_zh.dart","438","'?抒?閫??'"
"lib\help\help_content_zh.dart","440","'撠惇?抒?'"
"lib\help\help_content_zh.dart","445","'璅惜閬獐?啣?嚗??賊????'"
"lib\help\help_content_zh.dart","449","'璅惜'"
"lib\help\help_content_zh.dart","450","'?賊??'"
"lib\help\help_content_zh.dart","460","'?⊥??祇?'"
"lib\help\help_content_zh.dart","471","'?犖'"
"lib\help\help_content_zh.dart","472","'鈭'"
"lib\help\help_content_zh.dart","492","'閫?迂'"
"lib\help\help_content_zh.dart","494","'璅惜'"
"lib\help\help_content_zh.dart","499","'?ㄐ?鈭?憿?'"
"lib\help\help_content_zh.dart","505","'?梢?'"
"lib\help\help_content_zh.dart","506","'璅惜'"
"lib\help\help_content_zh.dart","507","'鈭箸除?望?'"
"lib\help\help_content_zh.dart","512","'?梢?閫?舀獐????'"
"lib\help\help_content_zh.dart","516","'?梢?'"
"lib\help\help_content_zh.dart","517","'?甈⊥'"
"lib\help\help_content_zh.dart","523","'隞暻潭????唳???'"
"lib\help\help_content_zh.dart","527","'??唳?'"
"lib\help\help_content_zh.dart","529","'?刻'"
"lib\help\help_content_zh.dart","537","'撣唾???閫'"
"lib\help\help_content_zh.dart","546","'銝駁?憿'"
"lib\help\help_content_zh.dart","547","'閮剖?'"
"lib\help\help_content_zh.dart","559","'?郊鞈?'"
"lib\help\help_content_zh.dart","568","'Apple?餃'"
"lib\help\help_content_zh.dart","569","'Google?餃'"
"lib\help\help_content_zh.dart","570","'Facebook?餃'"
"lib\help\help_content_zh.dart","571","'Email?餃'"
"lib\help\help_content_zh.dart","580","'?梁迂'"
"lib\help\help_content_zh.dart","581","'?剖?'"
"lib\help\help_content_zh.dart","582","'???賊?'"
"lib\help\help_content_zh.dart","591","'?芷撣唾?'"
"lib\help\help_content_zh.dart","592","'銝予'"
"lib\help\help_content_zh.dart","602","'?芷撣唾?'"
"lib\help\help_content_zh.dart","603","'?祇?閫'"
"lib\help\help_content_zh.dart","605","'?梯'"
"lib\help\help_content_zh.dart","622","'?梯'"
"lib\help\help_content_zh.dart","623","'暺'"
"lib\help\help_content_zh.dart","624","'?予'"
"lib\help\help_content_zh.dart","625","'?旨'"
"lib\help\help_content_zh.dart","626","'隤?店'"
"lib\help\help_content_zh.dart","635","'?梯??'"
"lib\help\help_content_zh.dart","636","'暺??'"
"lib\help\help_content_zh.dart","641","'鞈潸眺敺?望??撣單獐颲佗?'"
"lib\help\help_content_zh.dart","646","'鞈潸眺憭望?'"
"lib\help\help_content_zh.dart","647","'48撠?'"
"lib\help\help_content_zh.dart","676","'?航炊'"
"lib\help\help_content_zh.dart","678","'?芸?'"
"lib\help\help_content_zh.dart","679","'鋆蔭'"
"lib\help\help_content_zh.dart","684","'?單??箏??賢遣霅堆??臭誑敺鋆∟蝯∪??對?'"
"lib\help\help_content_zh.dart","688","'?撱箄降'"
"lib\help\help_content_zh.dart","700","'瑼Ｚ?閫'"
"lib\help\help_content_zh.dart","701","'??閫'"
"lib\help\help_content_zh.dart","707","'摰摰Ｘ?靽∠拳?臭?暻潘?'"
"lib\help\help_content_zh.dart","709","'摰摰Ｘ?靽∠拳嚗ianlianshiguang@gmail.com'"
"lib\help\help_content_zh.dart","711","'摰Ｘ?'"
"lib\help\help_content_zh.dart","713","'靽∠拳'"
"lib\help\help_content_zh.dart","723","'蝷曄黎'"
"lib\l10n\app_localizations_ar.dart","12","'塈?堨媢堹塈堹塈堛'"
"lib\l10n\app_localizations_ar.dart","15","'堛媞??堭 ??? 塈?堻?堜'"
"lib\l10n\app_localizations_ar.dart","18","'??塈堶婺塈堛 ?塈?堛堭塈堶塈堛'"
"lib\l10n\app_localizations_ar.dart","21","'堛媞??堭 塈??媞堜'"
"lib\l10n\app_localizations_ar.dart","24","'堿??媢 塈?堧媯堹?塈堙'"
"lib\l10n\app_localizations_ar.dart","27","'??堻 ?堹?? 堧? 堧媯堹?塈堙 堥媢堹.'"
"lib\l10n\app_localizations_ar.dart","30","'奡堮媯?堜 媞?堭 ?媢堭??堜'"
"lib\l10n\app_localizations_ar.dart","34","'堶堹堳 堮媟堧 堧堳?塈堙 堛堶??? ?塈埵?堜 塈?堧媯堹?塈堙: $error'"
"lib\l10n\app_localizations_ar.dart","38","'?媟??'"
"lib\l10n\app_localizations_ar.dart","41","'?堥?堿'"
"lib\l10n\app_localizations_ar.dart","44","'??媢? 堥塈?堶???堜'"
"lib\l10n\app_localizations_ar.dart","47","'?堣堸'"
"lib\l10n\app_localizations_ar.dart","50","'堻?堹堜 奡塈堥堜 堳堭?堜'"
"lib\l10n\app_localizations_ar.dart","53","'堻?堹 奡塈堥 堳堭?'"
"lib\l10n\app_localizations_ar.dart","56","'媢塈埵?堜 堳堭?堜'"
"lib\l10n\app_localizations_ar.dart","59","'?堮媟媟'"
"lib\l10n\app_localizations_ar.dart","62","'?堛???'"
"lib\l10n\app_localizations_ar.dart","65","'?堸媢?堭'"
"lib\l10n\app_localizations_ar.dart","68","'?媯堭'"
"lib\l10n\app_localizations_ar.dart","71","'媢?'"
"lib\l10n\app_localizations_ar.dart","74","'媢?堜'"
"lib\l10n\app_localizations_ar.dart","77","'堧堮堛 ?堥?堭堜'"
"lib\l10n\app_localizations_ar.dart","80","'堧堮 媯媞?堭'"
"lib\l10n\app_localizations_ar.dart","83","'?堻??'"
"lib\l10n\app_localizations_ar.dart","86","'?堸??堜 塈?堿?塈?'"
"lib\l10n\app_localizations_ar.dart","89","'堛?塈?媔'"
"lib\l10n\app_localizations_ar.dart","92","'?媞塈堬?堜'"
"lib\l10n\app_localizations_ar.dart","95","'?塈堭? 塈?媢?堭'"
"lib\l10n\app_localizations_ar.dart","98","'塈??堻堛堮堹? 媞?堭 ??堿?堹'"
"lib\l10n\app_localizations_ar.dart","102","'堥?塈?塈堛 塈?媯?堭堜 媞?堭 ?堛媟塈堥?堜? ?堭堿? 堨媢塈堹堜 塈堮堛?塈堭 塈?媯?堭堜.'"
"lib\l10n\app_localizations_ar.dart","105","'堨?奡塈堙 奡堮媯?堜'"
"lib\l10n\app_localizations_ar.dart","109","'堧?堥?? 塈?奡堮媯?塈堛 (塈?媯?堭堜 塈?堧??? ?? 塈?媯?堭堜 塈?堭?堬?堜 塈?堭埵?堻?堜)'"
"lib\l10n\app_localizations_ar.dart","112","'塈堻? 塈?奡堮媯?堜:*'"
"lib\l10n\app_localizations_ar.dart","115","'?媯? 塈?奡堮媯?堜:'"
"lib\l10n\app_localizations_ar.dart","118","'塈?媢?堭:'"
"lib\l10n\app_localizations_ar.dart","121","'塈????堜:*'"
"lib\l10n\app_localizations_ar.dart","124","'堛塈堭?堮 塈????塈堹:(MMDD)'"
"lib\l10n\app_localizations_ar.dart","127","'塈?堿?堻 *'"
"lib\l10n\app_localizations_ar.dart","130","'?? ?堛? 塈?塈堮堛?塈堭'"
"lib\l10n\app_localizations_ar.dart","133","'堸?堭'"
"lib\l10n\app_localizations_ar.dart","136","'堧?堳?'"
"lib\l10n\app_localizations_ar.dart","139","'堧堮堭?'"
"lib\l10n\app_localizations_ar.dart","142","'塈?媟??:(堻?)'"
"lib\l10n\app_localizations_ar.dart","145","'?媯? 塈??婺?堭:'"
"lib\l10n\app_localizations_ar.dart","148","'媢?塈?塈堛 塈?奡堮媯?堜'"
"lib\l10n\app_localizations_ar.dart","151","'媢?塈?塈堛 奡堮媯?堜 堧堮堭?...'"
"lib\l10n\app_localizations_ar.dart","154","'堧堮堭?'"
"lib\l10n\app_localizations_ar.dart","158","'塈?堧奡?塈堙 塈???媔?堜:(?堳塈?: ?媢?堜 塈??堭塈??堜? 塈??媟媟? 塈?堧?塈? 塈???媟堭堜)'"
"lib\l10n\app_localizations_ar.dart","162","'塈?堧奡?塈堙 塈???堭??堜:(?堳塈?: 塈??堭媢 塈??堭? 塈?堧?塈?? 塈?媯塈堮堥堜)'"
"lib\l10n\app_localizations_ar.dart","166","'堧堻堭塈堭 媯媞?堭堜 ?塈 ?媢堭??塈 堧堶堹: (?堳塈?: ?? 塈?堶???堜 媔塈埵媢 ?? 塈?媟堭?)'"
"lib\l10n\app_localizations_ar.dart","169","'塈?堻????塈堛 ?塈?堨??塈堙塈堛'"
"lib\l10n\app_localizations_ar.dart","172","'?堥堭堜 ?堧堻??堥 塈???塈?: (?堳塈?: 堥塈堭堹 ?媢 塈?媞堭堥塈堙)'"
"lib\l10n\app_localizations_ar.dart","176","'?堳塈? 媢?? 塈?堶?塈堭: (塈??塈媢堥: 堧?堛 ?媟?? 堿堹塈! 塈?奡堮媯?堜: ...堧??.)'"
"lib\l10n\app_localizations_ar.dart","179","'堮???堜 塈?奡堮媯?堜:'"
"lib\l10n\app_localizations_ar.dart","182","'堧堹堮? ?媯堜 堮???堜 塈?奡堮媯?堜 (堥堶堹 堧?媯? 2500 堶堭?)'"
"lib\l10n\app_localizations_ar.dart","185","'堥堹塈?堜 塈??媯堜:'"
"lib\l10n\app_localizations_ar.dart","188","'堧堹堮? 堶堥?堜 塈?奡堮媯?堜 (堥堶堹 堧?媯? 2500 堶堭?)'"
"lib\l10n\app_localizations_ar.dart","192","'??堮媯 塈??媯堜 (堥堶堹 堧?媯? 50 堶堭??塈? 堻?婺?堭 媢?? 堥媟塈?堜 塈???塈堙)'"
"lib\l10n\app_localizations_ar.dart","195","'?媢???塈堛 堨媔塈??堜 ??奡堮媯?堜:'"
"lib\l10n\app_localizations_ar.dart","198","'堧堹堮? ?堶堛?? 堨媔塈??...'"
"lib\l10n\app_localizations_ar.dart","202","'?? 堛堭?堹 堿媢??塈 媢塈?堜 ????? 塈??塈媢堥?? 塈?堞堮堭?? 堥塈??媢堥 堥?塈?'"
"lib\l10n\app_localizations_ar.dart","205","'?媢?'"
"lib\l10n\app_localizations_ar.dart","208","'?塈'"
"lib\l10n\app_localizations_ar.dart","211","'堨?奡塈堙'"
"lib\l10n\app_localizations_ar.dart","214","'堶?婺'"
"lib\l10n\app_localizations_ar.dart","217","'堨?媞塈堙'"
"lib\l10n\app_localizations_ar.dart","220","'堻堛堮堭堿 ?? 奡塈奡堜 堨?奡塈堙 塈?奡堮媯?堜'"
"lib\l10n\app_localizations_ar.dart","223","'?? 堛堭?堹 塈?堶?婺 ??堻?堹堜?'"
"lib\l10n\app_localizations_ar.dart","226","'?媢?'"
"lib\l10n\app_localizations_ar.dart","229","'?塈'"
"lib\l10n\app_localizations_ar.dart","232","'堛媢堹?? 塈??堶堛?? 塈?堨媔塈??'"
"lib\l10n\app_localizations_ar.dart","236","'塈?堭堿塈堙 堨堹堮塈? 塈堻? 塈?奡堮媯?堜 ?堛堶??? 媯?堭堜 堭?堬?堜 ?塈堶堹堜 媢?? 塈?堧??!'"
"lib\l10n\app_localizations_ar.dart","239","'堿塈堭? 塈?堶?婺...'"
"lib\l10n\app_localizations_ar.dart","242","'堿塈堭? 堛堶??? 塈?媯?堭...'"
"lib\l10n\app_localizations_ar.dart","245","'????? 堛堶??? 10 媯?堭 ?堶堹 堧?媯?.'"
"lib\l10n\app_localizations_ar.dart","248","'堿塈堭? ?媢塈?堿堜 塈?媯?堭...'"
"lib\l10n\app_localizations_ar.dart","251","'堿塈堭? 堶?婺 堥?塈?塈堛 塈?奡堮媯?堜...'"
"lib\l10n\app_localizations_ar.dart","255","'堛? 堨?奡塈堙 塈?奡堮媯?堜 \""$charName\""!'"
"lib\l10n\app_localizations_ar.dart","260","'?奡? 堨?奡塈堙 塈?奡堮媯?堜: 塈?堛?堛 ???堜 堛堶??? 塈?媯?堭堜? ?堭堿? 塈?堛堶?? ?? 塈堛媯塈?? 堥塈?堨?堛堭?堛.'"
"lib\l10n\app_localizations_ar.dart","264","'?奡? 堨?奡塈堙 塈?奡堮媯?堜: $error'"
"lib\l10n\app_localizations_ar.dart","268","'塈??婺?堭 ?塈??堶堛??'"
"lib\l10n\app_localizations_ar.dart","271","'堨堹塈堭堜 塈?堶堻塈堥 ?塈??堶堛??'"
"lib\l10n\app_localizations_ar.dart","274","'媢?塈'"
"lib\l10n\app_localizations_ar.dart","277","'堨堹塈堭堜 塈?堶堻塈堥'"
"lib\l10n\app_localizations_ar.dart","286","'媞?堭 ?媢堭??'"
"lib\l10n\app_localizations_ar.dart","289","'堛? ?堻堮 ?媢堭?? 塈??堻堛堮堹? 堨?? 塈?堶塈?婺堜'"
"lib\l10n\app_localizations_ar.dart","292","'堨堹塈堭堜 塈?奡堮媯?塈堛'"
"lib\l10n\app_localizations_ar.dart","295","'媢堭媔 塈?奡堮媯?塈堛 塈??堶婺?堭堜'"
"lib\l10n\app_localizations_ar.dart","298","'堻?塈堻堜 塈?堮媯?媯?堜'"
"lib\l10n\app_localizations_ar.dart","301","'奡堭?媟 塈?堮堹?堜'"
"lib\l10n\app_localizations_ar.dart","304","'堛堻堿?? 塈?堮堭?堿'"
"lib\l10n\app_localizations_ar.dart","307","'?? 堛堭?堹 堛堻堿?? 塈?堮堭?堿?(織;?;`)'"
"lib\l10n\app_localizations_ar.dart","310","'??堹 媔媞媟堛 堥塈?堮媟堧'"
"lib\l10n\app_localizations_ar.dart","313","'堛堧??堹'"
"lib\l10n\app_localizations_ar.dart","316","'堶堻?塈?! 堻堧?堛婺堭? 堶堛? 堛媢?堹??織?` )'"
"lib\l10n\app_localizations_ar.dart","319","'堶堸? 塈?堶堻塈堥'"
"lib\l10n\app_localizations_ar.dart","323","'?? 堧?堛 ?堛堧?堹 ?? 堧?? 堛堭?堹 堶堸? ?堸塈 塈?堶堻塈堥?鉈毯?'"
"lib\l10n\app_localizations_ar.dart","327","'?塈 ???? 塈?堛堭塈堿媢 媢? ?堸塈 塈?堨堿堭塈堙? ?堻?堛? 堶堸? 堿??媢 塈?堥?塈?塈堛 堥奡?? 堹塈埵?!'"
"lib\l10n\app_localizations_ar.dart","330","'?塈? ?塈 堧堭?堹 塈?堶堸?'"
"lib\l10n\app_localizations_ar.dart","333","'堛堧??堹'"
"lib\l10n\app_localizations_ar.dart","336","'堛? 堶堸? 塈?堶堻塈堥 堥?堿塈堶.'"
"lib\l10n\app_localizations_ar.dart","340","'塈?奡堮媯?塈堛 ?塈??奡塈?堹 ?? 塈??媢堥堜 堮?塈??堜? ?堭堿? 媢堹? 堛媟堥???塈 媢?? 塈??塈?媢! 堨堸塈 ?塈? ??塈? 堧? 堛奡塈堥?? ??? ?? ?堥?? 塈?媯堹?堜 塈?堥堶堛堜.'"
"lib\l10n\app_localizations_ar.dart","344","'堨媯堹塈堭 塈?堛媟堥??: $version'"
"lib\l10n\app_localizations_ar.dart","348","'堛???堶'"
"lib\l10n\app_localizations_ar.dart","352","'?堭堿? 堛媢堹?? ???? 塈?奡堮媯? ?堨??塈? 堥?塈?塈堛? 堧??塈?!'"
"lib\l10n\app_localizations_ar.dart","355","'塈?堛?塈? 堨?? 塈?堛媢堹??'"
"lib\l10n\app_localizations_ar.dart","358","'?塈堶?塈?'"
"lib\l10n\app_localizations_ar.dart","362","'堛堛堶堹堳 ?媢 $friendName'"
"lib\l10n\app_localizations_ar.dart","367","'?堶堛?? 塈?堹堭堹奡堜 ?媢 $friendName'"
"lib\l10n\app_localizations_ar.dart","371","'塈?堛堥 堭堻塈?堜...'"
"lib\l10n\app_localizations_en.dart","306","'Are you sure you want to log out? (織;?;`)'"
"lib\l10n\app_localizations_en.dart","316","'ll be waiting for your return ??織?` )'"
"lib\l10n\app_localizations_en.dart","323","'Are you sure you want to delete this account? 鉈毯?'"
"lib\l10n\app_localizations_es.dart","12","'Configuraci籀n'"
"lib\l10n\app_localizations_es.dart","27","'Todav穩a no tienes ning繳n amigo.'"
"lib\l10n\app_localizations_es.dart","53","'Joven Se簽or Rico'"
"lib\l10n\app_localizations_es.dart","71","'T穩o'"
"lib\l10n\app_localizations_es.dart","74","'T穩a'"
"lib\l10n\app_localizations_es.dart","115","'Descripci籀n del personaje:'"
"lib\l10n\app_localizations_es.dart","121","'Profesi籀n:*'"
"lib\l10n\app_localizations_es.dart","124","'Cumplea簽os:(MMDD)'"
"lib\l10n\app_localizations_es.dart","127","'G矇nero *'"
"lib\l10n\app_localizations_es.dart","145","'Descripci籀n de la apariencia:'"
"lib\l10n\app_localizations_es.dart","159","'Cosas que le gustan:(ejemplo: pastel de fresa, gatos, d穩as lluviosos)'"
"lib\l10n\app_localizations_es.dart","163","'Cosas que le disgustan:(ejemplo: mel籀n amargo, lugares ruidosos)'"
"lib\l10n\app_localizations_es.dart","167","'Peque簽os secretos desconocidos: (ejemplo: en realidad est獺 perdido en el camino)'"
"lib\l10n\app_localizations_es.dart","174","'Tono y estilo de habla: (ejemplo: distante con extra簽os)'"
"lib\l10n\app_localizations_es.dart","178","'Ejemplo de di獺logo: (Jugador: Eres muy amable! Personaje: ...Oh.)'"
"lib\l10n\app_localizations_es.dart","185","'Escriba la historia de fondo del personaje (m獺ximo 2500 caracteres)'"
"lib\l10n\app_localizations_es.dart","192","'Escriba la trama del personaje (m獺ximo 2500 caracteres)'"
"lib\l10n\app_localizations_es.dart","196","'Resumen de la historia (m獺ximo 50 caracteres, se mostrar獺 en la tarjeta de encuentro)'"
"lib\l10n\app_localizations_es.dart","199","'Informaci籀n adicional del personaje:'"
"lib\l10n\app_localizations_es.dart","206","'Hacer p繳blico para que otros jugadores puedan jugar con 矇l?'"
"lib\l10n\app_localizations_es.dart","209","'S穩'"
"lib\l10n\app_localizations_es.dart","225","'Va a salir de la pantalla de creaci籀n de personaje'"
"lib\l10n\app_localizations_es.dart","228","'聶Necesita guardar como borrador?'"
"lib\l10n\app_localizations_es.dart","231","'S穩'"
"lib\l10n\app_localizations_es.dart","241","'癒Por favor, escriba el nombre del personaje y suba al menos un avatar!'"
"lib\l10n\app_localizations_es.dart","247","'Subiendo im獺genes...'"
"lib\l10n\app_localizations_es.dart","250","'Solo se puede subir un m獺ximo de 10 im獺genes.'"
"lib\l10n\app_localizations_es.dart","253","'Procesando im獺genes...'"
"lib\l10n\app_localizations_es.dart","260","'癒Personaje \""$charName\"" creado!'"
"lib\l10n\app_localizations_es.dart","265","'Error al crear el personaje: el tiempo de carga de la imagen ha expirado, por favor, compruebe su conexi籀n a internet.'"
"lib\l10n\app_localizations_es.dart","276","'Gesti籀n de cuenta y contenido'"
"lib\l10n\app_localizations_es.dart","282","'Gesti籀n de la cuenta'"
"lib\l10n\app_localizations_es.dart","298","'Gesti籀n de personajes'"
"lib\l10n\app_localizations_es.dart","304","'Pol穩tica de privacidad'"
"lib\l10n\app_localizations_es.dart","307","'T矇rminos de servicio'"
"lib\l10n\app_localizations_es.dart","310","'Cerrar sesi籀n'"
"lib\l10n\app_localizations_es.dart","313","'聶Quiere cerrar sesi籀n?(織;?;`)'"
"lib\l10n\app_localizations_es.dart","316","'Me equivoqu矇'"
"lib\l10n\app_localizations_es.dart","322","'癒Ok! Te esperar矇 de vuelta??織?` )'"
"lib\l10n\app_localizations_es.dart","329","'聶Est獺 seguro de que desea eliminar esta cuenta?鉈毯?'"
"lib\l10n\app_localizations_es.dart","333","'Esta acci籀n no se puede deshacer, 癒todos los datos se eliminar獺n de forma permanente!'"
"lib\l10n\app_localizations_es.dart","343","'La cuenta ha sido eliminada con 矇xito.'"
"lib\l10n\app_localizations_es.dart","347","'Los personajes y escenas del juego son ficticios, 癒por favor no los aplique a la realidad! Si hay alguna similitud, es pura coincidencia.'"
"lib\l10n\app_localizations_es.dart","351","'Versi籀n de la aplicaci籀n: $version'"
"lib\l10n\app_localizations_es.dart","359","'癒Por favor, edite su perfil para completar su informaci籀n primero!'"
"lib\l10n\app_localizations_es.dart","365","'M獺s tarde'"
"lib\l10n\app_localizations_fr.dart","12","'Param癡tres'"
"lib\l10n\app_localizations_fr.dart","15","'Changer la couleur du th癡me'"
"lib\l10n\app_localizations_fr.dart","65","'Parano簿aque'"
"lib\l10n\app_localizations_fr.dart","77","'S?ur a簾n矇e'"
"lib\l10n\app_localizations_fr.dart","80","'Fr癡re cadet'"
"lib\l10n\app_localizations_fr.dart","95","'Diff矇rence d\'"
"lib\l10n\app_localizations_fr.dart","102","'Les donn矇es de l\'"
"lib\l10n\app_localizations_fr.dart","105","'Cr矇er un personnage'"
"lib\l10n\app_localizations_fr.dart","109","'Album du personnage (la premi癡re image est l\'"
"lib\l10n\app_localizations_fr.dart","130","'Non s矇lectionn矇'"
"lib\l10n\app_localizations_fr.dart","148","'Tags de personnalit矇'"
"lib\l10n\app_localizations_fr.dart","151","'Autres tags de personnalit矇...'"
"lib\l10n\app_localizations_fr.dart","158","'Ce qui est aim矇:(par exemple : g璽teau aux fraises, chats, jours de pluie)'"
"lib\l10n\app_localizations_fr.dart","162","'Ce qui est d矇test矇:(par exemple : la courge am癡re, les endroits bruyants)'"
"lib\l10n\app_localizations_fr.dart","169","'Mani癡res et gestes'"
"lib\l10n\app_localizations_fr.dart","173","'Ton et style de parole: (par exemple : froid avec les 矇trangers)'"
"lib\l10n\app_localizations_fr.dart","187","'D矇but de l\'"
"lib\l10n\app_localizations_fr.dart","195","'R矇sum矇 de l\'"
"lib\l10n\app_localizations_fr.dart","199","'Informations suppl矇mentaires sur le personnage:'"
"lib\l10n\app_localizations_fr.dart","202","'Entrez le contenu suppl矇mentaire...'"
"lib\l10n\app_localizations_fr.dart","215","'Cr矇er'"
"lib\l10n\app_localizations_fr.dart","225","'矇cran de cr矇ation de personnage'"
"lib\l10n\app_localizations_fr.dart","237","'Modifier le contenu suppl矇mentaire'"
"lib\l10n\app_localizations_fr.dart","241","'Veuillez remplir le nom du personnage et t矇l矇charger au moins un avatar !'"
"lib\l10n\app_localizations_fr.dart","247","'T矇l矇chargement des images...'"
"lib\l10n\app_localizations_fr.dart","251","'Vous pouvez t矇l矇charger un maximum de 10 images.'"
"lib\l10n\app_localizations_fr.dart","257","'Sauvegarde des donn矇es du personnage...'"
"lib\l10n\app_localizations_fr.dart","261","'Personnage \""$charName\"" cr矇矇 !'"
"lib\l10n\app_localizations_fr.dart","266","'?chec de la cr矇ation du personnage : le t矇l矇chargement de l\'"
"lib\l10n\app_localizations_fr.dart","270","'?chec de la cr矇ation du personnage : $error'"
"lib\l10n\app_localizations_fr.dart","296","'ID utilisateur a 矇t矇 copi矇 dans le presse-papiers'"
"lib\l10n\app_localizations_fr.dart","302","'Afficher les personnages bloqu矇s'"
"lib\l10n\app_localizations_fr.dart","305","'Politique de confidentialit矇'"
"lib\l10n\app_localizations_fr.dart","311","'D矇connexion'"
"lib\l10n\app_localizations_fr.dart","314","'Voulez-vous vous d矇connecter ?(織;?;`)'"
"lib\l10n\app_localizations_fr.dart","324","'accord ! Je vous attends de retour??織?` )'"
"lib\l10n\app_localizations_fr.dart","331","'?tes-vous s羶r de vouloir supprimer ce compte ?鉈毯?'"
"lib\l10n\app_localizations_fr.dart","335","'Cette action est irr矇versible, toutes les donn矇es seront d矇finitivement supprim矇es !'"
"lib\l10n\app_localizations_fr.dart","346","'Le compte a 矇t矇 supprim矇 avec succ癡s.'"
"lib\l10n\app_localizations_fr.dart","350","'Les personnages et les sc癡nes du jeu sont fictifs, ne les appliquez pas ? la r矇alit矇 ! S\'"
"lib\l10n\app_localizations_fr.dart","350","'est purement une co簿ncidence.'"
"lib\l10n\app_localizations_fr.dart","362","'abord modifier votre profil pour compl矇ter vos informations !'"
"lib\l10n\app_localizations_hi.dart","12","'鄐詮?鄐凶鄐?鄍元'"
"lib\l10n\app_localizations_hi.dart","30","'鄐?鄍?鄐擒中 鄐什鄐賴中鄍什'"
"lib\l10n\app_localizations_hi.dart","34","'鄐桌凶鄐戈?鄐?鄐詮?鄐? 鄐耜?鄐?鄐什鄐戈? 鄐詮亢鄐?鄐? 鄐戈?鄐啤?鄐凶 鄐嫩?鄐? $error'"
"lib\l10n\app_localizations_hi.dart","41","'鄐?鄐嗣亢鄐賴?鄐擒?'"
"lib\l10n\app_localizations_hi.dart","47","'鄐嗣什鄐擒什鄐戈?'"
"lib\l10n\app_localizations_hi.dart","56","'鄐抉尹鄍 鄐芹什鄐賴今鄐擒什'"
"lib\l10n\app_localizations_hi.dart","62","'鄐之鄐賴?鄐擒什鄐菽冗鄐舟?'"
"lib\l10n\app_localizations_hi.dart","65","'鄐中鄐?鄐詮?鄐舟?鄐嫩?'"
"lib\l10n\app_localizations_hi.dart","68","'鄐嫩?鄍'"
"lib\l10n\app_localizations_hi.dart","71","'鄐冗鄐冗'"
"lib\l10n\app_localizations_hi.dart","74","'鄐冗鄐?'"
"lib\l10n\app_localizations_hi.dart","92","'鄐徇?鄐耜什鄍?鄍'"
"lib\l10n\app_localizations_hi.dart","95","'鄐亢鄍什 鄐冗 鄐?鄐戈什'"
"lib\l10n\app_localizations_hi.dart","98","'鄐云鄐能?鄐?鄐啤?鄐戈冗 鄐兒允鄍鄐?鄐桌凶鄐耜冗'"
"lib\l10n\app_localizations_hi.dart","102","'鄐今鄐?鄐﹤?鄐冗 鄐眇?鄐桌?鄐?鄐嫩?, 鄐?鄐芹仁鄐?鄐今鄐?鄐? 鄐徇凶鄐?鄐詮? 鄐?鄐兒?鄐奶'"
"lib\l10n\app_localizations_hi.dart","108","'鄐什鄐賴中鄍什 鄐仆鄍互鄐?(鄐芹允鄐耜? 鄐戈元鄍今鄍鄐?鄐桌?鄐?鄐?鄐今鄐戈冗鄐?鄐嫩?)'"
"lib\l10n\app_localizations_hi.dart","111","'鄐什鄐賴中鄍什 鄐冗 鄐兒冗鄐?*'"
"lib\l10n\app_localizations_hi.dart","114","'鄐什鄐賴中鄍什 鄐冗 鄐菽凶鄐菽什鄐?'"
"lib\l10n\app_localizations_hi.dart","117","'鄐仁鄍?'"
"lib\l10n\app_localizations_hi.dart","120","'鄐芹?鄐嗣冗:*'"
"lib\l10n\app_localizations_hi.dart","123","'鄐尹鄍亢鄐舟凶鄐?(MMDD)'"
"lib\l10n\app_localizations_hi.dart","126","'鄐耜凶鄐? *'"
"lib\l10n\app_localizations_hi.dart","138","'鄐尹鄍仁'"
"lib\l10n\app_localizations_hi.dart","141","'鄐?鄐冗鄐?(cm)'"
"lib\l10n\app_localizations_hi.dart","144","'鄐啤?鄐?鄐冗 鄐菽什鄍不鄐?'"
"lib\l10n\app_localizations_hi.dart","150","'鄐尹鄍仁 鄐菽?鄐能?鄍中鄐賴中鄍今 鄐?鄐?..'"
"lib\l10n\app_localizations_hi.dart","153","'鄐尹鄍仁'"
"lib\l10n\app_localizations_hi.dart","157","'鄐芹元鄐丹鄍鄐舟冗 鄐?鄐?鄐?(鄐丹鄐擒允鄐啤不: 鄐詮?鄐?鄐啤?鄐眇?鄐啤? 鄐?鄐? 鄐眇凶鄐耜?鄐耜凶鄐能冗鄐? 鄐眇冗鄐啤凶鄐?鄐? 鄐舟凶鄐?'"
"lib\l10n\app_localizations_hi.dart","161","'鄐兒冗鄐芹元鄐丹 鄐?鄐?鄐?(鄐丹鄐擒允鄐啤不: 鄐什鄍仆鄐? 鄐嗣?鄐啤?鄍仆 鄐菽冗鄐耜? 鄐?鄐?'"
"lib\l10n\app_localizations_hi.dart","165","'鄐?鄍?鄐擒中 鄐?鄐? 鄐啤允鄐詮?鄐? (鄐丹鄐擒允鄐啤不: 鄐菽冗鄐詮?鄐戈今 鄐桌?鄐?鄐啤冗鄐詮?鄐戈冗 鄐冢?鄐耜尹鄍?鄐菽冗鄐耜冗 鄐嫩?)'"
"lib\l10n\app_localizations_hi.dart","172","'鄐眇?鄐耜尹鄍?鄐冗 鄐耜允鄐冗 鄐什 鄐嗣?鄐耜?: (鄐丹鄐擒允鄐啤不: 鄐?鄐兒互鄐賴仁鄍? 鄐? 鄐芹?鄐啤中鄐?鄐?鄐﹤冗)'"
"lib\l10n\app_localizations_hi.dart","176","'鄐詮?鄐菽冗鄐?鄐冗 鄐丹鄐擒允鄐啤不: (鄐凶鄐耜冗鄐﹤兮鄍: 鄐云 鄐眇允鄍中 鄐?鄍?鄍?鄐嫩?鄐? 鄐什鄐賴中鄍什: ...鄐允鄍?'"
"lib\l10n\app_localizations_hi.dart","179","'鄐什鄐賴中鄍什 鄐? 鄐芹?鄐獅?鄐五鄍亢鄐?'"
"lib\l10n\app_localizations_hi.dart","183","'鄐什鄐賴中鄍什 鄐? 鄐芹?鄐獅?鄐五鄍亢鄐?鄐允鄐擒尹鄍 鄐舟什鄍? 鄐什鄍? (鄐之鄐賴?鄐戈亢 2500 鄐嗣互鄍丹)'"
"lib\l10n\app_localizations_hi.dart","186","'鄐允鄐擒尹鄍 鄐? 鄐嗣?鄐啤?鄐中:'"
"lib\l10n\app_localizations_hi.dart","190","'鄐什鄐賴中鄍什 鄐? 鄐允鄐擒尹鄍 鄐舟什鄍? 鄐什鄍? (鄐之鄐賴?鄐戈亢 2500 鄐嗣互鄍丹)'"
"lib\l10n\app_localizations_hi.dart","194","'鄐允鄐擒尹鄍 鄐冗 鄐詮冗鄐啤冗鄐介 (鄐之鄐賴?鄐戈亢 50 鄐嗣互鄍丹, 鄐能允 鄐桌?鄐五鄍丑鄐?鄐冗鄐啤?鄐?鄐芹什 鄐芹?鄐啤丹鄐啤?鄐嗣凶鄐?鄐嫩?鄐冗)'"
"lib\l10n\app_localizations_hi.dart","197","'鄐什鄐賴中鄍什 鄐? 鄐中鄐賴什鄐賴?鄍中 鄐冗鄐兒?鄐擒什鄍:'"
"lib\l10n\app_localizations_hi.dart","200","'鄐中鄐賴什鄐賴?鄍中 鄐詮冗鄐桌?鄍什鄍 鄐舟什鄍? 鄐什鄍?...'"
"lib\l10n\app_localizations_hi.dart","204","'鄐?鄐能冗 鄐元鄍?鄐尹鄍仁 鄐凶鄐耜冗鄐﹤兮鄐賴仁鄍? 鄐? 鄐耜凶鄐?鄐?鄐耜尹鄍?鄐? 鄐耜凶鄐?鄐詮冗鄐啤?鄐菽?鄐兒凶鄐?鄐什鄐兒冗 鄐嫩??'"
"lib\l10n\app_localizations_hi.dart","216","'鄐詮允鄍?鄍?'"
"lib\l10n\app_localizations_hi.dart","219","'鄐啤丹鄍丹 鄐什鄍?'"
"lib\l10n\app_localizations_hi.dart","227","'鄐?鄐能冗 鄐元鄍?鄐﹤?鄐啤冗鄐徇?鄐?鄐? 鄐啤?鄐?鄐桌?鄐?鄐詮允鄍?鄐兒? 鄐? 鄐今鄐嗣?鄐能?鄐戈冗 鄐嫩??'"
"lib\l10n\app_localizations_hi.dart","236","'鄐中鄐賴什鄐賴?鄍中 鄐詮冗鄐桌?鄍什鄍 鄐詮?鄐芹冗鄐舟凶鄐?鄐什鄍?'"
"lib\l10n\app_localizations_hi.dart","240","'鄐?鄐芹仁鄐?鄐什鄐賴中鄍什 鄐冗 鄐兒冗鄐?鄐冢什鄍? 鄐什 鄐亢 鄐詮? 鄐亢 鄐? 鄐今鄐戈冗鄐?鄐云鄐耜?鄐?鄐什鄍?!'"
"lib\l10n\app_localizations_hi.dart","243","'鄐詮允鄍?鄐?鄐冗 鄐啤允鄐?鄐嫩?...'"
"lib\l10n\app_localizations_hi.dart","246","'鄐今鄐賴仁鄐擒? 鄐云鄐耜?鄐?鄐? 鄐冗 鄐啤允鄍 鄐嫩?鄐?..'"
"lib\l10n\app_localizations_hi.dart","249","'鄐之鄐賴?鄐戈亢 10 鄐戈元鄍今鄍鄐啤?鄐?鄐嫩? 鄐云鄐耜?鄐?鄐? 鄐冗 鄐詮?鄐戈? 鄐嫩?鄐奶'"
"lib\l10n\app_localizations_hi.dart","252","'鄐今鄐賴仁鄐擒? 鄐芹?鄐啤?鄐詮?鄐?鄐嫩? 鄐啤允鄍 鄐嫩?鄐?..'"
"lib\l10n\app_localizations_hi.dart","255","'鄐什鄐賴中鄍什 鄐﹤?鄐冗 鄐詮允鄍?鄐?鄐冗 鄐啤允鄐?鄐嫩?...'"
"lib\l10n\app_localizations_hi.dart","259","'鄐什鄐賴中鄍什 \""$charName\"" 鄐眇尹鄐擒仁鄐?鄐仁鄐?'"
"lib\l10n\app_localizations_hi.dart","268","'鄐什鄐賴中鄍什 鄐兒凶鄐啤?鄐桌冗鄐?鄐菽凶鄐徇仆: $error'"
"lib\l10n\app_localizations_hi.dart","272","'鄐啤?鄐?鄐什 鄐詮冗鄐桌?鄍什鄍'"
"lib\l10n\app_localizations_hi.dart","284","'鄐?鄐﹤?:'"
"lib\l10n\app_localizations_hi.dart","290","'鄐?鄍?鄐擒中'"
"lib\l10n\app_localizations_hi.dart","293","'鄐云鄐能?鄐?鄐啤?鄐戈冗 鄐?鄐﹤? 鄐?鄐耜凶鄐芹互鄍什鄍丑 鄐芹什 鄐?鄐芹? 鄐嫩? 鄐仁鄐?鄐嫩?'"
"lib\l10n\app_localizations_hi.dart","302","'鄐?鄐芹尹鄍鄐能中鄐?鄐兒?鄐戈凶'"
"lib\l10n\app_localizations_hi.dart","305","'鄐詮?鄐菽冗 鄐? 鄐嗣什鄍中鄍?'"
"lib\l10n\app_localizations_hi.dart","311","'鄐?鄐能冗 鄐云 鄐耜?鄐?鄐?鄐?鄐什鄐兒冗 鄐冗鄐嫩中鄍?鄐嫩?鄐?(織;?;`)'"
"lib\l10n\app_localizations_hi.dart","314","'鄐桌?鄐尹鄍?鄐仆鄐戈? 鄐詮? 鄐舟互鄐?鄐舟凶鄐能冗'"
"lib\l10n\app_localizations_hi.dart","317","'鄐芹?鄐獅?鄐凶 鄐什鄍?'"
"lib\l10n\app_localizations_hi.dart","321","'鄐?鄐?鄐嫩?! 鄐桌?鄐?鄐云鄐? 鄐菽冗鄐芹元 鄐尹鄍?鄐冗 鄐?鄐戈?鄐潼冗鄐?鄐什鄍?鄐冗??織?` )'"
"lib\l10n\app_localizations_hi.dart","328","'鄐?鄐能冗 鄐云 鄐菽冗鄐? 鄐元 鄐冗鄐戈? 鄐? 鄐嫩?鄐擒尹鄐?鄐冗鄐嫩中鄍?鄐嫩?鄐?鉈毯?'"
"lib\l10n\app_localizations_hi.dart","332","'鄐能允 鄐冗鄐啤?鄐啤今鄐擒? 鄐芹?鄐啤?鄐菽今鄐?鄐兒允鄍鄐?鄐? 鄐冗 鄐詮?鄐戈? 鄐嫩?, 鄐詮五鄍 鄐﹤?鄐冗 鄐詮?鄐丞冗鄐能? 鄐啤?鄐?鄐詮? 鄐嫩?鄐?鄐舟凶鄐?鄐冗鄐?鄐?!'"
"lib\l10n\app_localizations_hi.dart","339","'鄐芹?鄐獅?鄐凶 鄐什鄍?'"
"lib\l10n\app_localizations_hi.dart","351","'鄐云 鄐詮?鄐詮?鄐什鄐? $version'"
"lib\l10n\app_localizations_hi.dart","359","'鄐?鄐芹仁鄐?鄐云鄐兒? 鄐冗鄐兒?鄐擒什鄍 鄐芹?鄐啤? 鄐什鄐兒? 鄐? 鄐耜凶鄐?鄐芹允鄐耜? 鄐云鄐兒? 鄐芹?鄐啤?鄐徇兮鄐擒?鄐?鄐詮?鄐芹冗鄐舟凶鄐?鄐什鄍?!'"
"lib\l10n\app_localizations_hi.dart","362","'鄐詮?鄐芹冗鄐舟尹 鄐芹什 鄐冗鄐?'"
"lib\l10n\app_localizations_hi.dart","374","'$friendName 鄐? 鄐詮冗鄐?鄐?鄐?鄐? 鄐詮冗鄐桌?鄍什鄍'"
"lib\l10n\app_localizations_hi.dart","378","'鄐詮?鄐舟?鄐?鄐耜凶鄐?鄐?..'"
"lib\l10n\app_localizations_id.dart","311","'Anda yakin ingin keluar?(織;?;`)'"
"lib\l10n\app_localizations_id.dart","321","'Baik! Saya akan menunggu Anda kembali??織?` )'"
"lib\l10n\app_localizations_id.dart","328","'Anda yakin ingin menghapus akun ini?鉈毯?'"
"lib\l10n\app_localizations_ja.dart","12","'閮剖?'"
"lib\l10n\app_localizations_ja.dart","21","'閮隤?憭'"
"lib\l10n\app_localizations_ja.dart","24","'??艾??'"
"lib\l10n\app_localizations_ja.dart","34","'???芥?隤准颲潦銝准?具?潦??箇????: $error'"
"lib\l10n\app_localizations_ja.dart","44","'瘣餌'"
"lib\l10n\app_localizations_ja.dart","59","'?寥?'"
"lib\l10n\app_localizations_ja.dart","77","'?憬(憟單?'"
"lib\l10n\app_localizations_ja.dart","80","'敺憬(?瑟?'"
"lib\l10n\app_localizations_ja.dart","83","'?扎?～'"
"lib\l10n\app_localizations_ja.dart","86","'蝢?????'"
"lib\l10n\app_localizations_ja.dart","89","'?柴??'"
"lib\l10n\app_localizations_ja.dart","98","'?艾?嗚???扎????'"
"lib\l10n\app_localizations_ja.dart","104","'?准?押?踴雿?'"
"lib\l10n\app_localizations_ja.dart","107","'?准?押?踴?Ｕ?? (???餃???扎?Ｕ??踴)'"
"lib\l10n\app_localizations_ja.dart","110","'?准?押?踴??*'"
"lib\l10n\app_localizations_ja.dart","113","'?准?押?踴隤祆?:'"
"lib\l10n\app_localizations_ja.dart","116","'撟湧耦:'"
"lib\l10n\app_localizations_ja.dart","119","'?瑟平:*'"
"lib\l10n\app_localizations_ja.dart","122","'隤???(MMDD)'"
"lib\l10n\app_localizations_ja.dart","125","'?批 *'"
"lib\l10n\app_localizations_ja.dart","140","'頨恍:(cm)'"
"lib\l10n\app_localizations_ja.dart","143","'憭??桀耦摰?'"
"lib\l10n\app_localizations_ja.dart","146","'?扳?踴'"
"lib\l10n\app_localizations_ja.dart","149","'?隞?扳?踴...'"
"lib\l10n\app_localizations_ja.dart","155","'憟賬??芥???(靘? ?扎??氬?潦???格)'"
"lib\l10n\app_localizations_ja.dart","158","'憳??芥???(靘? ?艾??～?喋?????)'"
"lib\l10n\app_localizations_ja.dart","161","'鈭箇?撠??芰?撖? (靘? 摰?孵??喟)'"
"lib\l10n\app_localizations_ja.dart","167","'閰晞??嫘?嫘?扎: (靘? 閬?鈭箝?臬??)'"
"lib\l10n\app_localizations_ja.dart","171","'隡店靘? (??扎?? ???砍??怒??犖?扼??哨? ?准?押?踴: ...????'"
"lib\l10n\app_localizations_ja.dart","174","'?准?押?踴?:'"
"lib\l10n\app_localizations_ja.dart","177","'?准?押?踴?柴???啜?艾???芥????艾?????(?憭?2500 ??)'"
"lib\l10n\app_localizations_ja.dart","180","'?嫘??潦?潦憪??'"
"lib\l10n\app_localizations_ja.dart","183","'?准?押?踴?柴??准????亙?????? (?憭?2500 ??)'"
"lib\l10n\app_localizations_ja.dart","186","'?嫘??潦?潦???? (?憭?50 ???隡??怒?銵函內???整?)'"
"lib\l10n\app_localizations_ja.dart","189","'?准?押?踴?株蕭????'"
"lib\l10n\app_localizations_ja.dart","192","'餈賢??捆????艾?????..'"
"lib\l10n\app_localizations_ja.dart","195","'隞??扎?潦???扎?????怠???整???'"
"lib\l10n\app_localizations_ja.dart","198","'?胯?'"
"lib\l10n\app_localizations_ja.dart","204","'雿?'"
"lib\l10n\app_localizations_ja.dart","207","'靽?'"
"lib\l10n\app_localizations_ja.dart","213","'?准?押?踴雿??駁??鈭??整?'"
"lib\l10n\app_localizations_ja.dart","219","'?胯?'"
"lib\l10n\app_localizations_ja.dart","228","'?准?押?踴???亙????潦?撠???????准???艾?????'"
"lib\l10n\app_localizations_ja.dart","231","'靽?銝?..'"
"lib\l10n\app_localizations_ja.dart","234","'?餃?????准?葉...'"
"lib\l10n\app_localizations_ja.dart","240","'?餃???葉...'"
"lib\l10n\app_localizations_ja.dart","243","'?准?押?踴??踴?靽?銝?..'"
"lib\l10n\app_localizations_ja.dart","247","'?准?押?踴??charName??雿????整???'"
"lib\l10n\app_localizations_ja.dart","256","'?准?押?踴雿??怠仃???整??? $error'"
"lib\l10n\app_localizations_ja.dart","260","'憭有?具?喋??喋?'"
"lib\l10n\app_localizations_ja.dart","278","'銝?'"
"lib\l10n\app_localizations_ja.dart","284","'?准?押?踴蝞∠?'"
"lib\l10n\app_localizations_ja.dart","287","'????????胯?潦?銵函內'"
"lib\l10n\app_localizations_ja.dart","290","'??扎??瑯??瑯'"
"lib\l10n\app_localizations_ja.dart","293","'?拍閬?'"
"lib\l10n\app_localizations_ja.dart","299","'?准?Ｕ???整???(織;?;`)'"
"lib\l10n\app_localizations_ja.dart","302","'?潦??????'"
"lib\l10n\app_localizations_ja.dart","305","'蝣箄?'"
"lib\l10n\app_localizations_ja.dart","308","'?胯?嚗?????柴?敺?艾??整???織?` )'"
"lib\l10n\app_localizations_ja.dart","311","'?Ｕ?艾???'"
"lib\l10n\app_localizations_ja.dart","323","'蝣箄?'"
"lib\l10n\app_localizations_ja.dart","334","'?Ｕ??芥??詻?? $version'"
"lib\l10n\app_localizations_ja.dart","341","'?整????潦?楊???行??晞?摰????艾?????'"
"lib\l10n\app_localizations_ja.dart","347","'敺'"
"lib\l10n\app_localizations_ja.dart","351","'$friendName ?具?????葉'"
"lib\l10n\app_localizations_ja.dart","356","'$friendName ?具????捆'"
"lib\l10n\app_localizations_ja.dart","360","'?～??颯?詻??亙?...'"
"lib\l10n\app_localizations_ko.dart","12","'?木?'"
"lib\l10n\app_localizations_ko.dart","24","'諈刺? 儦筋'"
"lib\l10n\app_localizations_ko.dart","27","'?? 儦筋穈 ??.'"
"lib\l10n\app_localizations_ko.dart","34","'儦筋 諈拘???賱?月? 鴗??月?穈 諻???: $error'"
"lib\l10n\app_localizations_ko.dart","56","'賱???'"
"lib\l10n\app_localizations_ko.dart","62","'鴔骨'"
"lib\l10n\app_localizations_ko.dart","68","'窸?'"
"lib\l10n\app_localizations_ko.dart","77","'?偽(?科?)'"
"lib\l10n\app_localizations_ko.dart","80","'?偽(?到?)'"
"lib\l10n\app_localizations_ko.dart","83","'諰?'"
"lib\l10n\app_localizations_ko.dart","86","'諤欠?'"
"lib\l10n\app_localizations_ko.dart","89","'諻?'"
"lib\l10n\app_localizations_ko.dart","95","'? 麆到'"
"lib\l10n\app_localizations_ko.dart","98","'?科?未 麆樺? ????'"
"lib\l10n\app_localizations_ko.dart","101","'?渠站鴔 ?域?國? ?潰??? ??. ?渠站鴔諝??木? ???渥ˉ?賄?.'"
"lib\l10n\app_localizations_ko.dart","104","'儥早???'"
"lib\l10n\app_localizations_ko.dart","107","'儥早???刺? (麮?貒孛 ?渠站鴔穈 諰 ???)'"
"lib\l10n\app_localizations_ko.dart","110","'儥早???渠?:*'"
"lib\l10n\app_localizations_ko.dart","113","'儥早???月?:'"
"lib\l10n\app_localizations_ko.dart","119","'鴔?:*'"
"lib\l10n\app_localizations_ko.dart","125","'?梵? *'"
"lib\l10n\app_localizations_ko.dart","137","'篣堅?'"
"lib\l10n\app_localizations_ko.dart","143","'?賈爸 ?月?:'"
"lib\l10n\app_localizations_ko.dart","146","'?梓痔 ?溢'"
"lib\l10n\app_localizations_ko.dart","149","'篣堅? ?梓痔 ?溢...'"
"lib\l10n\app_localizations_ko.dart","152","'篣堅?'"
"lib\l10n\app_localizations_ko.dart","155","'鮈??? 窶?(?? ?資萼 儤?渣, 窸??? 赬??月? ??'"
"lib\l10n\app_localizations_ko.dart","158","'?恢?? 窶?(?? ?科ˉ, ???科 ?伊?)'"
"lib\l10n\app_localizations_ko.dart","161","'?炭??諈刺打???? 赬?: (?? ?科 篣賄?)'"
"lib\l10n\app_localizations_ko.dart","164","'諤頃 ??'"
"lib\l10n\app_localizations_ko.dart","167","'諤? ?欠??? (?? ?芻? ?禺?????麆刷???'"
"lib\l10n\app_localizations_ko.dart","171","'?????: (???渥: ?寢?? ?? 鮈? ?禺??渥??? 儥早?? ...?? )'"
"lib\l10n\app_localizations_ko.dart","174","'儥早??諻國祭:'"
"lib\l10n\app_localizations_ko.dart","177","'儥早?域? 諻國祭 ?渥篣圉未 ????(黖? 2500??'"
"lib\l10n\app_localizations_ko.dart","180","'?渥篣???:'"
"lib\l10n\app_localizations_ko.dart","183","'儥早?域? 鴗掠謔禺未 ????(黖? 2500??'"
"lib\l10n\app_localizations_ko.dart","186","'?渥篣?? (黖? 50?? 諤 儦渠???????'"
"lib\l10n\app_localizations_ko.dart","189","'儥早??黺? ?渥:'"
"lib\l10n\app_localizations_ko.dart","192","'黺? ?渥??????..'"
"lib\l10n\app_localizations_ko.dart","195","'?月斥 ???渥穈 ???渣? ????諢?窸虛???窶???'"
"lib\l10n\app_localizations_ko.dart","210","'鼒到?'"
"lib\l10n\app_localizations_ko.dart","216","'黕??潺? ??伕????蛟?篧?'"
"lib\l10n\app_localizations_ko.dart","225","'黺? ?渥 ?賄?'"
"lib\l10n\app_localizations_ko.dart","228","'儥早???渠?????? ???諝??? ?渥? ???鴥潰??'"
"lib\l10n\app_localizations_ko.dart","231","'???鴗?..'"
"lib\l10n\app_localizations_ko.dart","234","'?渠站鴔 ????鴗?..'"
"lib\l10n\app_localizations_ko.dart","237","'黖? 10?伉?鴔 ?渠站鴔諝????? ????.'"
"lib\l10n\app_localizations_ko.dart","240","'?渠站鴔 麮收 鴗?..'"
"lib\l10n\app_localizations_ko.dart","243","'儥早???域?????鴗?..'"
"lib\l10n\app_localizations_ko.dart","247","'儥早??\""$charName\""??穈) ????蛟???'"
"lib\l10n\app_localizations_ko.dart","252","'儥早??? ?欠: ?渠站鴔 ????????黕頃???蛟??? ?貲???國盒????渥ˉ?賄?.'"
"lib\l10n\app_localizations_ko.dart","256","'儥早??? ?欠: $error'"
"lib\l10n\app_localizations_ko.dart","266","'?圉收????'"
"lib\l10n\app_localizations_ko.dart","287","'麆刺??儥早??貐湊萼'"
"lib\l10n\app_localizations_ko.dart","290","'穈?陷 貐渣??'"
"lib\l10n\app_localizations_ko.dart","293","'?????赭?'"
"lib\l10n\app_localizations_ko.dart","296","'諢溢??'"
"lib\l10n\app_localizations_ko.dart","299","'諢溢????窶???(織;?;`)'"
"lib\l10n\app_localizations_ko.dart","302","'?盂 ???渥?'"
"lib\l10n\app_localizations_ko.dart","308","'鮈??? ?木? ??????鴔 篣圉謔湊??(織?` )'"
"lib\l10n\app_localizations_ko.dart","311","'窸? ?原?'"
"lib\l10n\app_localizations_ko.dart","314","'??窸????? ?原???窶???鉈毯?'"
"lib\l10n\app_localizations_ko.dart","318","'????? ??謔????諰? 諈刺? ?域?國? ?筋?諢??原??拘???'"
"lib\l10n\app_localizations_ko.dart","321","'???? ?原??? ??窶?'"
"lib\l10n\app_localizations_ko.dart","327","'窸????梓陬?諢??原????蛟???'"
"lib\l10n\app_localizations_ko.dart","335","'??貒?: $version'"
"lib\l10n\app_localizations_ko.dart","342","'諟潰? ???? ?賄?? ?陷諝????鴥潰??'"
"lib\l10n\app_localizations_ko.dart","345","'?賄??潺? ?渠?'"
"lib\l10n\app_localizations_ko.dart","357","'$friendName ?頃??????渥'"
"lib\l10n\app_localizations_ko.dart","361","'諰?鴔 ?...'"
"lib\l10n\app_localizations_ms.dart","312","'Adakah anda ingin log keluar?(織;?;`)'"
"lib\l10n\app_localizations_ms.dart","322","'Baiklah! Saya akan tunggu anda kembali??織?` )'"
"lib\l10n\app_localizations_ms.dart","329","'Adakah anda pasti mahu memadam akaun ini?鉈毯?'"
"lib\l10n\app_localizations_pt.dart","12","'Configura癟繭es'"
"lib\l10n\app_localizations_pt.dart","18","'Feedback e Sugest繭es'"
"lib\l10n\app_localizations_pt.dart","27","'Voc礙 ainda n瓊o tem nenhum amigo.'"
"lib\l10n\app_localizations_pt.dart","56","'Fam穩lia Rica'"
"lib\l10n\app_localizations_pt.dart","77","'Irm瓊 S礙nior'"
"lib\l10n\app_localizations_pt.dart","80","'Irm瓊o J繳nior'"
"lib\l10n\app_localizations_pt.dart","95","'Diferen癟a de Idade'"
"lib\l10n\app_localizations_pt.dart","98","'Usu獺rio n瓊o encontrado'"
"lib\l10n\app_localizations_pt.dart","102","'Os dados da imagem est瓊o inconsistentes, por favor, selecione a imagem novamente.'"
"lib\l10n\app_localizations_pt.dart","109","'?lbum de Personagens (A primeira imagem 矇 o avatar principal)'"
"lib\l10n\app_localizations_pt.dart","115","'Descri癟瓊o do Personagem:'"
"lib\l10n\app_localizations_pt.dart","121","'Profiss瓊o:*'"
"lib\l10n\app_localizations_pt.dart","124","'Anivers獺rio:(MMDD)'"
"lib\l10n\app_localizations_pt.dart","127","'G礙nero *'"
"lib\l10n\app_localizations_pt.dart","130","'N瓊o selecionado'"
"lib\l10n\app_localizations_pt.dart","145","'Descri癟瓊o da apar礙ncia:'"
"lib\l10n\app_localizations_pt.dart","162","'O que n瓊o gosta:(por exemplo: mel瓊o amargo, lugares barulhentos)'"
"lib\l10n\app_localizations_pt.dart","166","'Pequenos segredos desconhecidos: (por exemplo: na verdade 矇 uma pessoa sem senso de dire癟瓊o)'"
"lib\l10n\app_localizations_pt.dart","177","'Exemplo de di獺logo: (Jogador: Voc礙 矇 t瓊o bom! Personagem: ...Oh.)'"
"lib\l10n\app_localizations_pt.dart","180","'Hist籀rico do Personagem:'"
"lib\l10n\app_localizations_pt.dart","184","'Insira a hist籀ria de fundo do personagem (m獺ximo 2500 palavras)'"
"lib\l10n\app_localizations_pt.dart","187","'In穩cio da Hist籀ria:'"
"lib\l10n\app_localizations_pt.dart","191","'Insira a trama do personagem (m獺ximo 2500 palavras)'"
"lib\l10n\app_localizations_pt.dart","195","'Resumo da Hist籀ria (m獺ximo 50 palavras, ser獺 exibido no cart瓊o de encontro)'"
"lib\l10n\app_localizations_pt.dart","198","'Informa癟繭es Adicionais do Personagem:'"
"lib\l10n\app_localizations_pt.dart","201","'Insira conte繳do adicional...'"
"lib\l10n\app_localizations_pt.dart","205","'Tornar p繳blico para que outros jogadores possam jogar?'"
"lib\l10n\app_localizations_pt.dart","211","'N瓊o'"
"lib\l10n\app_localizations_pt.dart","224","'Voc礙 vai sair da tela de cria癟瓊o de personagem'"
"lib\l10n\app_localizations_pt.dart","233","'N瓊o'"
"lib\l10n\app_localizations_pt.dart","236","'Editar Conte繳do Adicional'"
"lib\l10n\app_localizations_pt.dart","240","'Por favor, preencha o nome do personagem e fa癟a o upload de pelo menos um avatar!'"
"lib\l10n\app_localizations_pt.dart","250","'S籀 矇 poss穩vel fazer upload de no m獺ximo 10 imagens.'"
"lib\l10n\app_localizations_pt.dart","265","'Falha ao criar o personagem: o upload da imagem expirou, por favor, verifique sua conex瓊o com a internet.'"
"lib\l10n\app_localizations_pt.dart","273","'Apar礙ncia e Conte繳do'"
"lib\l10n\app_localizations_pt.dart","276","'Gerenciamento de Conta e Conte繳do'"
"lib\l10n\app_localizations_pt.dart","279","'Sobre N籀s'"
"lib\l10n\app_localizations_pt.dart","295","'ID do usu獺rio copiado para a 獺rea de transfer礙ncia'"
"lib\l10n\app_localizations_pt.dart","304","'Pol穩tica de Privacidade'"
"lib\l10n\app_localizations_pt.dart","307","'Termos de Servi癟o'"
"lib\l10n\app_localizations_pt.dart","313","'Voc礙 vai sair da conta?(織;?;`)'"
"lib\l10n\app_localizations_pt.dart","323","'Ok! Estarei esperando voc礙 voltar??織?` )'"
"lib\l10n\app_localizations_pt.dart","330","'Voc礙 tem certeza de que deseja excluir esta conta?鉈毯?'"
"lib\l10n\app_localizations_pt.dart","334","'Esta a癟瓊o 矇 irrevers穩vel, todos os dados ser瓊o permanentemente exclu穩dos!'"
"lib\l10n\app_localizations_pt.dart","337","'N瓊o, eu n瓊o quero excluir'"
"lib\l10n\app_localizations_pt.dart","343","'Conta exclu穩da com sucesso.'"
"lib\l10n\app_localizations_pt.dart","347","'Os personagens e cenas do jogo s瓊o fict穩cios, por favor, n瓊o os aplique na realidade! Se houver alguma semelhan癟a, 矇 pura coincid礙ncia.'"
"lib\l10n\app_localizations_pt.dart","351","'Vers瓊o do Aplicativo: $version'"
"lib\l10n\app_localizations_pt.dart","359","'Por favor, edite seu perfil para completar suas informa癟繭es primeiro!'"
"lib\l10n\app_localizations_pt.dart","374","'Conte繳do do chat com $friendName'"
"lib\l10n\app_localizations_th.dart","12","'鉊葡鉊??鉊晤?鉊?鉆葡'"
"lib\l10n\app_localizations_th.dart","18","'鉊?鉊冢?鉊芹?鉊冢?鉊萼鉆艇鉊啤?鉊喪?鉊萼鉊董'"
"lib\l10n\app_localizations_th.dart","21","'鉆鉊艇鉊菽?鉊Ｒ?鉊葡鉊拈葡'"
"lib\l10n\app_localizations_th.dart","24","'鉆鉊虞鉆葉鉊?鉊晤?鉊葦鉊﹤?'"
"lib\l10n\app_localizations_th.dart","27","'鉊虜鉊腺鉊晤?鉆腹鉆腹鉊菽?鉊虞鉆葉鉊?鉊丞腺'"
"lib\l10n\app_localizations_th.dart","34","'鉆鉊葩鉊?鉆葉鉊葩鉊?鉊丞葡鉊?鉊萼鉆葦鉊丞?鉊?葡鉊Ｒ?鉊獅?鉊冢?鉊虞鉆葉鉊? $error'"
"lib\l10n\app_localizations_th.dart","50","'鉊虜鉊葦鉊號'"
"lib\l10n\app_localizations_th.dart","53","'鉊虜鉊?鉊耜腺'"
"lib\l10n\app_localizations_th.dart","56","'鉊腦鉊啤?鉊嫩艇鉊??鉊喪腦鉊抉腺'"
"lib\l10n\app_localizations_th.dart","59","'鉊﹤葭鉆鉊丞?鉊徇?鉆鉊徇艇鉊菽?鉊Ｒ腹'"
"lib\l10n\app_localizations_th.dart","68","'鉊﹤虜鉆?鉊﹤萵鉆?'"
"lib\l10n\app_localizations_th.dart","77","'鉊?虜鉆?鉊葭鉆?鉊徇?鉊毯?)'"
"lib\l10n\app_localizations_th.dart","80","'鉊?虜鉆?鉊?鉊冢?(鉊葡鉊?'"
"lib\l10n\app_localizations_th.dart","83","'鉊徇艇鉆葉'"
"lib\l10n\app_localizations_th.dart","86","'鉊芹葷鉊Ｒ?鉊耜腹鉊?鉊耜?鉊啤艇鉊嗣?'"
"lib\l10n\app_localizations_th.dart","92","'鉆鉊?鉊耜?鉊嫩?'"
"lib\l10n\app_localizations_th.dart","95","'鉊?鉊冢?鉊抉?鉊耜?鉊?萼鉊徇葷鉆葡鉊葷鉊晤腺'"
"lib\l10n\app_localizations_th.dart","102","'鉊?鉊冢腹鉊嫩艇鉊?號鉊?鉊耜?鉆腹鉆?鉊??鉊萵鉊?鉊腦鉊詮?鉊耜?鉊丞虞鉊冢?鉊?號鉊?鉊耜?鉆葦鉊﹤?鉊冢葭鉊?鉊?萵鉆?'"
"lib\l10n\app_localizations_th.dart","105","'鉊芹腦鉆葡鉊?鉊晤葷鉊丞萼鉊腦'"
"lib\l10n\app_localizations_th.dart","108","'鉊冢萵鉊丞?鉊晤?鉊﹤?鉊晤葷鉊丞萼鉊腦 (鉊?號鉊?鉊??鉆鉊?鉊腦鉊嫩?鉆?鉊??鉊艇鉆葦鉊丞萵鉊?'"
"lib\l10n\app_localizations_th.dart","111","'鉊虞鉆葉鉊萵鉊抉艇鉊啤?鉊?*'"
"lib\l10n\app_localizations_th.dart","114","'鉊董鉊冢?鉊毯?鉊耜腺鉊萵鉊抉艇鉊啤?鉊?'"
"lib\l10n\app_localizations_th.dart","117","'鉊冢葡鉊Ｒ虜:'"
"lib\l10n\app_localizations_th.dart","120","'鉊冢葡鉊葭鉊?*'"
"lib\l10n\app_localizations_th.dart","123","'鉊抉萵鉊?鉊葩鉊?(MMDD)'"
"lib\l10n\app_localizations_th.dart","126","'鉆鉊落 *'"
"lib\l10n\app_localizations_th.dart","129","'鉆腹鉆?鉊?鉆鉊丞虞鉊冢?'"
"lib\l10n\app_localizations_th.dart","135","'鉊徇?鉊毯?'"
"lib\l10n\app_localizations_th.dart","141","'鉊芹?鉊抉?鉊芹號鉊?(cm)'"
"lib\l10n\app_localizations_th.dart","144","'鉊丞萵鉊萱鉊萼鉊葡鉊Ｒ?鉊冢?:'"
"lib\l10n\app_localizations_th.dart","150","'鉆?鉆?鉊虜鉊艇鉊毯?鉊葡鉊葉鉊獅?鉊?...'"
"lib\l10n\app_localizations_th.dart","157","'鉊芹葩鉆?鉊葭鉆?鉊冢?:(鉆鉊?鉊?鉆鉊?鉊葵鉊腦鉊冢葷鉆?鉊葉鉊??鉊?葭, 鉆腹鉊? 鉊抉萵鉊?鉊?鉊?'"
"lib\l10n\app_localizations_th.dart","160","'鉊芹葩鉆?鉊葭鉆?鉊艇鉊菽腺鉊?(鉆鉊?鉊?鉊﹤萼鉊?萼, 鉊葭鉆?鉊菽?鉆鉊芹葭鉊Ｒ?鉊萵鉊?'"
"lib\l10n\app_localizations_th.dart","164","'鉊葷鉊耜腹鉊丞萵鉊?鉊丞?鉊? 鉊葭鉆?鉊﹤?鉊﹤葭鉆?鉊?腦鉊嫩?: (鉆鉊?鉊?鉊腦鉊毯?鉆?鉆艇鉆葷鉆鉊?鉊?鉊葦鉊丞?鉊葡鉊?'"
"lib\l10n\app_localizations_th.dart","167","'鉊葩鉊?葩鉊Ｒ葡鉊?鉊耜?鉊耜?'"
"lib\l10n\app_localizations_th.dart","171","'鉊?鉊喪?鉊芹葭鉊Ｒ?鉆艇鉊啤葵鉆?鉊丞?鉊葡鉊??鉊嫩?: (鉆鉊?鉊?鉊號鉊?鉊Ｒ?鉊?鉊耜?鉊芹?鉊?鉆?鉊丞?鉊徇?鉆葡)'"
"lib\l10n\app_localizations_th.dart","175","'鉊萵鉊抉葉鉊Ｒ?鉊耜?鉊?鉊芹?鉊?鉊? (鉊號鉆?鉊丞?鉊? 鉊虜鉊?鉊?鉊菽?鉊晤?! 鉊萵鉊抉艇鉊啤?鉊? ...鉊冢?鉊?)'"
"lib\l10n\app_localizations_th.dart","178","'鉊腦鉊啤葷鉊晤?鉊毯?鉊虞鉆葉鉊葦鉊丞萵鉊?鉊晤葷鉊丞萼鉊腦:'"
"lib\l10n\app_localizations_th.dart","182","'鉆葵鉆?鉊?虞鉆葉鉊腦鉊耜葷鉆鉊虞鉆葉鉊葦鉊丞萵鉊?鉊晤葷鉊丞萼鉊腦 (鉆腹鉆?鉊葩鉊?2500 鉊萵鉊抉葉鉊晤?鉊拈腦)'"
"lib\l10n\app_localizations_th.dart","185","'鉊虜鉊?鉊?葩鉆腹鉊?鉊?鉊冢?鉆鉊?虞鉆葉鉊腦鉊耜葷:'"
"lib\l10n\app_localizations_th.dart","189","'鉆葵鉆?鉊虞鉆葉鉆鉊?虞鉆葉鉊?鉊冢?鉊萵鉊抉艇鉊啤?鉊?(鉆腹鉆?鉊葩鉊?2500 鉊萵鉊抉葉鉊晤?鉊拈腦)'"
"lib\l10n\app_localizations_th.dart","193","'鉊?鉊芹腦鉊詮?鉆鉊?虞鉆葉鉊腦鉊耜葷 (鉆腹鉆?鉊葩鉊?50 鉊萵鉊抉葉鉊晤?鉊拈腦, 鉊萼鉆葵鉊?鉆?鉊萵鉊腦鉊萵鉊?鉊?'"
"lib\l10n\app_localizations_th.dart","196","'鉊?鉊冢腹鉊嫩艇鉆鉊葩鉆腹鉆鉊葩鉊﹤?鉊葭鉆腺鉊抉?鉊晤?鉊萵鉊抉艇鉊啤?鉊?'"
"lib\l10n\app_localizations_th.dart","199","'鉆葵鉆?鉆葉鉊﹤號鉊丞?鉊葩鉆腹鉆鉊葩鉊?..'"
"lib\l10n\app_localizations_th.dart","202","'鉆鉊葩鉊?鉊腺鉆葦鉆?鉊嫩?鉆鉊丞?鉊?鉊葉鉊獅?鉊?鉊丞?鉊?鉊?鉊徇腦鉊獅葉鉆腹鉆?'"
"lib\l10n\app_localizations_th.dart","214","'鉊萵鉊?鉊嗣?'"
"lib\l10n\app_localizations_th.dart","220","'鉊虜鉊?鉊喪艇鉊晤?鉊萼鉊冢葉鉊?鉊耜?鉊徇?鉆葡鉊葉鉊芹腦鉆葡鉊?鉊晤葷鉊丞萼鉊腦'"
"lib\l10n\app_localizations_th.dart","223","'鉊?鉊冢?鉊葡鉊??鉊晤?鉊葆鉊?鉊?鉊?鉊萵鉊腦鉆葡鉊葦鉊?虞鉊冢?鉊﹤??'"
"lib\l10n\app_localizations_th.dart","229","'鉆腹鉆?鉆葉鉊?鉊耜腦'"
"lib\l10n\app_localizations_th.dart","236","'鉆?鉊??鉊腦鉊冢?鉊虞鉆葉鉊萵鉊抉艇鉊啤?鉊??鉊丞萼鉊冢萵鉊?鉊徇艇鉊腦鉊嫩?鉆?鉊??鉊艇鉆葉鉊Ｒ?鉊耜?鉊?鉊冢腺鉊徇?鉊嗣?鉊腦鉊嫩?!'"
"lib\l10n\app_localizations_th.dart","239","'鉊董鉊丞萵鉊?鉊晤?鉊葆鉊?..'"
"lib\l10n\app_localizations_th.dart","242","'鉊董鉊丞萵鉊葉鉊晤?鉆葦鉊丞?鉊?號鉊?鉊耜?...'"
"lib\l10n\app_localizations_th.dart","248","'鉊董鉊丞萵鉊?鉊?萼鉊﹤葷鉊丞?鉊丞腦鉊嫩?鉊葡鉊?..'"
"lib\l10n\app_localizations_th.dart","251","'鉊董鉊丞萵鉊?鉊晤?鉊葆鉊?鉆葉鉊﹤號鉊丞?鉊晤葷鉊丞萼鉊腦...'"
"lib\l10n\app_localizations_th.dart","255","'鉊芹腦鉆葡鉊?鉊晤葷鉊丞萼鉊腦 \""$charName\"" 鉆艇鉆葷!'"
"lib\l10n\app_localizations_th.dart","264","'鉊芹腦鉆葡鉊?鉊晤葷鉊丞萼鉊腦鉆腹鉆葵鉊喪?鉊??鉊? $error'"
"lib\l10n\app_localizations_th.dart","268","'鉊?號鉊艇鉊晤?鉊拈?鉆?鉊丞萼鉆鉊虞鉆葉鉊徇葡'"
"lib\l10n\app_localizations_th.dart","271","'鉊葡鉊??鉊晤?鉊葡鉊??鉊晤?鉊葭鉆艇鉊啤?鉊虞鉆葉鉊徇葡'"
"lib\l10n\app_localizations_th.dart","274","'鉆鉊葭鉆腺鉊抉?鉊晤?鉆鉊?葡'"
"lib\l10n\app_localizations_th.dart","277","'鉊葡鉊??鉊晤?鉊葡鉊??鉊晤?鉊葭'"
"lib\l10n\app_localizations_th.dart","289","'鉊萵鉊艇鉊冢? ID 鉊號鉆?鉊?鉆?鉊Ｒ萵鉊?鉊丞葩鉊?鉊冢腦鉆?鉆艇鉆葷'"
"lib\l10n\app_localizations_th.dart","292","'鉊葡鉊??鉊晤?鉊葡鉊??鉊晤葷鉊丞萼鉊腦'"
"lib\l10n\app_localizations_th.dart","295","'鉊號鉊萵鉊抉艇鉊啤?鉊??鉊菽?鉊號鉊?鉊丞?鉊冢?'"
"lib\l10n\app_localizations_th.dart","298","'鉊?鉊Ｒ?鉊耜腺鉊葷鉊耜腹鉆鉊?鉊葵鉆葷鉊?鉊晤葷'"
"lib\l10n\app_localizations_th.dart","301","'鉊?鉊冢?鉊喪葦鉊?鉆?鉊葡鉊??鉊徇?鉊腦鉊毯?鉊耜腦'"
"lib\l10n\app_localizations_th.dart","304","'鉊冢葉鉊?鉊耜?鉊?萼鉊?'"
"lib\l10n\app_localizations_th.dart","307","'鉊虜鉊?鉆葉鉊?鉊耜腦鉊冢葉鉊?鉊耜?鉊?萼鉊?鉊徇腦鉊獅葉鉆腹鉆?(織;?;`)'"
"lib\l10n\app_localizations_th.dart","310","'鉊萵鉊?鉊?鉊毯?'"
"lib\l10n\app_localizations_th.dart","313","'鉊Ｒ虞鉊腺鉊晤?'"
"lib\l10n\app_localizations_th.dart","316","'鉊?鉊丞?! 鉊萵鉊?鉊啤腦鉊冢?鉊詮?鉊艇鉊晤?鉊﹤葡??織?` )'"
"lib\l10n\app_localizations_th.dart","323","'鉊虜鉊?鉊?鉆?鉊徇腦鉊獅葉鉆腹鉆葷鉆葡鉊?鉊冢?鉊葡鉊?艇鉊?鉊晤?鉊葭鉊葭鉆?鉈毯?'"
"lib\l10n\app_localizations_th.dart","327","'鉊葡鉊??鉊喪?鉊葩鉊?鉊耜腦鉊葭鉆?鉊﹤?鉊芹葡鉊﹤葡鉊??鉊Ｒ?鉊冢?鉊艇鉊晤?鉆?鉆?鉊?鉊冢腹鉊嫩艇鉊萵鉆?鉊徇腹鉊?鉊啤?鉊嫩?鉊丞?鉊冢腺鉆葡鉊?鉊耜葷鉊?'"
"lib\l10n\app_localizations_th.dart","330","'鉆腹鉆?鉊萵鉊?鉊﹤?鉆?鉆?鉆葉鉊?鉊耜腦鉊丞?'"
"lib\l10n\app_localizations_th.dart","333","'鉊Ｒ虞鉊腺鉊晤?'"
"lib\l10n\app_localizations_th.dart","344","'鉆鉊抉葉鉊??鉊萵鉊?鉊冢?: $version'"
"lib\l10n\app_localizations_th.dart","352","'鉊腦鉊詮?鉊耜?鉊?鉆?鉆?鉊??鉊艇鉆?鉊冢?鉊虜鉊?鉊虞鉆葉鉊腦鉊冢?鉊?鉊冢腹鉊嫩艇鉆葦鉆葵鉊﹤?鉊嫩腦鉊?鉊?鉊冢?!'"
"lib\l10n\app_localizations_th.dart","355","'鉆?鉊葭鉆?鉊?鉆?'"
"lib\l10n\app_localizations_th.dart","362","'鉊董鉊丞萵鉊?鉊?鉊萵鉊?$friendName'"
"lib\l10n\app_localizations_th.dart","367","'鉆鉊虞鉆葉鉊徇葡鉊葡鉊??鉊?鉊萵鉊?$friendName'"
"lib\l10n\app_localizations_th.dart","371","'鉊葩鉊﹤?鉆?鉆葉鉊葷鉊耜腹...'"
"lib\l10n\app_localizations_vi.dart","12","'C?i ?廕暗'"
"lib\l10n\app_localizations_vi.dart","18","'Ph廕τ h廙 & G廙ξ 羸'"
"lib\l10n\app_localizations_vi.dart","24","'T廕另 c廕?b廕》 b癡'"
"lib\l10n\app_localizations_vi.dart","27","'B廕》 cha c籀 b廕另 k廙?ng廙 b廕》 n?o.'"
"lib\l10n\app_localizations_vi.dart","30","'Nh璽n v廕負 kh繫ng x獺c ?廙h'"
"lib\l10n\app_localizations_vi.dart","34","'?瓊 x廕ㄊ ra l廙 khi t廕ξ danh s獺ch b廕》 b癡: $error'"
"lib\l10n\app_localizations_vi.dart","38","'D廙 d?ng'"
"lib\l10n\app_localizations_vi.dart","44","'Ho廕﹀ b獺t'"
"lib\l10n\app_localizations_vi.dart","47","'Ngh廙h ng廙σ'"
"lib\l10n\app_localizations_vi.dart","50","'Ti廙 th'"
"lib\l10n\app_localizations_vi.dart","56","'Gia ?穫nh gi?u c籀'"
"lib\l10n\app_localizations_vi.dart","59","'T穩nh to獺n'"
"lib\l10n\app_localizations_vi.dart","62","'Chi廕禦 h廙真'"
"lib\l10n\app_localizations_vi.dart","65","'Hoang t廙g'"
"lib\l10n\app_localizations_vi.dart","68","'Ki礙n tr穫'"
"lib\l10n\app_localizations_vi.dart","71","'Ch繳'"
"lib\l10n\app_localizations_vi.dart","74","'D穫'"
"lib\l10n\app_localizations_vi.dart","77","'Ch廙?h廙'"
"lib\l10n\app_localizations_vi.dart","80","'Em h廙'"
"lib\l10n\app_localizations_vi.dart","83","'?廕雷 trai'"
"lib\l10n\app_localizations_vi.dart","86","'Xinh ?廕雷 l廙g l廕咳'"
"lib\l10n\app_localizations_vi.dart","89","'Tr獺i ng廙θ'"
"lib\l10n\app_localizations_vi.dart","92","'G廙ξ c廕σ'"
"lib\l10n\app_localizations_vi.dart","95","'Ch礙nh l廙h tu廙'"
"lib\l10n\app_localizations_vi.dart","98","'Kh繫ng t穫m th廕句 ng廙 d羅ng'"
"lib\l10n\app_localizations_vi.dart","102","'D廙?li廙 h穫nh 廕τh kh繫ng kh廙, vui l簷ng ch廙 l廕【 h穫nh 廕τh.'"
"lib\l10n\app_localizations_vi.dart","105","'T廕︽ nh璽n v廕負'"
"lib\l10n\app_localizations_vi.dart","109","'Album nh璽n v廕負 (廕τh ?廕吟 ti礙n l? h穫nh ?廕【 di廙 ch穩nh)'"
"lib\l10n\app_localizations_vi.dart","112","'T礙n nh璽n v廕負:*'"
"lib\l10n\app_localizations_vi.dart","115","'M繫 t廕?nh璽n v廕負:'"
"lib\l10n\app_localizations_vi.dart","118","'Tu廙:'"
"lib\l10n\app_localizations_vi.dart","121","'Ngh廙?nghi廙:*'"
"lib\l10n\app_localizations_vi.dart","127","'Gi廙 t穩nh *'"
"lib\l10n\app_localizations_vi.dart","130","'Cha ch廙'"
"lib\l10n\app_localizations_vi.dart","139","'Kh獺c'"
"lib\l10n\app_localizations_vi.dart","142","'Chi廙 cao:(cm)'"
"lib\l10n\app_localizations_vi.dart","145","'M繫 t廕?ngo廕【 h穫nh:'"
"lib\l10n\app_localizations_vi.dart","148","'Th廕?t穩nh c獺ch'"
"lib\l10n\app_localizations_vi.dart","151","'Th廕?t穩nh c獺ch kh獺c...'"
"lib\l10n\app_localizations_vi.dart","154","'Kh獺c'"
"lib\l10n\app_localizations_vi.dart","158","'Nh廙疸g th廙?y礙u th穩ch:(v穩 d廙? b獺nh kem d璽u, m癡o, ng?y ma)'"
"lib\l10n\app_localizations_vi.dart","161","'Nh廙疸g th廙?gh矇t:(v穩 d廙? kh廙?qua, ni 廙 ?o)'"
"lib\l10n\app_localizations_vi.dart","165","'B穩 m廕負 nh廙?kh繫ng ai bi廕篙: (v穩 d廙? th廙帷 ra l? ng廙 m羅 ?廙g)'"
"lib\l10n\app_localizations_vi.dart","168","'C廙?ch廙?v? h?nh ?廙g'"
"lib\l10n\app_localizations_vi.dart","172","'Gi廙g ?i廙 v? phong c獺ch n籀i: (v穩 d廙? l廕》h nh廕﹀ v廙 ng廙 l廕?'"
"lib\l10n\app_localizations_vi.dart","176","'V穩 d廙??廙 tho廕【: (Ng廙 chi: B廕》 th廕負 t廙 b廙叩g! Nh璽n v廕負: ...廙?)'"
"lib\l10n\app_localizations_vi.dart","179","'B廙 c廕τh nh璽n v廕負:'"
"lib\l10n\app_localizations_vi.dart","183","'Nh廕計 c璽u chuy廙 n廙 c廙吧 nh璽n v廕負 (t廙 ?a 2500 t廙?'"
"lib\l10n\app_localizations_vi.dart","186","'Kh廙 ?廕吟 c廙 truy廙:'"
"lib\l10n\app_localizations_vi.dart","190","'Nh廕計 c廙 truy廙 c廙吧 nh璽n v廕負 (t廙 ?a 2500 t廙?'"
"lib\l10n\app_localizations_vi.dart","194","'T籀m t廕眩 c璽u chuy廙 (t廙 ?a 50 t廙? s廕?hi廙 th廙?tr礙n th廕?g廕搆 g廙?'"
"lib\l10n\app_localizations_vi.dart","197","'Th繫ng tin b廙?sung v廙?nh璽n v廕負:'"
"lib\l10n\app_localizations_vi.dart","200","'Nh廕計 n廙 dung b廙?sung...'"
"lib\l10n\app_localizations_vi.dart","203","'C繫ng khai cho ng廙 chi kh獺c chi ch廙?'"
"lib\l10n\app_localizations_vi.dart","206","'C籀'"
"lib\l10n\app_localizations_vi.dart","209","'Kh繫ng'"
"lib\l10n\app_localizations_vi.dart","212","'T廕︽'"
"lib\l10n\app_localizations_vi.dart","218","'H廙囤'"
"lib\l10n\app_localizations_vi.dart","221","'B廕》 s廕?tho獺t kh廙 m?n h穫nh t廕︽ nh璽n v廕負'"
"lib\l10n\app_localizations_vi.dart","224","'C籀 c廕吵 lu th?nh b廕τ nh獺p kh繫ng?'"
"lib\l10n\app_localizations_vi.dart","227","'C籀'"
"lib\l10n\app_localizations_vi.dart","230","'Kh繫ng'"
"lib\l10n\app_localizations_vi.dart","233","'Ch廙h s廙苔 n廙 dung b廙?sung'"
"lib\l10n\app_localizations_vi.dart","237","'Vui l簷ng ?i廙 t礙n nh璽n v廕負 v? t廕ξ l礙n 穩t nh廕另 m廙 h穫nh ?廕【 di廙!'"
"lib\l10n\app_localizations_vi.dart","243","'?ang t廕ξ l礙n h穫nh 廕τh...'"
"lib\l10n\app_localizations_vi.dart","246","'Ch廙?c籀 th廙?t廕ξ l礙n t廙 ?a 10 h穫nh 廕τh.'"
"lib\l10n\app_localizations_vi.dart","249","'?ang x廙?l羸 h穫nh 廕τh...'"
"lib\l10n\app_localizations_vi.dart","252","'?ang lu d廙?li廙 nh璽n v廕負...'"
"lib\l10n\app_localizations_vi.dart","256","'?瓊 t廕︽ nh璽n v廕負 \""$charName\""!'"
"lib\l10n\app_localizations_vi.dart","261","'T廕︽ nh璽n v廕負 th廕另 b廕【: T廕ξ l礙n h穫nh 廕τh qu獺 th廙 gian, vui l簷ng ki廙 tra k廕篙 n廙 internet c廙吧 b廕》.'"
"lib\l10n\app_localizations_vi.dart","265","'T廕︽ nh璽n v廕負 th廕另 b廕【: $error'"
"lib\l10n\app_localizations_vi.dart","269","'Giao di廙 & N廙 dung'"
"lib\l10n\app_localizations_vi.dart","272","'Qu廕τ l羸 T?i kho廕τ & N廙 dung'"
"lib\l10n\app_localizations_vi.dart","275","'V廙?ch繳ng t繫i'"
"lib\l10n\app_localizations_vi.dart","278","'Qu廕τ l羸 t?i kho廕τ'"
"lib\l10n\app_localizations_vi.dart","287","'Kh繫ng x獺c ?廙h'"
"lib\l10n\app_localizations_vi.dart","290","'ID ng廙 d羅ng ?瓊 ?廙θ sao ch矇p v?o khay nh廙?t廕《'"
"lib\l10n\app_localizations_vi.dart","293","'Qu廕τ l羸 nh璽n v廕負'"
"lib\l10n\app_localizations_vi.dart","296","'Xem c獺c nh璽n v廕負 ?瓊 b廙?ch廕搖'"
"lib\l10n\app_localizations_vi.dart","299","'Ch穩nh s獺ch b廕υ m廕負'"
"lib\l10n\app_localizations_vi.dart","305","'??ng xu廕另'"
"lib\l10n\app_localizations_vi.dart","308","'B廕》 c籀 mu廙 ??ng xu廕另 kh繫ng?(織;?;`)'"
"lib\l10n\app_localizations_vi.dart","311","'T繫i b廕叮 nh廕吮'"
"lib\l10n\app_localizations_vi.dart","314","'X獺c nh廕要'"
"lib\l10n\app_localizations_vi.dart","318","'?廙θ r廙! T繫i s廕??廙ξ b廕》 quay l廕【??織?` )'"
"lib\l10n\app_localizations_vi.dart","321","'X籀a t?i kho廕τ'"
"lib\l10n\app_localizations_vi.dart","325","'B廕》 c籀 ch廕畚 ch廕疸 mu廙 x籀a t?i kho廕τ n?y kh繫ng?鉈毯?'"
"lib\l10n\app_localizations_vi.dart","329","'Thao t獺c n?y kh繫ng th廙?ho?n t獺c, t廕另 c廕?d廙?li廙 s廕?b廙?x籀a v藺nh vi廙!'"
"lib\l10n\app_localizations_vi.dart","332","'Kh繫ng, t繫i kh繫ng mu廙 x籀a'"
"lib\l10n\app_localizations_vi.dart","335","'X獺c nh廕要'"
"lib\l10n\app_localizations_vi.dart","339","'T?i kho廕τ ?瓊 ?廙θ x籀a th?nh c繫ng.'"
"lib\l10n\app_localizations_vi.dart","343","'C獺c nh璽n v廕負 v? b廙 c廕τh trong tr簷 chi ?廙 l? h c廕只, vui l簷ng kh繫ng 獺p d廙叩g v?o ?廙 th廙帷! N廕簑 c籀 ?i廙 tng ?廙g, ?籀 ch廙?l? s廙?tr羅ng h廙φ ng廕哎 nhi礙n.'"
"lib\l10n\app_localizations_vi.dart","347","'Phi礙n b廕τ 廙姊g d廙叩g: $version'"
"lib\l10n\app_localizations_vi.dart","351","'G廙ξ 羸'"
"lib\l10n\app_localizations_vi.dart","355","'Vui l簷ng ch廙h s廙苔 h廙?s c廙吧 b廕》 ?廙?ho?n thi廙 th繫ng tin tr廙 nh矇!'"
"lib\l10n\app_localizations_vi.dart","358","'?廕積 ch廙h s廙苔'"
"lib\l10n\app_localizations_vi.dart","361","'?廙?sau'"
"lib\l10n\app_localizations_vi.dart","365","'Tr簷 chuy廙 v廙 $friendName'"
"lib\l10n\app_localizations_vi.dart","370","'N廙 dung tr簷 chuy廙 v廙 $friendName'"
"lib\l10n\app_localizations_vi.dart","374","'Nh廕計 tin nh廕疸...'"
"lib\l10n\app_localizations_zh.dart","12","'閮剖?'"
"lib\l10n\app_localizations_zh.dart","15","'?湔?銝駁?憿'"
"lib\l10n\app_localizations_zh.dart","18","'??撱箄降'"
"lib\l10n\app_localizations_zh.dart","21","'?湔?隤?'"
"lib\l10n\app_localizations_zh.dart","30","'?芰閫'"
"lib\l10n\app_localizations_zh.dart","34","'頛憟賢??”??隤? $error'"
"lib\l10n\app_localizations_zh.dart","38","'皞急?'"
"lib\l10n\app_localizations_zh.dart","44","'瘣餅?'"
"lib\l10n\app_localizations_zh.dart","47","'隤輻'"
"lib\l10n\app_localizations_zh.dart","53","'撠'"
"lib\l10n\app_localizations_zh.dart","56","'鞊芷?'"
"lib\l10n\app_localizations_zh.dart","59","'?曉?擛亥?'"
"lib\l10n\app_localizations_zh.dart","62","'雿?'"
"lib\l10n\app_localizations_zh.dart","68","'?瑁?'"
"lib\l10n\app_localizations_zh.dart","71","'憭批?'"
"lib\l10n\app_localizations_zh.dart","74","'?踹夾'"
"lib\l10n\app_localizations_zh.dart","77","'摮詨?'"
"lib\l10n\app_localizations_zh.dart","80","'摮詨?'"
"lib\l10n\app_localizations_zh.dart","86","'蝢?犖'"
"lib\l10n\app_localizations_zh.dart","89","'?榆'"
"lib\l10n\app_localizations_zh.dart","104","'?萄遣閫'"
"lib\l10n\app_localizations_zh.dart","107","'閫?詨? (蝚砌?撘萇銝餉??剖?)'"
"lib\l10n\app_localizations_zh.dart","110","'閫?迂:*'"
"lib\l10n\app_localizations_zh.dart","113","'閫?膩:'"
"lib\l10n\app_localizations_zh.dart","116","'撟湧翩:'"
"lib\l10n\app_localizations_zh.dart","119","'?瑟平:*'"
"lib\l10n\app_localizations_zh.dart","125","'?批 *'"
"lib\l10n\app_localizations_zh.dart","137","'?嗡?'"
"lib\l10n\app_localizations_zh.dart","140","'頨恍?:(cm)'"
"lib\l10n\app_localizations_zh.dart","143","'憭?敶Ｗ捆:'"
"lib\l10n\app_localizations_zh.dart","149","'?嗡??扳?蝐?..'"
"lib\l10n\app_localizations_zh.dart","152","'?嗡?'"
"lib\l10n\app_localizations_zh.dart","155","'?迭?镼?(靘?嚗???蝟??芥憭?'"
"lib\l10n\app_localizations_zh.dart","158","'閮?镼?(靘?嚗?擛抒??唳)'"
"lib\l10n\app_localizations_zh.dart","161","'銝鈭箇??蝘?: (靘?嚗撖行?楝??'"
"lib\l10n\app_localizations_zh.dart","167","'隤芾店隤除?◢?? (靘?嚗???鈭箏瘛?'"
"lib\l10n\app_localizations_zh.dart","170","'撠店蝭?: (?拙振嚗??末嚗?閫嚗?..??'"
"lib\l10n\app_localizations_zh.dart","173","'閫?:'"
"lib\l10n\app_localizations_zh.dart","176","'頛詨閫???舀?鈭?(?憭?2500 摮?'"
"lib\l10n\app_localizations_zh.dart","182","'頛詨閫????(?憭?2500 摮?'"
"lib\l10n\app_localizations_zh.dart","185","'??蝪∩? (?憭?50 摮??＊蝷箏???)'"
"lib\l10n\app_localizations_zh.dart","188","'閫?嗡?鋆?:'"
"lib\l10n\app_localizations_zh.dart","191","'頛詨鋆??批捆...'"
"lib\l10n\app_localizations_zh.dart","203","'?萄遣'"
"lib\l10n\app_localizations_zh.dart","206","'?脣?'"
"lib\l10n\app_localizations_zh.dart","215","'?閬摮?阮??'"
"lib\l10n\app_localizations_zh.dart","224","'蝺刻摩鋆??批捆'"
"lib\l10n\app_localizations_zh.dart","227","'隢‵撖怨??脣?蝔曹蒂?喳?銝銝撘菟??'"
"lib\l10n\app_localizations_zh.dart","230","'?脣?銝?..'"
"lib\l10n\app_localizations_zh.dart","233","'甇?銝??...'"
"lib\l10n\app_localizations_zh.dart","239","'甇?????...'"
"lib\l10n\app_localizations_zh.dart","242","'甇??脣?閫鞈?...'"
"lib\l10n\app_localizations_zh.dart","246","'閫 \""$charName\"" 撌脣撱綽?'"
"lib\l10n\app_localizations_zh.dart","254","'?萄遣閫憭望?嚗?error'"
"lib\l10n\app_localizations_zh.dart","267","'撣唾?蝞∠?'"
"lib\l10n\app_localizations_zh.dart","276","'?芰'"
"lib\l10n\app_localizations_zh.dart","282","'閫蝞∠?'"
"lib\l10n\app_localizations_zh.dart","285","'?亦?撌脣???閫'"
"lib\l10n\app_localizations_zh.dart","288","'?梁?璇狡'"
"lib\l10n\app_localizations_zh.dart","291","'??璇狡'"
"lib\l10n\app_localizations_zh.dart","294","'?餃撣唾?'"
"lib\l10n\app_localizations_zh.dart","297","'雿??餃鈭??(織;?;`)'"
"lib\l10n\app_localizations_zh.dart","300","'???臭?'"
"lib\l10n\app_localizations_zh.dart","303","'蝣箄?'"
"lib\l10n\app_localizations_zh.dart","306","'憟賜?!???蝑?????織?` )'"
"lib\l10n\app_localizations_zh.dart","309","'?芷撣唾?'"
"lib\l10n\app_localizations_zh.dart","312","'雿Ⅱ摰??芣??董??鉈毯?'"
"lib\l10n\app_localizations_zh.dart","318","'瘝?,?????芣?'"
"lib\l10n\app_localizations_zh.dart","321","'蝣箏?'"
"lib\l10n\app_localizations_zh.dart","327","'?鋆⊿???脰??湔???,隢撣嗅?曉祕!憒??瑕?,蝝惇撌批?'"
"lib\l10n\app_localizations_zh.dart","335","'?內'"
"lib\l10n\app_localizations_zh.dart","341","'??蝺刻摩'"
"lib\l10n\app_localizations_zh.dart","344","'蝔?'"
"lib\l10n\app_localizations_zh.dart","348","'??$friendName ?予'"
"lib\l10n\app_localizations_zh.dart","357","'頛詨閮...'"
"lib\l10n\app_localizations_zh.dart","365","'霈曉?'"
"lib\l10n\app_localizations_zh.dart","368","'?湔銝駁?憸'"
"lib\l10n\app_localizations_zh.dart","371","'??撱箄悅'"
"lib\l10n\app_localizations_zh.dart","374","'?湔霂剛?'"
"lib\l10n\app_localizations_zh.dart","383","'?芰閫'"
"lib\l10n\app_localizations_zh.dart","387","'?蝸憟賢??”?嗅???霂? $error'"
"lib\l10n\app_localizations_zh.dart","391","'皜拇?'"
"lib\l10n\app_localizations_zh.dart","397","'瘣餅頃'"
"lib\l10n\app_localizations_zh.dart","400","'靚'"
"lib\l10n\app_localizations_zh.dart","406","'撠'"
"lib\l10n\app_localizations_zh.dart","409","'鞊芷'"
"lib\l10n\app_localizations_zh.dart","412","'?曉???'"
"lib\l10n\app_localizations_zh.dart","421","'?抒?'"
"lib\l10n\app_localizations_zh.dart","424","'憭批?'"
"lib\l10n\app_localizations_zh.dart","427","'?踹夾'"
"lib\l10n\app_localizations_zh.dart","430","'摮血?'"
"lib\l10n\app_localizations_zh.dart","433","'摮血?'"
"lib\l10n\app_localizations_zh.dart","439","'蝢?其犖'"
"lib\l10n\app_localizations_zh.dart","442","'?榆'"
"lib\l10n\app_localizations_zh.dart","457","'?遣閫'"
"lib\l10n\app_localizations_zh.dart","460","'閫?詨? (蝚砌?撘蛹銝餉?憭游?)'"
"lib\l10n\app_localizations_zh.dart","463","'閫?妍:*'"
"lib\l10n\app_localizations_zh.dart","466","'閫?膩:'"
"lib\l10n\app_localizations_zh.dart","469","'撟湧?:'"
"lib\l10n\app_localizations_zh.dart","478","'?批 *'"
"lib\l10n\app_localizations_zh.dart","481","'?芷'"
"lib\l10n\app_localizations_zh.dart","490","'?嗡?'"
"lib\l10n\app_localizations_zh.dart","493","'頨恍?:(cm)'"
"lib\l10n\app_localizations_zh.dart","496","'憭?敶Ｗ捆:'"
"lib\l10n\app_localizations_zh.dart","502","'?嗡?銝芣扳?蝑?..'"
"lib\l10n\app_localizations_zh.dart","505","'?嗡?'"
"lib\l10n\app_localizations_zh.dart","508","'?洽??镼?(靘?嚗???蝟?芥憭?'"
"lib\l10n\app_localizations_zh.dart","511","'霈典???镼?(靘?嚗??寧??唳)'"
"lib\l10n\app_localizations_zh.dart","514","'銝蛹鈭箇??蝘?: (靘?嚗摰銝芾楝??'"
"lib\l10n\app_localizations_zh.dart","520","'霂渲?霂剜?銝??? (靘?嚗笆??鈭箏瘛?'"
"lib\l10n\app_localizations_zh.dart","523","'撖寡???: (?拙振嚗??末嚗?閫嚗?..??'"
"lib\l10n\app_localizations_zh.dart","526","'閫?:'"
"lib\l10n\app_localizations_zh.dart","529","'颲閫???舀?鈭?(?憭?2500 摮?'"
"lib\l10n\app_localizations_zh.dart","532","'?扳?撘憭?'"
"lib\l10n\app_localizations_zh.dart","535","'颲閫???(?憭?2500 摮?'"
"lib\l10n\app_localizations_zh.dart","538","'??蝞隞?(?憭?50 摮?隡蝷箏???)'"
"lib\l10n\app_localizations_zh.dart","541","'閫?嗡?銵亙?:'"
"lib\l10n\app_localizations_zh.dart","544","'颲銵亙??捆...'"
"lib\l10n\app_localizations_zh.dart","556","'?遣'"
"lib\l10n\app_localizations_zh.dart","559","'?典?'"
"lib\l10n\app_localizations_zh.dart","568","'?閬摮蛹?阮??'"
"lib\l10n\app_localizations_zh.dart","577","'蝻?銵亙??捆'"
"lib\l10n\app_localizations_zh.dart","580","'霂瑕‵???脣?蝘啣僎?喳?銝?銝撘仍??'"
"lib\l10n\app_localizations_zh.dart","583","'?典?銝?..'"
"lib\l10n\app_localizations_zh.dart","586","'甇?銝??曄?...'"
"lib\l10n\app_localizations_zh.dart","592","'甇?憭??曄?...'"
"lib\l10n\app_localizations_zh.dart","595","'甇??典?閫?唳...'"
"lib\l10n\app_localizations_zh.dart","599","'閫 \""$charName\"" 撌脣?撱綽?'"
"lib\l10n\app_localizations_zh.dart","607","'?遣閫憭梯揖嚗?error'"
"lib\l10n\app_localizations_zh.dart","617","'?喃??賑'"
"lib\l10n\app_localizations_zh.dart","620","'撣蝞∠?'"
"lib\l10n\app_localizations_zh.dart","629","'?芰'"
"lib\l10n\app_localizations_zh.dart","635","'閫蝞∠?'"
"lib\l10n\app_localizations_zh.dart","638","'?亦?撌脣???閫'"
"lib\l10n\app_localizations_zh.dart","641","'???⊥狡'"
"lib\l10n\app_localizations_zh.dart","644","'??⊥狡'"
"lib\l10n\app_localizations_zh.dart","647","'?餃撣'"
"lib\l10n\app_localizations_zh.dart","650","'雿??餃鈭??(織;?;`)'"
"lib\l10n\app_localizations_zh.dart","656","'蝖株恕'"
"lib\l10n\app_localizations_zh.dart","659","'憟賜?!???蝑????織?` )'"
"lib\l10n\app_localizations_zh.dart","662","'?撣'"
"lib\l10n\app_localizations_zh.dart","665","'雿＆摰???餈葵撣?鉈毯?'"
"lib\l10n\app_localizations_zh.dart","671","'瘝⊥?,?瓷????'"
"lib\l10n\app_localizations_zh.dart","674","'蝖桀?'"
"lib\l10n\app_localizations_zh.dart","680","'皜豢?????脖??箸?蛹??,霂瑕撣血?啣?!憒??瑕?,蝥臬?撌批?'"
"lib\l10n\app_localizations_zh.dart","688","'?內'"
"lib\l10n\app_localizations_zh.dart","694","'??蝻?'"
"lib\l10n\app_localizations_zh.dart","697","'蝔?'"
"lib\l10n\app_localizations_zh.dart","701","'銝?$friendName ?予'"
"lib\l10n\app_localizations_zh.dart","710","'颲霈舀...'"
"lib\l10n\app_localizations_zh.dart","718","'閮剖?'"
"lib\l10n\app_localizations_zh.dart","721","'?湔?銝駁?憿'"
"lib\l10n\app_localizations_zh.dart","724","'??撱箄降'"
"lib\l10n\app_localizations_zh.dart","727","'?湔?隤?'"
"lib\l10n\app_localizations_zh.dart","736","'?芰閫'"
"lib\l10n\app_localizations_zh.dart","740","'頛憟賢??”??隤? $error'"
"lib\l10n\app_localizations_zh.dart","744","'皞急?'"
"lib\l10n\app_localizations_zh.dart","750","'瘣餅?'"
"lib\l10n\app_localizations_zh.dart","753","'隤輻'"
"lib\l10n\app_localizations_zh.dart","759","'撠'"
"lib\l10n\app_localizations_zh.dart","762","'鞊芷?'"
"lib\l10n\app_localizations_zh.dart","765","'?曉?擛亥?'"
"lib\l10n\app_localizations_zh.dart","768","'雿?'"
"lib\l10n\app_localizations_zh.dart","774","'?瑁?'"
"lib\l10n\app_localizations_zh.dart","777","'憭批?'"
"lib\l10n\app_localizations_zh.dart","780","'?踹夾'"
"lib\l10n\app_localizations_zh.dart","783","'摮詨?'"
"lib\l10n\app_localizations_zh.dart","786","'摮詨?'"
"lib\l10n\app_localizations_zh.dart","792","'蝢?犖'"
"lib\l10n\app_localizations_zh.dart","795","'?榆'"
"lib\l10n\app_localizations_zh.dart","810","'?萄遣閫'"
"lib\l10n\app_localizations_zh.dart","813","'閫?詨? (蝚砌?撘萇銝餉??剖?)'"
"lib\l10n\app_localizations_zh.dart","816","'閫?迂:*'"
"lib\l10n\app_localizations_zh.dart","819","'閫?膩:'"
"lib\l10n\app_localizations_zh.dart","822","'撟湧翩:'"
"lib\l10n\app_localizations_zh.dart","825","'?瑟平:*'"
"lib\l10n\app_localizations_zh.dart","831","'?批 *'"
"lib\l10n\app_localizations_zh.dart","843","'?嗡?'"
"lib\l10n\app_localizations_zh.dart","846","'頨恍?:(cm)'"
"lib\l10n\app_localizations_zh.dart","849","'憭?敶Ｗ捆:'"
"lib\l10n\app_localizations_zh.dart","855","'?嗡??扳?蝐?..'"
"lib\l10n\app_localizations_zh.dart","858","'?嗡?'"
"lib\l10n\app_localizations_zh.dart","861","'?迭?镼?(靘?嚗???蝟??芥憭?'"
"lib\l10n\app_localizations_zh.dart","864","'閮?镼?(靘?嚗?擛抒??唳)'"
"lib\l10n\app_localizations_zh.dart","867","'銝鈭箇??蝘?: (靘?嚗撖行?楝??'"
"lib\l10n\app_localizations_zh.dart","873","'隤芾店隤除?◢?? (靘?嚗???鈭箏瘛?'"
"lib\l10n\app_localizations_zh.dart","876","'撠店蝭?: (?拙振嚗??末嚗?閫嚗?..??'"
"lib\l10n\app_localizations_zh.dart","879","'閫?:'"
"lib\l10n\app_localizations_zh.dart","882","'頛詨閫???舀?鈭?(?憭?2500 摮?'"
"lib\l10n\app_localizations_zh.dart","888","'頛詨閫????(?憭?2500 摮?'"
"lib\l10n\app_localizations_zh.dart","891","'??蝪∩? (?憭?50 摮??＊蝷箏???)'"
"lib\l10n\app_localizations_zh.dart","894","'閫?嗡?鋆?:'"
"lib\l10n\app_localizations_zh.dart","897","'頛詨鋆??批捆...'"
"lib\l10n\app_localizations_zh.dart","909","'?萄遣'"
"lib\l10n\app_localizations_zh.dart","912","'?脣?'"
"lib\l10n\app_localizations_zh.dart","921","'?閬摮?阮??'"
"lib\l10n\app_localizations_zh.dart","930","'蝺刻摩鋆??批捆'"
"lib\l10n\app_localizations_zh.dart","933","'隢‵撖怨??脣?蝔曹蒂?喳?銝銝撘菟??'"
"lib\l10n\app_localizations_zh.dart","936","'?脣?銝?..'"
"lib\l10n\app_localizations_zh.dart","939","'甇?銝??...'"
"lib\l10n\app_localizations_zh.dart","945","'甇?????...'"
"lib\l10n\app_localizations_zh.dart","948","'甇??脣?閫鞈?...'"
"lib\l10n\app_localizations_zh.dart","952","'閫 \""$charName\"" 撌脣撱綽?'"
"lib\l10n\app_localizations_zh.dart","960","'?萄遣閫憭望?嚗?error'"
"lib\l10n\app_localizations_zh.dart","973","'撣唾?蝞∠?'"
"lib\l10n\app_localizations_zh.dart","982","'?芰'"
"lib\l10n\app_localizations_zh.dart","988","'閫蝞∠?'"
"lib\l10n\app_localizations_zh.dart","991","'?亦?撌脣???閫'"
"lib\l10n\app_localizations_zh.dart","994","'?梁?璇狡'"
"lib\l10n\app_localizations_zh.dart","997","'??璇狡'"
"lib\l10n\app_localizations_zh.dart","1000","'?餃撣唾?'"
"lib\l10n\app_localizations_zh.dart","1003","'雿??餃鈭??(織;?;`)'"
"lib\l10n\app_localizations_zh.dart","1006","'???臭?'"
"lib\l10n\app_localizations_zh.dart","1009","'蝣箄?'"
"lib\l10n\app_localizations_zh.dart","1012","'憟賜?!???蝑?????織?` )'"
"lib\l10n\app_localizations_zh.dart","1015","'?芷撣唾?'"
"lib\l10n\app_localizations_zh.dart","1018","'雿Ⅱ摰??芣??董??鉈毯?'"
"lib\l10n\app_localizations_zh.dart","1024","'瘝?,?????芣?'"
"lib\l10n\app_localizations_zh.dart","1027","'蝣箏?'"
"lib\l10n\app_localizations_zh.dart","1033","'?鋆⊿???脰??湔???,隢撣嗅?曉祕!憒??瑕?,蝝惇撌批?'"
"lib\l10n\app_localizations_zh.dart","1041","'?內'"
"lib\l10n\app_localizations_zh.dart","1047","'??蝺刻摩'"
"lib\l10n\app_localizations_zh.dart","1050","'蝔?'"
"lib\l10n\app_localizations_zh.dart","1054","'??$friendName ?予'"
"lib\l10n\app_localizations_zh.dart","1063","'頛詨閮...'"
"lib\models\comment_model.dart","51","'蟡??拙振'"
"lib\models\moment_model.dart","71","'?????嚗?? : '"
"lib\models\moment_model.dart","79","""? ???靽∪歇撖嚗隞嗡犖嚗?createdBy"""
"lib\models\moment_model.dart","81","""??璅∪??批?靽∪仃?? $e"""
"lib\page\admin_announcement_page.dart","60","""瑼Ｘ?啣?仃?? $e"""
"lib\page\admin_announcement_page.dart","183","'????隢?閬????圈??ｇ?銋?閬?銴??n\n'"
"lib\page\admin_announcement_page.dart","194","'??鋆遣'"
"lib\page\admin_announcement_page.dart","225","'???曉???撠揣撘?撱箏???'"
"lib\page\admin_announcement_page.dart","240","'鋆遣摰?'"
"lib\page\admin_announcement_page.dart","244","'???祇?鞎潭?嚗?scannedCount 蝭n'"
"lib\page\admin_announcement_page.dart","245","'?湔??蝝Ｗ?嚗?updatedCount 蝭n'"
"lib\page\admin_announcement_page.dart","257","'???曉???撠揣撘?撱箏仃??${error.code}'"
"lib\page\admin_announcement_page.dart","266","'??蝝Ｗ?鋆遣憭望?'"
"lib\page\admin_announcement_page.dart","270","'???曉???撠揣撘?撱箇??仿隤歹?$error'"
"lib\page\admin_announcement_page.dart","277","'??蝝Ｗ?鋆遣憭望?嚗?error'"
"lib\page\admin_announcement_page.dart","358","'?? ?曆??啣雿?蝔梧?$creatorUid'"
"lib\page\admin_announcement_page.dart","376","'???湔閫 ${characterDoc.id} 憭望?嚗?e'"
"lib\page\admin_announcement_page.dart","392","'???萎???蝔勗?甇亙???'"
"lib\page\admin_announcement_page.dart","398","'???郊?萎???蝔勗仃??$e'"
"lib\page\admin_announcement_page.dart","405","'?郊憭望?嚗?e'"
"lib\page\admin_announcement_page.dart","448","'???砍???撌脩撣?'"
"lib\page\admin_announcement_page.dart","459","'???澆?憭望?: $e'"
"lib\page\admin_announcement_page.dart","491","'??Voice Bank ?郊??嚗?data'"
"lib\page\admin_announcement_page.dart","503","'========== uploadVoiceBank 憭望? =========='"
"lib\page\admin_announcement_page.dart","516","'Voice Bank ?郊憭望?'"
"lib\page\admin_announcement_page.dart","521","'Voice Bank ?郊?芰?航炊嚗?e'"
"lib\page\admin_announcement_page.dart","531","'Voice Bank ?郊憭望?嚗?e'"
"lib\page\admin_announcement_page.dart","566","'???拙振瑼Ｚ?/撱箄降'"
"lib\page\admin_announcement_page.dart","573","'?拙振?批捆嚗?originalContent'"
"lib\page\admin_announcement_page.dart","584","'???批捆'"
"lib\page\admin_announcement_page.dart","585","'頛詨???批捆...'"
"lib\page\admin_announcement_page.dart","594","'鋆??梯暺嚗憛恬?'"
"lib\page\admin_announcement_page.dart","595","'銝???征嚗?憒?5'"
"lib\page\admin_announcement_page.dart","635","'隢?頛詨???批捆'"
"lib\page\admin_announcement_page.dart","656","'?梯暺隢撓?交迤?湔'"
"lib\page\admin_announcement_page.dart","683","'蝣箄???'"
"lib\page\admin_announcement_page.dart","763","'摰Ｘ??? ??'"
"lib\page\admin_announcement_page.dart","805","'摰Ｘ?鋆?'"
"lib\page\admin_announcement_page.dart","807","'摰Ｘ?獢辣鋆?'"
"lib\page\admin_announcement_page.dart","833","'撌脰??蒂鋆? $flowerAmount 暺?? : '"
"lib\page\admin_announcement_page.dart","840","'????摰Ｘ?獢辣憭望?嚗?e'"
"lib\page\admin_announcement_page.dart","851","'??憭望?嚗?蝔??岫'"
"lib\page\admin_announcement_page.dart","885","'???蝧餉陌'"
"lib\page\admin_announcement_page.dart","907","'?格?隤?'"
"lib\page\admin_announcement_page.dart","952","'蝧餉陌?郊銝?..'"
"lib\page\admin_announcement_page.dart","952","'?郊???蝧餉陌'"
"lib\page\admin_announcement_page.dart","990","'皞???蝧餉陌...'"
"lib\page\admin_announcement_page.dart","1017","'?郊???蝧餉陌憭望?嚗?error'"
"lib\page\admin_announcement_page.dart","1026","'?郊憭望?嚗?error'"
"lib\page\admin_announcement_page.dart","1032","'蝧餉陌?郊憭望?嚗?error'"
"lib\page\admin_announcement_page.dart","1148","'??霈?暑?旨?拙仃??'"
"lib\page\admin_announcement_page.dart","1161","'??霈?暑?旨?拍?隤歹?$error'"
"lib\page\admin_announcement_page.dart","1207","'隢撓?亙神蝯衣摰嗥?瘣餃?隤芣?'"
"lib\page\admin_announcement_page.dart","1227","'蝯???敹??????'"
"lib\page\admin_announcement_page.dart","1237","'?澆?瘣餃?蝳桃'"
"lib\page\admin_announcement_page.dart","1239","'瘣餃?嚗?title\n'"
"lib\page\admin_announcement_page.dart","1240","'?嚗?rewardAmount ?菔?崤n'"
"lib\page\admin_announcement_page.dart","1241","'??嚗?{_formatRewardDateTime(_rewardStartAt)}\n'"
"lib\page\admin_announcement_page.dart","1242","'蝯?嚗?{_formatRewardDateTime(_rewardEndAt)}\n\n'"
"lib\page\admin_announcement_page.dart","1263","'蝣箄??澆?'"
"lib\page\admin_announcement_page.dart","1323","'?澆?瘣餃?蝳桃憭望?'"
"lib\page\admin_announcement_page.dart","1328","'???澆?瘣餃?蝳桃?潛??航炊嚗?error'"
"lib\page\admin_announcement_page.dart","1339","'?澆?瘣餃?蝳桃憭望?'"
"lib\page\admin_announcement_page.dart","1356","'瘣餃?蝳桃'"
"lib\page\admin_announcement_page.dart","1364","'?迫瘣餃?'"
"lib\page\admin_announcement_page.dart","1366","'蝣箏?閬?甇Ｕ?title??嚗n\n'"
"lib\page\admin_announcement_page.dart","1387","'?迫瘣餃?'"
"lib\page\admin_announcement_page.dart","1420","'?迫瘣餃?憭望?'"
"lib\page\admin_announcement_page.dart","1428","'?迫瘣餃?憭望?嚗?error'"
"lib\page\admin_announcement_page.dart","1468","'?澆?瘣餃?蝳桃'"
"lib\page\admin_announcement_page.dart","1488","'瘣餃?璅?'"
"lib\page\admin_announcement_page.dart","1516","'?梯?賊?'"
"lib\page\admin_announcement_page.dart","1517","'靘?嚗?0'"
"lib\page\admin_announcement_page.dart","1539","'?恣?皜祈岫'"
"lib\page\admin_announcement_page.dart","1582","'蝯???'"
"lib\page\admin_announcement_page.dart","1616","'?澆?銝凌? : '"
"lib\page\admin_announcement_page.dart","1629","'撌脣遣蝡?瘣餃?'"
"lib\page\admin_announcement_page.dart","1637","'??渡?'"
"lib\page\admin_announcement_page.dart","1700","'撠??'"
"lib\page\admin_announcement_page.dart","1733","'瘣餃?蝳桃'"
"lib\page\admin_announcement_page.dart","1793","'??嚗?{_formatRewardDateTime(startAt)}'"
"lib\page\admin_announcement_page.dart","1802","'蝯?嚗?{_formatRewardDateTime(endAt)}'"
"lib\page\admin_announcement_page.dart","1824","'?迫瘣餃?'"
"lib\page\admin_announcement_page.dart","2067","'?? 敺?急??⊥?霈??chat_sessions嚗?{e.code} ${e.message}'"
"lib\page\admin_announcement_page.dart","2070","'?? 敺霈??chat_sessions 憭望?嚗?e'"
"lib\page\admin_announcement_page.dart","2175","'?? 敺霈???亥?望?蝝啣仃??$e'"
"lib\page\admin_announcement_page.dart","2205","'?典予'"
"lib\page\admin_announcement_page.dart","2205","'隞予'"
"lib\page\admin_announcement_page.dart","2286","'霈???蜇閬賢仃??\n${snapshot.error}'"
"lib\page\admin_announcement_page.dart","2300","'??蝮質汗'"
"lib\page\admin_announcement_page.dart","2314","'蝮賜摰嗆'"
"lib\page\admin_announcement_page.dart","2315","'隞?啣??拙振'"
"lib\page\admin_announcement_page.dart","2316","'隞瘣餉??拙振'"
"lib\page\admin_announcement_page.dart","2317","'?桀??祇?閫'"
"lib\page\admin_announcement_page.dart","2318","'隞?啣?閫'"
"lib\page\admin_announcement_page.dart","2319","'敺祟閫'"
"lib\page\admin_announcement_page.dart","2320","'敺??恥??, value: v('"
"lib\page\admin_announcement_page.dart","2321","'隞瘣餉??予摰?, value: v('"
"lib\page\admin_announcement_page.dart","2322","'隞?梯?潭 / 瘨?, value: '"
"lib\page\admin_announcement_page.dart","2323","'???鈭箸'"
"lib\page\admin_announcement_page.dart","2340","'?餈?7 憭抵?憭拙恕瘣餃?'"
"lib\page\admin_announcement_page.dart","2363","'隤踵?賊?'"
"lib\page\admin_announcement_page.dart","2364","'靘? 20嚗?方?頛詨 -20'"
"lib\page\admin_announcement_page.dart","2375","'蝣箄?隤踵'"
"lib\page\admin_announcement_page.dart","2390","'蝞∠?敺鋆'"
"lib\page\admin_announcement_page.dart","2390","'蝞∠?敺??'"
"lib\page\admin_announcement_page.dart","2401","'撌脰???$result 暺?? : '"
"lib\page\admin_announcement_page.dart","2415","'閫???'"
"lib\page\admin_announcement_page.dart","2428","'閫?'"
"lib\page\admin_announcement_page.dart","2428","'蝣箄???'"
"lib\page\admin_announcement_page.dart","2466","'?拙振蝞∠?'"
"lib\page\admin_announcement_page.dart","2475","'?? UID / ?拙振 ID / ?梁迂'"
"lib\page\admin_announcement_page.dart","2488","'霈?摰嗅仃??${snapshot.error}'"
"lib\page\admin_announcement_page.dart","2504","'?曆??啁泵???拙振'"
"lib\page\admin_announcement_page.dart","2537","'ID嚗?playerId'"
"lib\page\admin_announcement_page.dart","2543","'?梯擗?'"
"lib\page\admin_announcement_page.dart","2545","'閮餃???'"
"lib\page\admin_announcement_page.dart","2545","'?芾??? : DateFormat('"
"lib\page\admin_announcement_page.dart","2546","'撣唾????, suspended ? '"
"lib\page\admin_announcement_page.dart","2546","'甇?虜'"
"lib\page\admin_announcement_page.dart","2555","'撖縑'"
"lib\page\admin_announcement_page.dart","2558","'?拙振'"
"lib\page\admin_announcement_page.dart","2560","'隤踵?梯'"
"lib\page\admin_announcement_page.dart","2568","'?拙振'"
"lib\page\admin_announcement_page.dart","2572","'閫???'"
"lib\page\admin_announcement_page.dart","2572","'??璅?'"
"lib\page\admin_announcement_page.dart","2638","'撠?閫嚗?blockedName'"
"lib\page\admin_announcement_page.dart","2648","'?芰?拙振'"
"lib\page\admin_announcement_page.dart","2669","'?芷摰Ｘ?獢辣'"
"lib\page\admin_announcement_page.dart","2676","'?芷'"
"lib\page\admin_announcement_page.dart","2707","'摰Ｘ?獢辣銝剖?'"
"lib\page\admin_announcement_page.dart","2738","'?? UID / 獢辣蝺刻? / 摰Ｘ??批捆'"
"lib\page\admin_announcement_page.dart","2751","'霈?恥??隞嗅仃??${snapshot.error}'"
"lib\page\admin_announcement_page.dart","2797","'?芰?拙振'"
"lib\page\admin_announcement_page.dart","2801","'${cases.length} 隞嗆?隞? : '"
"lib\page\admin_announcement_page.dart","2843","'摰Ｘ?獢辣'"
"lib\page\admin_announcement_page.dart","2843","'獢辣 $caseNo'"
"lib\page\admin_announcement_page.dart","2866","'撌脣?閬?${data['"
"lib\page\admin_announcement_page.dart","2897","'擏?'"
"lib\page\admin_announcement_page.dart","2904","'?芷'"
"lib\page\admin_announcement_page.dart","2929","'?批捆撖拇銝剖?'"
"lib\page\admin_announcement_page.dart","2936","'閫'"
"lib\page\admin_announcement_page.dart","2939","'?犖瑼?'"
"lib\page\admin_announcement_page.dart","2949","'?拙振?犖瑼?'"
"lib\page\admin_announcement_page.dart","2966","'霈??title瑼Ｚ?憭望?'"
"lib\page\admin_announcement_page.dart","2973","'?桀?瘝?$title?賊?獢辣'"
"lib\page\admin_announcement_page.dart","2985","'???${_reportStatusOf(data)} 繚 UID嚗?{_reportOwnerId(data)}'"
"lib\page\admin_announcement_page.dart","3009","'瘣餃?蝳桃'"
"lib\page\admin_announcement_page.dart","3010","'??蝣?/ ?'"
"lib\page\admin_announcement_page.dart","3039","'?瘣餃?璇辣'"
"lib\page\admin_announcement_page.dart","3046","'???拙振'"
"lib\page\admin_announcement_page.dart","3048","'???拙振'"
"lib\page\admin_announcement_page.dart","3049","'??拙振'"
"lib\page\admin_announcement_page.dart","3093","'?豢???'"
"lib\page\admin_announcement_page.dart","3107","'DAU嚗?憭拙恕瘣餃?嚗?, value: '"
"lib\page\admin_announcement_page.dart","3108","'餈?7 憭拇暑頨?憭拙恕'"
"lib\page\admin_announcement_page.dart","3110","'?亙虜璅∪???'"
"lib\page\admin_announcement_page.dart","3111","'??璅∪???'"
"lib\page\admin_announcement_page.dart","3112","'瘝絡璅∪???'"
"lib\page\admin_announcement_page.dart","3114","'?刻 ????頧?'"
"lib\page\admin_announcement_page.dart","3115","'?嗅 / 隞祥?拙振 / ARPPU'"
"lib\page\admin_announcement_page.dart","3145","'蝟餌絞?亙熒'"
"lib\page\admin_announcement_page.dart","3152","'蝟餌絞撌亙'"
"lib\page\admin_announcement_page.dart","3175","'??葫鞈?撠摰?亙'"
"lib\page\admin_announcement_page.dart","3200","'Functions ?航炊'"
"lib\page\admin_announcement_page.dart","3201","'撟喳?????'"
"lib\page\admin_announcement_page.dart","3202","'隞 API ?券?'"
"lib\page\admin_announcement_page.dart","3203","'隞?摯 AI ?'"
"lib\page\admin_announcement_page.dart","3234","'?曉?蝞∠?'"
"lib\page\admin_announcement_page.dart","3272","'蝮質汗'"
"lib\page\admin_announcement_page.dart","3273","'?拙振'"
"lib\page\admin_announcement_page.dart","3274","'摰Ｘ?'"
"lib\page\admin_announcement_page.dart","3275","'?批捆'"
"lib\page\admin_announcement_page.dart","3278","'蝟餌絞'"
"lib\page\admin_announcement_page.dart","3308","'?砍?璅?'"
"lib\page\admin_announcement_page.dart","3314","'?批捆 (?舀??)'"
"lib\page\admin_announcement_page.dart","3318","'???喲??湧?'"
"lib\page\admin_announcement_page.dart","3348","'?豢??桐??拙振嚗閮?憿?靽∩辣?批捆'"
"lib\page\admin_announcement_page.dart","3370","'?祇?閫'"
"lib\page\admin_announcement_page.dart","3374","'蝘犖閫'"
"lib\page\admin_announcement_page.dart","3382","'??閫'"
"lib\page\admin_announcement_page.dart","3395","'??閫'"
"lib\page\admin_announcement_page.dart","3423","'霈??撖抵??脣仃??\n${snapshot.error}'"
"lib\page\admin_announcement_page.dart","3444","'?桀?瘝?敺祟閫'"
"lib\page\admin_announcement_page.dart","3445","'?拙振?閫撖拇敺?憿舐內?券ㄐ'"
"lib\page\admin_announcement_page.dart","3475","'?祟???芰'"
"lib\page\admin_announcement_page.dart","3544","'敺祟'"
"lib\page\admin_announcement_page.dart","3574","'?萎???$creatorName'"
"lib\page\admin_announcement_page.dart","3590","'UID嚗?creatorId'"
"lib\page\admin_announcement_page.dart","3628","'撖拇閫'"
"lib\page\admin_announcement_page.dart","3668","'撖拇??'"
"lib\page\admin_announcement_page.dart","3691","'?文???'"
"lib\page\admin_announcement_page.dart","3724","'霈????脣仃??\n${snapshot.error}'"
"lib\page\admin_announcement_page.dart","3743","'?桀?瘝??祇?閫'"
"lib\page\admin_announcement_page.dart","3744","'?祇?閫銝敺?憿舐內?券ㄐ'"
"lib\page\admin_announcement_page.dart","3803","'?萎???$creatorName'"
"lib\page\admin_announcement_page.dart","3816","'UID嚗?creatorId'"
"lib\page\admin_announcement_page.dart","3846","'閫蝞∠?'"
"lib\page\admin_announcement_page.dart","3852","'閫??name?摰寡矽?湧'"
"lib\page\admin_announcement_page.dart","3894","'頧蝘犖'"
"lib\page\admin_announcement_page.dart","3906","'璅???'"
"lib\page\admin_announcement_page.dart","3934","'?曆??啗??脣雿?UID嚗瘜?撖拇'"
"lib\page\admin_announcement_page.dart","3944","'撖拇??'"
"lib\page\admin_announcement_page.dart","3946","'蝣箏?閬???characterName??撖拇銝血??嚗n\n'"
"lib\page\admin_announcement_page.dart","3966","'蝣箄???'"
"lib\page\admin_announcement_page.dart","4044","'??撖拇閫??憭望?嚗?e'"
"lib\page\admin_announcement_page.dart","4055","'撖拇??憭望?嚗?e'"
"lib\page\admin_announcement_page.dart","4095","'靘?嚗??脫?餈圈?閬?????蝚血?閬??身摰摰寥?隤踵'"
"lib\page\admin_announcement_page.dart","4203","'??????脖耨?孵仃??$e'"
"lib\page\admin_announcement_page.dart","4214","'??耨?孵仃??$e'"
"lib\page\admin_announcement_page.dart","4232","'?文???'"
"lib\page\admin_announcement_page.dart","4268","'隢?憛怠神????'"
"lib\page\admin_announcement_page.dart","4279","'蝣箄??文???'"
"lib\page\admin_announcement_page.dart","4348","'??敺祟閫?文???憭望?嚗?e'"
"lib\page\admin_announcement_page.dart","4359","'?文???憭望?嚗?e'"
"lib\page\admin_announcement_page.dart","4376","'霈??鈭箄??脣仃??\n${snapshot.error}'"
"lib\page\admin_announcement_page.dart","4426","'?桀?瘝?蝘犖閫'"
"lib\page\admin_announcement_page.dart","4427","'?萎???蝘犖閫?＊蝷箏?ㄐ'"
"lib\page\admin_announcement_page.dart","4520","'蝘犖'"
"lib\page\admin_announcement_page.dart","4532","'?萎???$creatorName'"
"lib\page\admin_announcement_page.dart","4545","'UID嚗?ownerUid'"
"lib\page\admin_announcement_page.dart","4575","'閫蝞∠?'"
"lib\page\admin_announcement_page.dart","4606","'?Ｗ儔?祇?'"
"lib\page\admin_announcement_page.dart","4618","'璅???'"
"lib\page\admin_announcement_page.dart","4672","'甇方??脫???createdBy嚗瘜??'"
"lib\page\admin_announcement_page.dart","4695","'撖??脰矽?湧'"
"lib\page\admin_announcement_page.dart","4706","'?萎???UID嚗?creatorId'"
"lib\page\admin_announcement_page.dart","4719","'?閬矽?渡??批捆'"
"lib\page\admin_announcement_page.dart","4728","'撱箄降??閫頧蝘犖'"
"lib\page\admin_announcement_page.dart","4753","'隢‵撖恍?閬矽?渡??批捆'"
"lib\page\admin_announcement_page.dart","4801","'撖矽?湧憭望?'"
"lib\page\admin_announcement_page.dart","4805","'??撖??脰矽?湧憭望?嚗?error'"
"lib\page\admin_announcement_page.dart","4812","'撖矽?湧憭望?嚗?蝔??岫'"
"lib\page\admin_announcement_page.dart","4854","'隢撓?亦摰?UID'"
"lib\page\admin_announcement_page.dart","4880","'?曆??圈??拙振嚗?瑼Ｘ UID'"
"lib\page\admin_announcement_page.dart","4889","'?芾身摰蝔梁??拙振'"
"lib\page\admin_announcement_page.dart","4895","'?亥岷?拙振憭望?'"
"lib\page\admin_announcement_page.dart","4913","'隢??亥岷銝衣Ⅱ隤隞嗡犖'"
"lib\page\admin_announcement_page.dart","4922","'隢‵撖思縑隞嗆?憿??批捆'"
"lib\page\admin_announcement_page.dart","4943","'靽∩辣撌脣?蝯?$recipientName'"
"lib\page\admin_announcement_page.dart","4950","'撖縑憭望?'"
"lib\page\admin_announcement_page.dart","4977","'?嗡辣鈭?UID'"
"lib\page\admin_announcement_page.dart","5011","'???嗡辣鈭綽?$recipientName'"
"lib\page\admin_announcement_page.dart","5019","'靽∩辣璅?'"
"lib\page\admin_announcement_page.dart","5030","'靽∩辣?批捆'"
"lib\page\admin_announcement_page.dart","5054","'撖葉?? : '"
"lib\page\admin_announcement_page.dart","5091","'頧蝘犖閫'"
"lib\page\admin_announcement_page.dart","5093","'蝣箏?閬???characterName???箇?鈭箏?嚗n\n'"
"lib\page\admin_announcement_page.dart","5104","'蝣箄?頧蝘犖'"
"lib\page\admin_announcement_page.dart","5159","'??蝞∠??∟?蝘犖憭望?嚗?e'"
"lib\page\admin_announcement_page.dart","5166","'頧蝘犖憭望?嚗?e'"
"lib\page\admin_announcement_page.dart","5183","'璅???閫'"
"lib\page\admin_announcement_page.dart","5223","'蝣箄?銝'"
"lib\page\admin_announcement_page.dart","5279","'撌脣???characterName??閮?閬蒂銝'"
"lib\page\admin_announcement_page.dart","5283","'??璅???憭望?嚗?e'"
"lib\page\admin_announcement_page.dart","5290","'璅???憭望?嚗?e'"
"lib\page\admin_announcement_page.dart","5315","'?Ｗ儔?祇?閫'"
"lib\page\admin_announcement_page.dart","5317","'蝣箏?閬???characterName?敺拙??嚗n\n'"
"lib\page\admin_announcement_page.dart","5331","'蝣箄??Ｗ儔?祇?'"
"lib\page\admin_announcement_page.dart","5390","'???Ｗ儔?祇?憭望?嚗?e'"
"lib\page\admin_announcement_page.dart","5397","'?Ｗ儔?祇?憭望?嚗?e'"
"lib\page\admin_announcement_page.dart","5415","'璅?蝘犖閫??'"
"lib\page\admin_announcement_page.dart","5420","'蝣箏?閬???characterName??閮????'"
"lib\page\admin_announcement_page.dart","5451","'隢?憛怠神????'"
"lib\page\admin_announcement_page.dart","5462","'蝣箄?璅???'"
"lib\page\admin_announcement_page.dart","5526","'??蝘犖閫璅???憭望?嚗?e'"
"lib\page\admin_announcement_page.dart","5533","'璅???憭望?嚗?e'"
"lib\page\admin_announcement_page.dart","5587","'??????祇?鞎潭?嚗?鞎潭??批捆????蝔梯?銝?'"
"lib\page\admin_announcement_page.dart","5610","'甇?鋆遣??蝝Ｗ?...'"
"lib\page\admin_announcement_page.dart","5671","'?郊?萎???蝔曹葉...'"
"lib\page\admin_announcement_page.dart","5698","'Voice Bank 蝞∠?'"
"lib\page\admin_announcement_page.dart","5731","'?郊銝?..'"
"lib\page\admin_announcement_page.dart","5731","'?郊 Voice Bank'"
"lib\page\admin_announcement_page.dart","5763","'霈??喳澈憭望?嚗?{snapshot.error}'"
"lib\page\admin_announcement_page.dart","5775","'?桀?撠撱箇? Voice Bank'"
"lib\page\admin_announcement_page.dart","5822","""? 瑼Ｚ???梢嚗?{snapshot.error}"""
"lib\page\admin_announcement_page.dart","5824","'頛憭望?嚗n${snapshot.error}'"
"lib\page\admin_announcement_page.dart","5865","'? 閫瑼Ｚ?'"
"lib\page\admin_announcement_page.dart","5871","'閫嚗?characterName'"
"lib\page\admin_announcement_page.dart","5879","'瑼Ｚ???嚗?reason\n鋆?隤芣?嚗?details'"
"lib\page\admin_announcement_page.dart","5881","'瑼Ｚ???嚗?reason'"
"lib\page\admin_announcement_page.dart","5884","'? 撠?閫'"
"lib\page\admin_announcement_page.dart","5887","'閫嚗?{data['"
"lib\page\admin_announcement_page.dart","5890","'? 鞎潭??賊?'"
"lib\page\admin_announcement_page.dart","5893","'? ?予??瑼Ｚ?'"
"lib\page\admin_announcement_page.dart","5896","'??嚗?{data['"
"lib\page\admin_announcement_page.dart","5900","'鋡急炎???荔???{data['"
"lib\page\admin_announcement_page.dart","5927","'?∪擃?摮?}'"
"lib\page\admin_announcement_page.dart","5932","'?芰'"
"lib\page\announcement_page.dart","46","'?砍????亙仃??${snapshot.error}'"
"lib\page\announcement_page.dart","47","'???憭望?嚗?蝔??岫'"
"lib\page\announcement_page.dart","363","'?澆???嚗?{DateFormat('"
"lib\page\announcement_page.dart","403","'???曉?????'"
"lib\page\app_texts.dart","43","'雿輻璇狡'"
"lib\page\app_texts.dart","116","""??渡?"""
"lib\page\app_texts.dart","149","""?頛憭望?"""
"lib\page\app_texts.dart","177","""?頛"""
"lib\page\character_management_page.dart","33","""隢??餃蝟餌絞"""
"lib\page\character_management_page.dart","149","'閫'"
"lib\page\character_management_page.dart","374","'閫?撠?'"
"lib\page\character_management_page.dart","407","'蝣箏?閬圾?文???creatorName??嚗n\n'"
"lib\page\character_management_page.dart","426","'閫?撠?'"
"lib\page\character_management_page.dart","480","'??閫?撠??萎??仃??$e'"
"lib\page\character_management_page.dart","487","'閫?撠?憭望?嚗?蝔??岫'"
"lib\page\character_management_page.dart","514","'閫蝞∠?'"
"lib\page\character_management_page.dart","593","'閫'"
"lib\page\character_management_page.dart","779","'閫'"
"lib\page\creator_follow_list_page.dart","34","'隢??餃'"
"lib\page\creator_follow_list_page.dart","58","'餈質馱???拙振'"
"lib\page\creator_follow_list_page.dart","74","'霈?仃??${snapshot.error}'"
"lib\page\creator_follow_list_page.dart","192","'?芰?拙振'"
"lib\page\creator_follow_list_page.dart","226","'ID嚗?playerId'"
"lib\page\creator_follow_list_page.dart","227","'撠閮剖??拙振 ID'"
"lib\page\creator_follow_list_page.dart","291","'??餈質馱'"
"lib\page\creator_follow_list_page.dart","314","'??餈質馱'"
"lib\page\inbox_page.dart","149","""?? ?喲???嚗?敺鞎潭? $postId"""
"lib\page\inbox_page.dart","161","""?? ?喲???嚗?鈭粹?瘜冽?嚗????航狐"""
"lib\page\interaction_history_page.dart","76","'霈?仃?? ${snapshot.error}'"
"lib\page\theme_selection_page.dart","66","'瘛勗?璅∪?'"
"lib\page\theme_selection_page.dart","143","'?豢?銝駁???, '"
"lib\page\theme_selection_page.dart","206","'?湔?瘞?'"
"lib\page\theme_selection_page.dart","257","'?汗??'"
"lib\page\theme_selection_page.dart","273","'???曉?'"
"lib\page\theme_selection_page.dart","355","'蝺刻摩?犖瑼?'"
"lib\page\theme_selection_page.dart","391","'閫'"
"lib\page\theme_selection_page.dart","393","'?迭'"
"lib\page\theme_selection_page.dart","403","'撌脩偷??, '"
"lib\page\theme_selection_page.dart","404","'隞予撌脩?銝雲頝?, '"
"lib\page\theme_selection_page.dart","417","'敹??亥?'"
"lib\page\theme_selection_page.dart","418","'閮?敹??祇?'"
"lib\page\theme_selection_page.dart","616","'?桀??汗'"
"lib\page\theme_selection_page.dart","616","')}嚗?{_selectedOption.name(context)}'"
"lib\page\theme_selection_page.dart","640","'憟銝駁?'"
"lib\page\theme_selection_page.dart","658","'?Ｗ儔?身'"
"lib\page\theme_selection_page.dart","676","'?雿?撠惇?脣蔗'"
"lib\page\theme_selection_page.dart","697","'蝣箏?'"
"lib\repositories\character_repository.dart","78","'?完 撌脫??方??脣翰??$trimmedId'"
"lib\repositories\character_repository.dart","111","'??雿輻閫敹怠?嚗?trimmedId'"
"lib\repositories\character_repository.dart","152","'? 撌脣翰????莎?$trimmedId'"
"lib\repositories\character_repository.dart","194","'? 撌脣翰??鈭箄??莎?$trimmedId'"
"lib\screens\about_me_page.dart","232","'???賊?'"
"lib\screens\about_us_page.dart","86","'霈???嗅仃?? $e'"
"lib\screens\about_us_page.dart","141","'?芷?憭望?: $e'"
"lib\screens\about_us_page.dart","169","'靽格?憭望?: $e'"
"lib\screens\add_shared_memory_page.dart","81","'?啣??憭望?: $e'"
"lib\screens\all_friends_page.dart","145","""霈?末???仃?? $e"""
"lib\screens\all_friends_page.dart","240","""?郊??仃?? $e"""
"lib\screens\background_settings_page.dart","404","'撠惇?抒?'"
"lib\screens\call_memory_detail_page.dart","66","'\(.*?\)|嚗?*?嚗\[.*?\]|??*???), '"
"lib\screens\call_memory_detail_page.dart","100","""? 雿輻隤敹怠?嚗???澆 Cloud Function"""
"lib\screens\call_memory_detail_page.dart","103","""?? ?澆 Cloud Function ?Ｙ?隤"""
"lib\screens\call_memory_detail_page.dart","120","""Cloud Function 瘝???單?"""
"lib\screens\call_memory_detail_page.dart","132","""?迫??曉憭望?嚗敹賜: $e"""
"lib\screens\call_memory_detail_page.dart","141","""? ?剖?鈭?閫??寞?"""
"lib\screens\call_memory_detail_page.dart","153","'?剜?潛??航炊: $e'"
"lib\screens\call_memory_detail_page.dart","204","""? ?剖?鈭?閫??寞?"""
"lib\screens\call_memory_detail_page.dart","235","""隤??憭望?: ${response.body}"""
"lib\screens\call_memory_detail_page.dart","257","""? ??隤 URL嚗?憪?整tatus: ${data['status']}"""
"lib\screens\call_memory_detail_page.dart","268","""? ?剖?鈭?閫??寞?"""
"lib\screens\call_memory_detail_page.dart","274","""?剜隤?潛??航炊: $e"""
"lib\screens\call_memory_page.dart","24","'$mm/$dd 繚 $hh:$min'"
"lib\screens\call_memory_page.dart","381","""?井 ID: $docId ?店?撌脣?蝘??瑟?"""
"lib\screens\call_memory_page.dart","383","""???瑟?憭望?: $e"""
"lib\screens\call_screen.dart","141","""?? ???瑼Ｘ憭望?嚗?e"""
"lib\screens\call_screen.dart","254","""W矇i"""
"lib\screens\call_screen.dart","257","""?禺陷?賄?"""
"lib\screens\call_screen.dart","258","'Ti廕積g Vi廙'"
"lib\screens\call_screen.dart","258","""A l繫"""
"lib\screens\call_screen.dart","267","""\n?? ??伐???誘??敹??湔?萄?隞乩???澆?嚗n$greeting嚗?+ [${widget.selectedLanguage}甇??] | ?? + [蝜?銝剜?甇??]"""
"lib\screens\call_screen.dart","288",""": widget.character.toneAndStyle?.replaceAll('{{?拙振??}}', '?拙振') ?? """
"lib\screens\call_screen.dart","289",""": widget.character.background?.replaceAll('{{?拙振??}}', '?拙振') ?? """
"lib\screens\call_screen.dart","290",""": widget.character.detailedPersonality?.replaceAll('{{?拙振??}}', '?拙振') ?? """
"lib\screens\call_screen.dart","340","'([^嚗???嚗n]+[嚗???嚗n])'"
"lib\screens\call_screen.dart","380","""銝脫??詨??粹: $e"""
"lib\screens\call_screen.dart","409","'?桀隤????憭望?: $e'"
"lib\screens\call_screen.dart","433","""?塚? 甇??剜?啣摮?.."""
"lib\screens\call_screen.dart","437","""?剜雿??唾?憭望?: $e"""
"lib\screens\call_screen.dart","448","'?餉店?仿葉...'"
"lib\screens\call_screen.dart","471","""? 隤颲刻???? $status"""
"lib\screens\call_screen.dart","479","'? 隤颲刻??航炊: $error'"
"lib\screens\call_screen.dart","486","'甇??... (雓?????'"
"lib\screens\call_screen.dart","608","'??格活隤?剜憭望?: $e'"
"lib\screens\call_screen.dart","640","'甇??... (擛????潮?'"
"lib\screens\call_screen.dart","646","""? ?單?颲刻?蝯?: ${val.recognizedWords}"""
"lib\screens\call_screen.dart","670","""?? 皞??潮?????: $textToSend"""
"lib\screens\call_screen.dart","672","'甇??'"
"lib\screens\call_screen.dart","689","""??????嚗????脩垢: $textToSend"""
"lib\screens\call_screen.dart","693","'?儭?$textToSend\n\n(?潮葉...)'"
"lib\screens\change_password_page.dart","235","'?湔撖Ⅳ'"
"lib\screens\change_password_page.dart","254","'撣唾?摰'"
"lib\screens\change_password_page.dart","280","'?桀?撖Ⅳ'"
"lib\screens\change_password_page.dart","310","'隢撓?交撖Ⅳ'"
"lib\screens\change_password_page.dart","316","'?啣?蝣潔??質??桀?撖Ⅳ?詨?'"
"lib\screens\change_password_page.dart","339","'隢?甈∟撓?交撖Ⅳ'"
"lib\screens\change_password_page.dart","379","'蝣箄??湔'"
"lib\screens\character_edit_page.dart","50","'?塈 奡?堙'"
"lib\screens\character_edit_page.dart","56","'?芥?'"
"lib\screens\character_edit_page.dart","61","'Kh繫ng c籀'"
"lib\screens\character_edit_page.dart","178","'?? ?剜?函???嚗?state'"
"lib\screens\character_edit_page.dart","261","'?嗡?'"
"lib\screens\character_edit_page.dart","332","'憟?) _gender = '"
"lib\screens\character_edit_page.dart","333","'?嗡?'"
"lib\screens\character_edit_page.dart","500","'???脫扳?身摰n${detailedPersonality.trim()}'"
"lib\screens\character_edit_page.dart","506","'?牧閰梯?瘞??憸冽?n${toneAndStyle.trim()}'"
"lib\screens\character_edit_page.dart","512","'?冗鈭方??啣?鈭??n${socialInteraction.trim()}'"
"lib\screens\character_edit_page.dart","579","""?撌脤??????剜隤"""
"lib\screens\character_edit_page.dart","585","""???航炊嚗?隤?豢??舐征???⊥??剜"""
"lib\screens\character_edit_page.dart","610","""? 甇??剜??啁???隤..."""
"lib\screens\character_edit_page.dart","612","""???剜隤??隤? $e"""
"lib\screens\character_edit_page.dart","620","'? ?脣 _saveToDraft嚗sEditing=$isEditing, currentDraftId=$_currentDraftId'"
"lib\screens\character_edit_page.dart","626","'??_saveToDraft 鋡急?嚗ser == null'"
"lib\screens\character_edit_page.dart","637","'[/,嚗?嚗'"
"lib\screens\character_edit_page.dart","668","""?桀?銝餉?閫嚗?{_nameController.text.trim()}?n"""
"lib\screens\character_edit_page.dart","674","'?芰閫'"
"lib\screens\character_edit_page.dart","791","'? ?曉?Ｘ??阮嚗?箸?堆?draftId=$_currentDraftId'"
"lib\screens\character_edit_page.dart","796","'? 皞?撖怠?阮嚗urrentDraftId=$_currentDraftId'"
"lib\screens\character_edit_page.dart","805","'? ?啣??阮銝?..'"
"lib\screens\character_edit_page.dart","813","'???啗?蝔踹遣蝡???draftId=$_currentDraftId'"
"lib\screens\character_edit_page.dart","824","""?脣??阮憭望?: $e"""
"lib\screens\character_edit_page.dart","849","'? 餈????ProfilePage嚗?result'"
"lib\screens\character_edit_page.dart","904","'? ?ａ?蝣箄?閬?嚗摮?蝔踵??◤暺?'"
"lib\screens\character_edit_page.dart","908","'??_saveToDraft 撌脩???皞???蝣箄?閬?'"
"lib\screens\character_edit_page.dart","1039","'?對? 頝喲?銝??函?閫頝臬?嚗?{ref.path}'"
"lib\screens\character_edit_page.dart","1074","'???芷閫憭望?: $e'"
"lib\screens\character_edit_page.dart","1156","'??閫??皜憭望?: $e'"
"lib\screens\character_edit_page.dart","1169","'??_saveCharacter 鋡急?嚗isSaving 撌脩???true'"
"lib\screens\character_edit_page.dart","1302","'? 皞??祉宏 ${loreDocsToMove.length} ???嗥???'"
"lib\screens\character_edit_page.dart","1429","""?桀?銝餉?閫嚗?{_nameController.text.trim()}?n"""
"lib\screens\character_edit_page.dart","1435","'?芰閫'"
"lib\screens\character_edit_page.dart","1473","'[/,嚗?嚗'"
"lib\screens\character_edit_page.dart","1632","""??撌脣?甇交??${chatSessionsQuery.docs.length} ??憭拙恕????迂"""
"lib\screens\character_edit_page.dart","1636","""???郊?予摰方??仃?? $e"""
"lib\screens\character_edit_page.dart","1645","""???菜葫?啣??阮?澆?嚗??阮 ${widget.draftDoc!.id} 撌脰???歹?"""
"lib\screens\character_edit_page.dart","1647","""?? ?芸?皜?阮憭望?: $e"""
"lib\screens\character_edit_page.dart","1673","'??皞?餈?銝???result=$result'"
"lib\screens\character_edit_page.dart","1681","""!!! ?脣?閫??隤? ${e.toString()}"""
"lib\screens\character_edit_page.dart","1991","""?????脤?潛??航炊: $e"""
"lib\screens\character_edit_page.dart","2064","'???????蝚砌???Voice嚗?voiceId'"
"lib\screens\character_edit_page.dart","2080","'?? 蝚砌???Voice ???澆??航炊'"
"lib\screens\character_edit_page.dart","2112","'?? Voice 皜撌脫?堆??仿?????蝯?'"
"lib\screens\character_edit_page.dart","2136","'?? 蝚砌???Voice ???潛??航炊嚗?e'"
"lib\screens\character_edit_page.dart","2185","'??matchVoiceFromBank ?嚗?{result.data}'"
"lib\screens\character_edit_page.dart","2189","'隤????澆??航炊'"
"lib\screens\character_edit_page.dart","2199","'隤??瘝?? previews'"
"lib\screens\character_edit_page.dart","2222","'?? 蝚?$i ??撠??撩撠?voiceId嚗歇?仿?'"
"lib\screens\character_edit_page.dart","2284","'?????? ${matchedSamples.length} ??Voice Bank ?脤'"
"lib\screens\character_edit_page.dart","2291","'========== Voice Bank ??憭望? =========='"
"lib\screens\character_edit_page.dart","2311","'========== Voice Bank ???芰?航炊 =========='"
"lib\screens\character_edit_page.dart","2387","'??雿輻 Voice 敹怠?嚗?voiceId'"
"lib\screens\character_edit_page.dart","2389","'??Voice 撠敹怠?嚗?憪???$voiceId'"
"lib\screens\character_edit_page.dart","2404","'閰西????澆??航炊'"
"lib\screens\character_edit_page.dart","2415","'閰西?唾?鞈??箇征'"
"lib\screens\character_edit_page.dart","2421","'閰西?唾?閫??憭望?'"
"lib\screens\character_edit_page.dart","2467","'閰西?脤?潛??航炊嚗?e'"
"lib\screens\character_edit_page.dart","2527","'閰西????澆??航炊'"
"lib\screens\character_edit_page.dart","2538","'閰西?唾?鞈??箇征'"
"lib\screens\character_edit_page.dart","2554","'========== testVoiceSettings 憭望? =========='"
"lib\screens\character_edit_page.dart","2569","'??閰西憭望?嚗?e'"
"lib\screens\character_edit_page.dart","2631","'??Voice?詨?甇?? Voice ID嚗?realVoiceId'"
"lib\screens\character_edit_page.dart","2708","'========== ?脣? Voice Bank ?豢?憭望? =========='"
"lib\screens\character_edit_page.dart","2724","'========== ?詨? Voice Bank ?脤憭望? =========='"
"lib\screens\character_edit_page.dart","2967","'?妞'"
"lib\screens\character_edit_page.dart","3083","'閫閮剖?'"
"lib\screens\character_edit_page.dart","3128","'皜祈岫'"
"lib\screens\character_edit_page.dart","3495","'?箸鞈?'"
"lib\screens\character_edit_page.dart","3921","'${c.name} 繚 $occupation'"
"lib\screens\character_edit_page.dart","4356","'蝚砌?撘萄???雿銝餉??剖?'"
"lib\screens\character_edit_page.dart","4457","'?嗡?閫?抒?'"
"lib\screens\character_model.dart","295","""?貊倏??蝬脣?頧?憭望?: $err"""
"lib\screens\character_model.dart","302","""霈?蝪輯????潛??航炊: $e"""
"lib\screens\character_model.dart","317","""憭折鞎潛雯?頧?憭望?: $e"""
"lib\screens\character_model.dart","453","""甇?霈?葉..."""
"lib\screens\character_model.dart","462","""?芰"""
"lib\screens\character_model.dart","466","""???頛銝?.."""
"lib\screens\character_model.dart","467","""?????郊銝?.."""
"lib\screens\character_model.dart","468","""甇?皞????.."""
"lib\screens\character_model.dart","469","""甇????..."""
"lib\screens\character_model.dart","470","""銝?閫頛銝?.."""
"lib\screens\character_model.dart","471","""甇?頛閫?詨?閮剖?..."""
"lib\screens\character_model.dart","472","""甇????扳..."""
"lib\screens\character_model.dart","473","""憭??膩??銝?.."""
"lib\screens\character_model.dart","474","""?芰"""
"lib\screens\character_model.dart","476","""甇???隤除..."""
"lib\screens\character_model.dart","481","""撠店蝭?霈?葉..."""
"lib\screens\character_npc_tab.dart","60","'嚗??啣???'"
"lib\screens\character_npc_tab.dart","73","'撌脣??亦???  ${npcCharacters.length}'"
"lib\screens\character_npc_tab.dart","152","'??閮剖?'"
"lib\screens\character_npc_tab.dart","199","'?桀?撠?啣???'"
"lib\screens\character_npc_tab.dart","236","' 繚 '"
"lib\screens\character_npc_tab.dart","294","'?蜓閫嚗?relationship'"
"lib\screens\character_npc_tab.dart","312","'?游?'"
"lib\screens\character_npc_tab.dart","330","'蝺刻摩'"
"lib\screens\character_npc_tab.dart","337","'?芷'"
"lib\screens\character_profile_page.dart","70","'?犖'"
"lib\screens\character_profile_page.dart","167","""?? ?曆???ShowCaseWidget"""
"lib\screens\character_profile_page.dart","232","'?? 霈???脫???仃??$e'"
"lib\screens\character_profile_page.dart","274","'???湔閫?嗉?憭望?嚗?e'"
"lib\screens\character_profile_page.dart","321","'??霈?雿蕭頩斤??仃??$e'"
"lib\screens\character_profile_page.dart","356","'?? 霈?雿?蝔勗仃???怎閫鞈??迂嚗?e'"
"lib\screens\character_profile_page.dart","423","'??餈質馱??撖怠憭望?嚗?e'"
"lib\screens\character_profile_page.dart","468","'?? 餈質馱撌脫???雿撖仃??$e'"
"lib\screens\character_profile_page.dart","496","""???拙振?梁迂憭望?: $e"""
"lib\screens\character_profile_page.dart","554","""蝧餉陌閰單?憭望?: $e"""
"lib\screens\character_profile_page.dart","580","""瑼Ｘ????仃?? $e"""
"lib\screens\character_profile_page.dart","922","'?曆??啗??脤?隢'"
"lib\screens\character_profile_page.dart","934","'?⊥??Ｙ?閫?隢'"
"lib\screens\character_profile_page.dart","987","'??閫?隢?澈憭望?嚗?error'"
"lib\screens\character_profile_page.dart","1115","'?? ?澈?∠?????憭望?嚗?error'"
"lib\screens\character_profile_page.dart","1143","""瑼Ｘ憟賢???仃?? $e"""
"lib\screens\character_profile_page.dart","1185","""???芷憟賢?憭望?: $e"""
"lib\screens\character_profile_page.dart","1211","""??憟賢???仃?? $e"""
"lib\screens\character_profile_page.dart","1267","""????撟怎蜇鋆蕭??憟賣?摨佗?$highest ??"""
"lib\screens\character_profile_page.dart","1283","""蝝?雲頝∪仃?? $e"""
"lib\screens\character_profile_page.dart","1299","""?? 甇??箇蕃霅舀?蝛箄艘?? $content"""
"lib\screens\character_profile_page.dart","1313","""? 餈湧蝧餉陌憭望?: $e"""
"lib\screens\character_profile_page.dart","1438","""????憭望?: $e"""
"lib\screens\character_profile_page.dart","1674","""瑼Ｚ?憭望?: $e"""
"lib\screens\character_profile_page.dart","1736","""?芷閮憭望?: $e"""
"lib\screens\character_profile_page.dart","1846","'?啣?蝣?憭望?: $e'"
"lib\screens\character_profile_page.dart","2750","'???嗉?'"
"lib\screens\character_profile_page.dart","2750","'?嗉?閫'"
"lib\screens\character_profile_page.dart","3863","'?湔蝣?憭望?: $e'"
"lib\screens\character_profile_page.dart","5124","""?貊倏?桀撐?抒?頧?憭望?: $err"""
"lib\screens\character_profile_page.dart","5132","""? fetchPhotos ?瑁?憭望?: $e"""
"lib\screens\chat_home_page.dart","99","'?? ??敺歲頧嚗?payload'"
"lib\screens\chat_home_page.dart","121","'閫?????憭望?嚗?error'"
"lib\screens\chat_home_page.dart","164","'?曆??圈閫??憭拙恕嚗?characterId'"
"lib\screens\chat_home_page.dart","223","'敺撠?予摰文仃??$error'"
"lib\screens\chat_home_page.dart","427","'???予摰日?仃??$imageUrl嚗?error'"
"lib\screens\chat_home_page.dart","471","'撌脩蔭??憭拙恕'"
"lib\screens\chat_home_page.dart","485","'?湔蝵桅???仃??$e'"
"lib\screens\chat_home_page.dart","555","'??蝵桅?'"
"lib\screens\chat_home_page.dart","615","""敺?憭拚?????脣仃?? $e"""
"lib\screens\chat_home_page.dart","797","'??閫??憭望?嚗?imageUrl嚗?e'"
"lib\screens\chat_home_page.dart","1215","'??嚗?{_formatFullTimestamp(sessionData['"
"lib\screens\chat_input_bar.dart","162","'撅??'"
"lib\screens\chat_page.dart","236","""?拙振"""
"lib\screens\chat_page.dart","239","'?拙振'"
"lib\screens\chat_page.dart","496","'?拙振'"
"lib\screens\chat_page.dart","544","'{{?拙振??}}'"
"lib\screens\chat_page.dart","548","'(?拙振??)'"
"lib\screens\chat_page.dart","555","'{{?拙振??}}'"
"lib\screens\chat_page.dart","559","'(?拙振??)'"
"lib\screens\chat_page.dart","719","'?妣 撌脰?雿?敺?憭拙恕嚗haracter=$safeCharacterId, session=$safeSessionId'"
"lib\screens\chat_page.dart","722","'?? ?脣??敺?憭拙恕憭望?嚗?e'"
"lib\screens\chat_page.dart","753","'?妣 撌脤??敺?憭拙恕嚗???憭拐蜓??'"
"lib\screens\chat_page.dart","756","'?? 皜?敺?憭拙恕憭望?嚗?e'"
"lib\screens\chat_page.dart","946","'?? 霈???亙?鞎餌??仃??$e'"
"lib\screens\chat_page.dart","995","""??monthlySubEndDate ?澆??航炊: $e"""
"lib\screens\chat_page.dart","1061","""??霈??閰望活?詨仃?? $e"""
"lib\screens\chat_page.dart","1212","""霈????憭望?: $e"""
"lib\screens\chat_page.dart","1239","'?曆??啗??脰???($charId)'"
"lib\screens\chat_page.dart","1246","""??霈???脣仃?? $e"""
"lib\screens\chat_page.dart","1318","""??閮剖????仃?? $e"""
"lib\screens\chat_page.dart","1343","""???嗅撘瑕??踵?隞歹??湔?澆撌亦???"""
"lib\screens\chat_page.dart","1374","""??蝞∪振撠?輸???隤? $e"""
"lib\screens\chat_page.dart","1464","'?? 銝?擐活韏渡???憭望?嚗?e'"
"lib\screens\chat_page.dart","1553","""???潛?唳??撟賡??輸?嚗???遣?輻?摨?"""
"lib\screens\chat_page.dart","1582","""霈???予摰文仃?? $e"""
"lib\screens\chat_page.dart","1627","'{{?拙振??}}'"
"lib\screens\chat_page.dart","1631","'{{?拙振??}}'"
"lib\screens\chat_page.dart","1676","""??撱箇??啗?憭拙恕憭望?: $e"""
"lib\screens\chat_page.dart","1805","'??銝 $fileType ??'"
"lib\screens\chat_page.dart","1812","""??銝 $fileType 憭望?: $e"""
"lib\screens\chat_page.dart","2111","'??_sendMessage ?潛??航炊: $e'"
"lib\screens\chat_page.dart","2226","'???????桀?甇?????'"
"lib\screens\chat_page.dart","2227","'?祆活???亦 ${DateFormat('"
"lib\screens\chat_page.dart","2265","'隞予閮?????${moods.join('"
"lib\screens\chat_page.dart","2269","'隞予閮??澈擃???${symptoms.join('"
"lib\screens\chat_page.dart","2303","'??霈???亦????澈敹??仃??$e'"
"lib\screens\chat_page.dart","2305","'?拙振隞????頨怠?蝝??瘜???'"
"lib\screens\chat_page.dart","2364","'霈?風?脩??暹?'"
"lib\screens\chat_page.dart","2393","'?? 霈???啁??絲暺仃???急?瘝輻?桀??????$e'"
"lib\screens\chat_page.dart","2422","'[?拙振?曉靘?撘萄??????批捆憒?嚗?imageDescription]'"
"lib\screens\chat_page.dart","2536","'瘜冽?嚗摰嗥??征閮剖??迂?澆?賢歇?冽迨?餌???湛?'"
"lib\screens\chat_page.dart","2538","'?曉韏瘀???撠店?蜓閫迂?澆撥?嗆?啁'"
"lib\screens\chat_page.dart","2541","'隞乩??臬??寧??撠惇?征閮剖?嚗n'"
"lib\screens\chat_page.dart","2545","'{""response"": ""雿?撠店?啗?"", '"
"lib\screens\chat_page.dart","2559","'{{?拙振??}}'"
"lib\screens\chat_page.dart","2563","'(?拙振??)'"
"lib\screens\chat_page.dart","2569","'{{?拙振??}}'"
"lib\screens\chat_page.dart","2573","'(?拙振??)'"
"lib\screens\chat_page.dart","2580","'{{?拙振??}}'"
"lib\screens\chat_page.dart","2584","'(?拙振??)'"
"lib\screens\chat_page.dart","2590","'{{?拙振??}}'"
"lib\screens\chat_page.dart","2594","'(?拙振??)'"
"lib\screens\chat_page.dart","2600","'{{?拙振??}}'"
"lib\screens\chat_page.dart","2604","'(?拙振??)'"
"lib\screens\chat_page.dart","2610","'{{?拙振??}}'"
"lib\screens\chat_page.dart","2614","'(?拙振??)'"
"lib\screens\chat_page.dart","2620","'{{?拙振??}}'"
"lib\screens\chat_page.dart","2624","'(?拙振??)'"
"lib\screens\chat_page.dart","2630","'{{?拙振??}}'"
"lib\screens\chat_page.dart","2634","'(?拙振??)'"
"lib\screens\chat_page.dart","2640","'{{?拙振??}}'"
"lib\screens\chat_page.dart","2644","'(?拙振??)'"
"lib\screens\chat_page.dart","2656","'{{?拙振??}}'"
"lib\screens\chat_page.dart","2660","'(?拙振??)'"
"lib\screens\chat_page.dart","2692","'?? ???撌脣?甇ｇ?敹賜 HTTP 蝯?'"
"lib\screens\chat_page.dart","2699","'?? ??? HTTP ?航炊蝣潘?${response.statusCode}'"
"lib\screens\chat_page.dart","2741","'雿?response ?舐征摮葡嚗?decodedBody'"
"lib\screens\chat_page.dart","2797","'?????摰?銝行??神?亥??荔?$aiMessageId'"
"lib\screens\chat_page.dart","2805","'?? ???撌脣?甇ｇ?敹賜???銝剜嚗?e'"
"lib\screens\chat_page.dart","2812","'??????典?蝡舐?隤歹?$e'"
"lib\screens\chat_page.dart","3001","'?????蝝??晷敶拇?????敺?50 ?梯'"
"lib\screens\chat_page.dart","3007","'?對? ???蝝??萄歇蝬?暸?嚗???瘣曉蔗'"
"lib\screens\chat_page.dart","3023","'???湔?隢脣漲?晷敶拙仃??$e'"
"lib\screens\chat_page.dart","3076","'???憭望?: $e'"
"lib\screens\chat_page.dart","3164","""瑼Ｘ??敶抵?憭望?: $e"""
"lib\screens\chat_page.dart","3188","'撖怠蝟餌絞?砍?憭望?: $e'"
"lib\screens\chat_page.dart","3222","'撖怠?店蝯?閮憭望?: $e'"
"lib\screens\chat_page.dart","3312","""?脣?暺憭望?: $e"""
"lib\screens\chat_page.dart","3811","""??狡憭望?: $e"""
"lib\screens\chat_page.dart","3828","""???芾??憭望?: $e"""
"lib\screens\chat_page.dart","3832","""?? 皞??喲?CallOverlay ???臬??: $finalBg"""
"lib\screens\chat_page.dart","3907","""靽??憭望?: $e"""
"lib\screens\chat_page.dart","3925","'{{?拙振??}}'"
"lib\screens\chat_page.dart","3926","'(?拙振??)'"
"lib\screens\chat_page.dart","3952","'??撖怠?萎????湧??游仃??$e'"
"lib\screens\chat_page.dart","3985","'???芾??萄遣????憭望?嚗?e'"
"lib\screens\chat_page.dart","4038","'?? ?單?蝣箄???祥??仃??$e'"
"lib\screens\chat_page.dart","4154","'???航炊嚗?鈭?0.5 蝘?'"
"lib\screens\chat_page.dart","4156","'?⊥?撖怠甇???予摰方??荔?'"
"lib\screens\chat_page.dart","4196","""??蝬脤????喃??喳仃?? $e"""
"lib\screens\chat_page.dart","4325","'[?拙振?曉靘?撘萄??????批捆憒?嚗?imageDescription]'"
"lib\screens\chat_page.dart","4448","""??擃霅瑟?隞扎?雿?閰梁?撠情?怠???_playerNickname???拙振撌脰孛?潛畾???隢???overrideSystemPrompt ??蝷粹??Ｗ瞍?誑銝撠?嗅???蝛箄身摰?\n$dynamicProfile\n\n?摰嗆批?迂?潸?蝭n?拙振?批閮剖?嚗?playerGenderForAi\n$playerPronounGuide\n\n?典祕??閬閰葉嚗?甇Ｙ迂?澆??寧?摰嗚??臭誑蝔勗撠?箝?_playerNickname??雿輻蝚血??批閮剖??扛?梁迂?潦n\n雿???潔誑 JSON ?澆???嚗撘嚗\"""
"lib\screens\chat_page.dart","4448","""雿?撠店?啗?\"""
"lib\screens\chat_page.dart","4449","""??擃霅瑟?隞扎?雿雁????予????胯?雿???撠店??鞊∠迂?潭??_playerNickname??蝯?銝?恍嚗誑銝撠?嗅???撅祆?蝛箄身摰?\n$dynamicProfile\n\n?摰嗆批?迂?潸?蝭n?拙振?批閮剖?嚗?playerGenderForAi\n$playerPronounGuide\n\n?典祕??閬閰葉嚗?甇Ｙ迂?澆??寧?摰嗚??臭誑蝔勗撠?箝?_playerNickname??雿輻蝚血??批閮剖??扛?梁迂?潦n\n雿???潭??閮剖????嫣???銝虫誑 JSON ?澆???嚗撘嚗\"""
"lib\screens\chat_page.dart","4449","""雿?撠店?啗?\"""
"lib\screens\chat_page.dart","4462","'{{?拙振??}}'"
"lib\screens\chat_page.dart","4466","'(?拙振??)'"
"lib\screens\chat_page.dart","4472","'{{?拙振??}}'"
"lib\screens\chat_page.dart","4476","'(?拙振??)'"
"lib\screens\chat_page.dart","4483","'{{?拙振??}}'"
"lib\screens\chat_page.dart","4487","'(?拙振??)'"
"lib\screens\chat_page.dart","4493","'{{?拙振??}}'"
"lib\screens\chat_page.dart","4497","'(?拙振??)'"
"lib\screens\chat_page.dart","4504","'{{?拙振??}}'"
"lib\screens\chat_page.dart","4508","'(?拙振??)'"
"lib\screens\chat_page.dart","4514","'{{?拙振??}}'"
"lib\screens\chat_page.dart","4518","'(?拙振??)'"
"lib\screens\chat_page.dart","4524","'{{?拙振??}}'"
"lib\screens\chat_page.dart","4528","'(?拙振??)'"
"lib\screens\chat_page.dart","4534","'{{?拙振??}}'"
"lib\screens\chat_page.dart","4538","'(?拙振??)'"
"lib\screens\chat_page.dart","4544","'{{?拙振??}}'"
"lib\screens\chat_page.dart","4548","'(?拙振??)'"
"lib\screens\chat_page.dart","4561","'{{?拙振??}}'"
"lib\screens\chat_page.dart","4565","'(?拙振??)'"
"lib\screens\chat_page.dart","4592","'隞云銋?'"
"lib\screens\chat_page.dart","4600","'?? 閮??撌脣?甇ｇ?敹賜???銝剜嚗?e'"
"lib\screens\chat_page.dart","4619","'?? 閮??撌脣?甇ｇ?敹賜 HTTP 蝯?'"
"lib\screens\chat_page.dart","4722","'?湔甇??憟賣?摨血仃??$e'"
"lib\screens\chat_page.dart","4745","'?湔蝘犖閫?予??憭望?嚗?e'"
"lib\screens\chat_page.dart","4879","'???潮??舀??潛??湧??航炊: $e'"
"lib\screens\chat_page.dart","4880","'?? ?航炊??: $stack'"
"lib\screens\chat_page.dart","4908","'?瑟? || gender == '"
"lib\screens\chat_page.dart","4912","'憟? || gender == '"
"lib\screens\chat_page.dart","4912","'憟喟?'"
"lib\screens\chat_page.dart","4916","'?嗡?'"
"lib\screens\chat_page.dart","4917","'?嗡?'"
"lib\screens\chat_page.dart","4931","'?嗡?'"
"lib\screens\chat_page.dart","4967","'?? 閮??隞餃?蝯?, ??Ⅳ: ${response.statusCode}'"
"lib\screens\chat_page.dart","4969","'?? 閮???憭望?嚗?敶梢?予: $e'"
"lib\screens\chat_page.dart","4972","'?? 閮????憭望?嚗?敶梢?予: $e'"
"lib\screens\chat_page.dart","5053","""敹??亥??脣漲?湔??: $progressField 敺?$currentVal 霈?${currentVal + 1}"""
"lib\screens\chat_page.dart","5061","""?湔敹??亥??脣漲憭望?: $e"""
"lib\screens\chat_page.dart","5108","'?刻?憭拙恕???梯暺憭望?: $error'"
"lib\screens\chat_page.dart","5178","'?? AI ???憭望?嚗?e'"
"lib\screens\chat_page.dart","5310","'?箇?瑼?'"
"lib\screens\chat_page.dart","5313","'撠憛怠神'"
"lib\screens\chat_page.dart","5314","'撠憛怠神'"
"lib\screens\chat_page.dart","5315","'撠憛怠神'"
"lib\screens\chat_page.dart","5316","'?遢?曉?瑼??蝑?銝颱犖??...'"
"lib\screens\chat_page.dart","5329","'?箇?瑼?'"
"lib\screens\chat_page.dart","5347","'撠憛怠神'"
"lib\screens\chat_page.dart","5348","'撠憛怠神'"
"lib\screens\chat_page.dart","5349","'撠憛怠神'"
"lib\screens\chat_page.dart","5350","'?遢?曉?瑼??蝑?銝颱犖??...'"
"lib\screens\chat_page.dart","5378","'?? ?????芰??撠???予摰?ID'"
"lib\screens\chat_page.dart","5440","'?? ?????芰???⊥????餃??'"
"lib\screens\chat_page.dart","5482","'?? ???????憭望?嚗?error'"
"lib\screens\chat_page.dart","5487","'?? ?????潮仃??$e'"
"lib\screens\chat_page.dart","5879","'{{?拙振??}}'"
"lib\screens\chat_page.dart","5886","'{{?拙振??}}'"
"lib\screens\chat_page.dart","6042","""?潮?喳仃?? $e"""
"lib\screens\chat_page.dart","6066","'???曆??唳璈閮?: $localPath'"
"lib\screens\chat_page.dart","6078","'? ?祆??唾?憭批?: $fileSize bytes'"
"lib\screens\chat_page.dart","6094","'???剜?祆??唾?'"
"lib\screens\chat_page.dart","6113","'? ?蝯?曄雯?: $playableUrl'"
"lib\screens\chat_page.dart","6119","'???剜?脩垢?唾?'"
"lib\screens\chat_page.dart","6121","'???剜?唾?憭望?: $e'"
"lib\screens\chat_page.dart","6148","'?儭?pickedFile=${pickedFile?.path}'"
"lib\screens\chat_page.dart","6151","'?儭??拙振???詨?'"
"lib\screens\chat_page.dart","6161","'?儭?撌脫摮?憭拙???蝑??拙振頛詨??敺'"
"lib\screens\chat_page.dart","6163","'???豢??予摰文??仃?? $e'"
"lib\screens\chat_page.dart","6517","'暻亙?憸冽??◤??'"
"lib\screens\chat_page.dart","6558","'??儭????嚗?recordingPath'"
"lib\screens\chat_page.dart","6560","'?????憭望?: $e'"
"lib\screens\chat_page.dart","6584","'???蝯?嚗?獢?蝵? $path'"
"lib\screens\chat_page.dart","6599","'???迫?憭望?: $e'"
"lib\screens\chat_page.dart","6621","'? 皞??剜?: $path'"
"lib\screens\chat_page.dart","6648","'???瑼?摮: $path'"
"lib\screens\chat_page.dart","6659","'? ?瑼之撠? $fileSize bytes'"
"lib\screens\chat_page.dart","6685","'??????剜'"
"lib\screens\chat_page.dart","6687","'???剜?憭望?: $e'"
"lib\screens\chat_page.dart","6851","'??儭?撌脣?日??喲?閬踝?銝??'"
"lib\screens\chat_page.dart","6894","'? 皞??隤 path=$path'"
"lib\screens\chat_page.dart","6899","'[隤閮]'"
"lib\screens\chat_page.dart","7418","'嚗?'"
"lib\screens\chat_page.dart","7498","'?? 霈???啁??活?詨仃?? $e'"
"lib\screens\chat_page.dart","7565","'?? ?????甈⊥憭望?: $e'"
"lib\screens\chat_page.dart","7599","'?? ?湔?予摰斗芋撘仃??$e'"
"lib\screens\chat_page.dart","7799","""?單憭望?: $e"""
"lib\screens\chat_page.dart","8023","""???脩垢?湔憭望?: $e"""
"lib\screens\chat_page.dart","8028","""?桅?"""
"lib\screens\chat_page.dart","8030","""??閮???"""
"lib\screens\chat_page.dart","8040","""?頂蝯曹?隞嗚?playerName?鈭???{gift['name']}??蝟餌絞?梯??內嚗雿?preferenceTag??蝳桃嚗末?漲 $affectionChange???寞?閫?扳???荔?蝯血??祕????"""
"lib\screens\chat_page.dart","8364","""?頂蝯曹?隞嗚狐摮?瘙綽?"""
"lib\screens\chat_page.dart","8366","""\n[蝟餌絞蝘??誘嚗?aiActionPrompt]"""
"lib\screens\chat_page.dart","8665","'(?拙振??)'"
"lib\screens\chat_page.dart","8666","'{{?拙振??}}'"
"lib\screens\chat_page.dart","8981","'?芸???頛??脤?仃??$e'"
"lib\screens\chat_page.dart","9064","'??Ｙ??芸?憭望?嚗?e'"
"lib\screens\chat_page.dart","9136","""???芸?憭望?: $e"""
"lib\screens\chat_page.dart","9165","'??璅∪?'"
"lib\screens\chat_page.dart","9490","'?? ?????嚗??????甈⊥憭望?'"
"lib\screens\chat_page.dart","9494","'???????瘚?憭望?嚗?e'"
"lib\screens\chat_page.dart","9656","""???菜葫?唳??AI ??嚗圾?日?摰???"""
"lib\screens\chat_page.dart","9774","'嚗?'"
"lib\screens\chat_page.dart","9798","'嚗?'"
"lib\screens\chat_page.dart","10070","'(?拙振??)'"
"lib\screens\chat_page.dart","10071","'{{?拙振??}}'"
"lib\screens\chat_page.dart","10072","'?拙振??'"
"lib\screens\chat_page.dart","10436","'???拙振?芰?伐??曆???ID嚗瘜?歹?'"
"lib\screens\chat_page.dart","10452","'????敺?Firebase 敺孵??寥?????閰梧?'"
"lib\screens\chat_page.dart","10454","'???芷 Firebase 閮憭望?: $e'"
"lib\screens\chat_page.dart","10483","'(??*????*??"".*?""|嚗?*?嚗\(.*?\))'"
"lib\screens\chat_page.dart","10517","'嚗?) || matchedText.startsWith('"
"lib\screens\chat_search_page.dart","549","'(?:?圈?|?啁)\s*[嚗?]\s*([^\n\r]+)'"
"lib\screens\chat_search_page.dart","561","'(?:??|?園)\s*[嚗?]\s*[^\n\r]+'"
"lib\screens\chat_side_menu.dart","183","'?予'"
"lib\screens\chat_side_menu.dart","312","'閮蝞∠?'"
"lib\screens\chat_transcript_book_page.dart","159","'?拙振'"
"lib\screens\chat_transcript_book_page.dart","586","'[\n??嚗???佗?;嚗?\s]'"
"lib\screens\chat_transcript_book_page.dart","707","'[\n??嚗???佗?;嚗?\s]'"
"lib\screens\chat_transcript_book_page.dart","762","'?臬 PDF'"
"lib\screens\chat_transcript_book_page.dart","957","'?????曉?'"
"lib\screens\chat_transcript_book_page.dart","1055","'?湔?撠'"
"lib\screens\chat_transcript_book_page.dart","1096","'?????繚 撠店蝝敹菜'"
"lib\screens\chat_transcript_book_page.dart","1105","'?????曉?'"
"lib\screens\chat_transcript_book_page.dart","1145","'?豢?蝝敹菜撠'"
"lib\screens\chat_transcript_book_page.dart","1347","'?拙振'"
"lib\screens\chat_transcript_book_page.dart","1597","'[隤閮]'"
"lib\screens\chat_transcript_book_page.dart","1643","'?臬 PDF 憭望?嚗?e'"
"lib\screens\chat_transcript_book_page.dart","1795","'?????曉?'"
"lib\screens\chat_transcript_book_page.dart","1852","'PDF 銝?湔迨?剖?靘?'"
"lib\screens\chat_transcript_book_page.dart","1913","'?????繚 撠店蝝敹菜'"
"lib\screens\chat_transcript_book_page.dart","1924","'?????曉?'"
"lib\screens\chat_transcript_book_page.dart","2035","'?拙振'"
"lib\screens\comment_bottom_sheet.dart","137","""霈??閮頨怠?憭望?: $e"""
"lib\screens\comment_bottom_sheet.dart","164","""霈???脣仃?? $e"""
"lib\screens\comment_bottom_sheet.dart","258","""??????潮???"""
"lib\screens\create_moment_page.dart","144","""?澆???憭望?: $e"""
"lib\screens\create_moment_page.dart","191","'?? 閫???祇?閫 ${doc.id} 憭望?嚗?e'"
"lib\screens\create_moment_page.dart","213","'?? 閫??蝘犖閫 ${doc.id} 憭望?嚗?e'"
"lib\screens\create_moment_page.dart","225","'?儭??舀?閮??脫??${characters.length}'"
"lib\screens\create_moment_page.dart","230","'??霈?璅?閫憭望?嚗?e'"
"lib\screens\create_moment_page.dart","287","'璅???閫'"
"lib\screens\create_moment_page.dart","338","'?祇?閫'"
"lib\screens\create_moment_page.dart","339","'蝘犖閫'"
"lib\screens\create_moment_page.dart","477","'?? ?祇?閫 ${doc.id} 閫??憭望?嚗?e'"
"lib\screens\create_moment_page.dart","505","'?? 蝘犖閫 ${doc.id} 閫??憭望?嚗?e'"
"lib\screens\create_moment_page.dart","553","'?? 憟賢?閫 $characterId 霈?仃??$e'"
"lib\screens\create_moment_page.dart","589","'??霈??@閫憭望?嚗?e'"
"lib\screens\create_moment_page.dart","794","'?曆??啁泵??閫'"
"lib\screens\create_moment_page.dart","840","'??閫'"
"lib\screens\create_moment_page.dart","841","'憟賢?閫'"
"lib\screens\create_moment_page.dart","1306","'??撠＊蝷箏?曉???'"
"lib\screens\create_moment_page.dart","1374","'瘛餃???'"
"lib\screens\create_moment_page.dart","1412","'??閫'"
"lib\screens\creator_profile_page.dart","118","'?? creatorBio嚗?creatorBio'"
"lib\screens\creator_profile_page.dart","247","'?游?'"
"lib\screens\creator_profile_page.dart","490","'擉瑟???隞?批捆'"
"lib\screens\creator_profile_page.dart","493","'?嗡?'"
"lib\screens\creator_profile_page.dart","533","'撌脫?唳炎????雿??'"
"lib\screens\creator_profile_page.dart","537","'??瑼Ｚ??萎??仃??$e'"
"lib\screens\creator_profile_page.dart","543","'瑼Ｚ??憭望?嚗?蝔??岫'"
"lib\screens\creator_profile_page.dart","569","'?⊥?撠??芸楛'"
"lib\screens\creator_profile_page.dart","600","'蝣箏?閬???creatorName??嚗n\n'"
"lib\screens\creator_profile_page.dart","622","'蝣箄?撠?'"
"lib\screens\creator_profile_page.dart","708","'??撠??萎??仃??$e'"
"lib\screens\creator_profile_page.dart","714","'撠?憭望?嚗?蝔??岫'"
"lib\screens\creator_profile_page.dart","983","'???祇?撌乩??????仃??'"
"lib\screens\creator_profile_page.dart","1357","'???芷撌乩????仃??$e'"
"lib\screens\creator_profile_page.dart","1775","'?????萎??蕭頩斤??仃??$e'"
"lib\screens\creator_scene_edit_page.dart","216","'蝺刻摩?'"
"lib\screens\creator_scene_edit_page.dart","216","'?啣??'"
"lib\screens\creator_scene_edit_page.dart","236","'隤踵?挾????? : '"
"lib\screens\creator_scene_edit_page.dart","245","'?璅?'"
"lib\screens\creator_scene_edit_page.dart","253","'?湔隤芣?'"
"lib\screens\creator_scene_edit_page.dart","263","'閫?'"
"lib\screens\creator_scene_edit_page.dart","310","'?脣?靽格'"
"lib\screens\creator_scene_edit_page.dart","310","'?脣??'"
"lib\screens\creator_scene_page.dart","84","'蝣箏?閬?扎?{title.isEmpty ? '"
"lib\screens\creator_scene_page.dart","95","'?芷'"
"lib\screens\creator_scene_page.dart","165","'?啣??'"
"lib\screens\creator_scene_page.dart","236","'閫?嚗?opening'"
"lib\screens\creator_scene_page.dart","254","'蝺刻摩'"
"lib\screens\creator_scene_page.dart","264","'?芷'"
"lib\screens\creator_scene_page.dart","359","'?啣??'"
"lib\screens\creator_studio_page.dart","64","'?芷憭望?: $e'"
"lib\screens\creator_studio_page.dart","222","'?嗉???嚗???莎??Ｘ摰?雿?雿?'"
"lib\screens\creator_studio_page.dart","252","'撌乩?摰方??仃??${snapshot.error}'"
"lib\screens\creator_studio_page.dart","300","'?啣?閫'"
"lib\screens\creator_studio_page.dart","330","'?祇?閫'"
"lib\screens\creator_studio_page.dart","331","'撌脖??塚??航◤?嗡??拙振隤?'"
"lib\screens\creator_studio_page.dart","334","'?桀?瘝??祇?閫'"
"lib\screens\creator_studio_page.dart","344","'蝘犖閫'"
"lib\screens\creator_studio_page.dart","345","'?芣?雿撌梁?敺'"
"lib\screens\creator_studio_page.dart","348","'?桀?瘝?蝘犖閫'"
"lib\screens\creator_studio_page.dart","358","'?阮'"
"lib\screens\creator_studio_page.dart","541","'蝘犖'"
"lib\screens\creator_studio_page.dart","547","'?阮'"
"lib\screens\creator_studio_page.dart","596","'??撌乩?摰方??脤??仃??$e'"
"lib\screens\creator_studio_page.dart","698","'?芷?阮'"
"lib\screens\creator_studio_page.dart","806","'撠憛怠神?芣?隞晶'"
"lib\screens\custom_scene_edit_page.dart","159","'蝺刻摩?'"
"lib\screens\custom_scene_edit_page.dart","159","'?啣??'"
"lib\screens\custom_scene_edit_page.dart","183","'撖思?銝?撅祆???予摰斤???'"
"lib\screens\custom_scene_edit_page.dart","191","'?璅?'"
"lib\screens\custom_scene_edit_page.dart","212","'?湔隤芣?'"
"lib\screens\custom_scene_edit_page.dart","273","'?脣?靽格'"
"lib\screens\custom_scene_edit_page.dart","273","'?脣??'"
"lib\screens\edit_moment_page.dart","159","""??儭????歇???瑟?嚗?url"""
"lib\screens\edit_moment_page.dart","162","""?? ?芷???仃??(?航?砌?撠曹?摮): $e"""
"lib\screens\edit_moment_page.dart","193","'?澈雿?敹?...'"
"lib\screens\edit_profile_page.dart","212","'摰?'"
"lib\screens\edit_profile_page.dart","214","'摰?'"
"lib\screens\edit_profile_page.dart","217","'Termin矇'"
"lib\screens\edit_profile_page.dart","222","'鉆鉊芹腦鉆?鉊芹葩鉆?'"
"lib\screens\edit_profile_page.dart","224","'堛?'"
"lib\screens\edit_profile_page.dart","227","'蝷曄黎???'"
"lib\screens\edit_profile_page.dart","229","'SNS?颯?喋'"
"lib\screens\edit_profile_page.dart","230","'?? 諻?諤'"
"lib\screens\edit_profile_page.dart","232","'R矇seaux et liens'"
"lib\screens\edit_profile_page.dart","233","'鄐詮?鄐嗣仆 鄐什 鄐耜凶鄐?'"
"lib\screens\edit_profile_page.dart","237","'鉆?鉆鉊葭鉊Ｒ艇鉆艇鉊啤艇鉊毯?鉊?'"
"lib\screens\edit_profile_page.dart","238","'M廕》g x瓊 h廙 & Li礙n k廕篙'"
"lib\screens\edit_profile_page.dart","239","'塈?塈堿堛?塈媢? ?塈?堭?塈堥媟'"
"lib\screens\edit_profile_page.dart","242","'?啣????'"
"lib\screens\edit_profile_page.dart","244","'?芥?胯?餈賢?'"
"lib\screens\edit_profile_page.dart","245","'諤 黺?'"
"lib\screens\edit_profile_page.dart","246","'A簽adir enlace'"
"lib\screens\edit_profile_page.dart","248","'鄐耜凶鄐? 鄐?鄐﹤兮鄍?'"
"lib\screens\edit_profile_page.dart","253","'Th礙m li礙n k廕篙'"
"lib\screens\edit_profile_page.dart","254","'堨媔塈?堜 堭塈堥媟'"
"lib\screens\edit_profile_page.dart","257","'????迂'"
"lib\screens\edit_profile_page.dart","259","'?芥?臬?'"
"lib\screens\edit_profile_page.dart","260","'諤 ?渠?'"
"lib\screens\edit_profile_page.dart","268","'T礙n li礙n k廕篙'"
"lib\screens\edit_profile_page.dart","269","'塈堻? 塈?堭塈堥媟'"
"lib\screens\edit_profile_page.dart","272","'頛詨???'"
"lib\screens\edit_profile_page.dart","275","'諤 ?'"
"lib\screens\edit_profile_page.dart","278","'鄐耜凶鄐? 鄐舟什鄍? 鄐什鄍?'"
"lib\screens\edit_profile_page.dart","282","'鉆葵鉆艇鉊毯?鉊?'"
"lib\screens\edit_profile_page.dart","283","'Nh廕計 li礙n k廕篙'"
"lib\screens\edit_profile_page.dart","284","'堧堹堮? 塈?堭塈堥媟'"
"lib\screens\edit_profile_page.dart","327","""?交?閫???航炊"""
"lib\screens\edit_profile_page.dart","349","""霈?蝡航??仃?? $e"""
"lib\screens\edit_profile_page.dart","756","'?? ?圈???單???$finalAvatarPath'"
"lib\screens\edit_profile_page.dart","800","'? 皞??脣??犖瑼?'"
"lib\screens\edit_profile_page.dart","806","'? users ?辣摮 = ${beforeSave.exists}'"
"lib\screens\edit_profile_page.dart","807","'? ??鞈? = ${beforeSave.data()}'"
"lib\screens\edit_profile_page.dart","814","'???犖瑼? Firestore ?脣???'"
"lib\screens\edit_profile_page.dart","888","'?鳴? ??歇皜嚗?oldAvatarUrl'"
"lib\screens\edit_profile_page.dart","893","'?? ????仃??$e'"
"lib\screens\edit_profile_page.dart","957","'?鳴? 撌脫??摰??脣???剖?'"
"lib\screens\edit_profile_page.dart","961","'?? ?芸?????仃??$cleanupError'"
"lib\screens\edit_profile_page.dart","967","'???犖鞈??脣?憭望?嚗?e'"
"lib\screens\edit_profile_page.dart","1209","""???豢??貊倏?剖?憭望?: $e"""
"lib\screens\edit_profile_page.dart","1239","""?曆??啣???獢?$filePath"""
"lib\screens\edit_profile_page.dart","1276","""?拙振??鋆?"""
"lib\screens\edit_profile_page.dart","1290","""??鋆??剖?憭望?: $e"""
"lib\screens\edit_shared_memory_page.dart","115","'靽格?憭望?: $e'"
"lib\screens\email_login_page.dart","126","'????$title憭望?嚗?e'"
"lib\screens\email_login_page.dart","175","'?梯?敺??啜???曉????喳??'"
"lib\screens\email_login_page.dart","203","'?梯?摰$title'"
"lib\screens\email_login_page.dart","262","'???餃'"
"lib\screens\email_login_page.dart","388","'??Email 撣唾?撌脰???甈曉????穿?'"
"lib\screens\email_login_page.dart","395","'??瑼Ｘ Email 璇狡??仃??$e'"
"lib\screens\email_login_page.dart","651","'??Email ?餃嚗酉??隤歹?$e'"
"lib\screens\email_login_page.dart","1054","'??渡?'"
"lib\screens\email_login_page.dart","1093","'?頛憭望?'"
"lib\screens\email_login_page.dart","1121","'?頛'"
"lib\screens\feedback_page.dart","130","'??憭批?銝頞? 10 MB'"
"lib\screens\feedback_page.dart","144","'?豢????憭望?嚗?error'"
"lib\screens\feedback_page.dart","154","'?⊥??豢???嚗?蝔??岫'"
"lib\screens\feedback_page.dart","276","'?撱箄降'"
"lib\screens\feedback_page.dart","279","'?梯暺??'"
"lib\screens\feedback_page.dart","282","'?脣潘?隞狡??'"
"lib\screens\feedback_page.dart","285","'AI ???啣虜'"
"lib\screens\feedback_page.dart","288","'閫瑼Ｚ?'"
"lib\screens\feedback_page.dart","291","'鞎潭?瑼Ｚ?'"
"lib\screens\feedback_page.dart","338","'隢??餃敺???'"
"lib\screens\feedback_page.dart","530","'??隞嗅歇撱箇??歇?嗅雿?? ??'"
"lib\screens\feedback_page.dart","533","'?歇?嗅雿??嚗??∪翰?蝣箄??n\n'"
"lib\screens\feedback_page.dart","534","'獢辣蝺刻?嚗?caseNumber\n\n'"
"lib\screens\feedback_page.dart","535","'?亙恥???脖?甇亙?閬?'"
"lib\screens\feedback_page.dart","585","'?撌脫??嚗?雓???閬?'"
"lib\screens\feedback_page.dart","591","'??拙振?憭望?嚗?error'"
"lib\screens\feedback_page.dart","786","'??憿?'"
"lib\screens\feedback_page.dart","865","'鋡怠??梁??批捆'"
"lib\screens\feedback_page.dart","939","'???芸?嚗?憛恬?'"
"lib\screens\feedback_page.dart","940","'????嚗憛恬?'"
"lib\screens\feedback_page.dart","981","'?函???撠??拇???蝥???脤?撽?雓??剁?'"
"lib\screens\feedback_page.dart","1110","'?豢????'"
"lib\screens\feedback_page.dart","1154","'???貊倏銝凌? : '"
"lib\screens\feedback_page.dart","1164","'?舀 jpg?ng嚗撘萎?頞? 10 MB'"
"lib\screens\feedback_page.dart","1197","'?銝? : '"
"lib\screens\feedback_page.dart","1375","'蝘駁??'"
"lib\screens\feedback_page.dart","1419","'?湔?'"
"lib\screens\help_page.dart","61","'頛???蝧餉陌憭望?嚗?error'"
"lib\screens\help_page.dart","374","'?券'"
"lib\screens\help_page.dart","449","'?暑'"
"lib\screens\help_page.dart","449","'?芯撈'"
"lib\screens\help_page.dart","449","'?亙虜??票敹?撟急?'"
"lib\screens\help_page.dart","450","'?予'"
"lib\screens\help_page.dart","450","'隤'"
"lib\screens\help_page.dart","451","'?予???唾??箸鈭??賊?'"
"lib\screens\help_page.dart","453","'閫'"
"lib\screens\help_page.dart","453","'?萎?'"
"lib\screens\help_page.dart","460","'?暑'"
"lib\screens\help_page.dart","460","'?芯撈'"
"lib\screens\help_page.dart","464","'隤'"
"lib\screens\help_page.dart","465","'?予'"
"lib\screens\help_page.dart","468","'閫'"
"lib\screens\help_page.dart","468","'?萎?'"
"lib\screens\hidden_moments_page.dart","378","'?急????◤?梯?????'"
"lib\screens\interaction_play_page.dart","152","'頞??拇?'"
"lib\screens\language_selection_page.dart","24","'蝜?銝剜?'"
"lib\screens\language_selection_page.dart","29","'Ti廕積g Vi廙'"
"lib\screens\language_selection_page.dart","32","'塈?媢堭堥?堜'"
"lib\screens\language_selection_page.dart","33","'Fran癟ais'"
"lib\screens\language_selection_page.dart","35","'Espa簽ol'"
"lib\screens\language_selection_page.dart","36","'鄐嫩凶鄐兒?鄐舟?'"
"lib\screens\language_selection_page.dart","37","'Portugu礙s'"
"lib\screens\language_selection_page.dart","142","'?豢?雿????隤?'"
"lib\screens\login_page.dart","98","'???餃??嚗之?剛票蝬脣?撌脰??甇交?堆?'"
"lib\screens\login_page.dart","100","'?? 憭折鞎澆?甇交?啣仃?? $e'"
"lib\screens\login_page.dart","163","'Apple ?餃'"
"lib\screens\login_page.dart","168","'Facebook ?餃'"
"lib\screens\login_page.dart","259","'???? $title 憭望?嚗?e'"
"lib\screens\login_page.dart","333","'?梯?摰$title'"
"lib\screens\login_page.dart","392","'???餃'"
"lib\screens\login_page.dart","499","'??撌脰???甈曉????穿?'"
"lib\screens\login_page.dart","506","'??瑼Ｘ璇狡????仃??$e'"
"lib\screens\login_page.dart","529","""? [1. ??] ?渲撌⊿???嚗?敺?AuthService ?..."""
"lib\screens\login_page.dart","563","""? [?航炊] ?餃???潛?撏拇蔑: $e"""
"lib\screens\login_page.dart","573","'????啣虜嚗?蝔??岫嚗?e'"
"lib\screens\login_page.dart","592","""撘瑕???渲閬???隤? $e"""
"lib\screens\login_page.dart","1001","'??渡?'"
"lib\screens\login_page.dart","1040","'?頛憭望?'"
"lib\screens\login_page.dart","1064","'?頛'"
"lib\screens\main_page.dart","147","'?? 霈??甈∪???蝵桀仃??$e'"
"lib\screens\main_page.dart","160","'?? ?脣?銝活銝駁???憭望?嚗?e'"
"lib\screens\main_page.dart","171","""?? ?瑁?瘥隞餃?瑼Ｘ ($today)..."""
"lib\screens\main_page.dart","247","'???曉?'"
"lib\screens\main_page.dart","286","'雿輻??餃'"
"lib\screens\main_page.dart","314","'隞予撌脩?蝪賢??'"
"lib\screens\main_page.dart","418","'??蝪賢憭望?: $e'"
"lib\screens\main_page.dart","424","'隞予撌脩?蝪賢??'"
"lib\screens\main_page.dart","442","'隞予撌脩?蝪賢??'"
"lib\screens\main_page.dart","530","'[?瑼Ｘ] 霅血?嚗??頞?頝喲?'"
"lib\screens\main_page.dart","532","'[?瑼Ｘ] ?潛??航炊: $e'"
"lib\screens\main_page.dart","654","'?刻'"
"lib\screens\memo_page.dart","174","'?桀???賊?嚗?{pending.length}'"
"lib\screens\memo_page.dart","283","'霈????脫??批仃??$error'"
"lib\screens\memo_page.dart","503","'霈?????潛??航炊: ${snapshot.error}'"
"lib\screens\moments_page.dart","87","'???祇??內瘞?部憭望?嚗?e'"
"lib\screens\moments_page.dart","165","'?湔蝷曄黎撌∠旨?脣漲憭望?嚗?e'"
"lib\screens\moments_page.dart","189","'?????脣漲憭望?: $e'"
"lib\screens\moments_page.dart","490","""???芷憭望?: $e"""
"lib\screens\moments_page.dart","522","""????靽∩辣憭望?: $e"""
"lib\screens\moments_page.dart","601","""霈???萄遣???脣?銵典仃?? $e"""
"lib\screens\moments_page.dart","839","""霈?雿??仃?? $e"""
"lib\screens\moments_page.dart","1298","'?迂 AI ?芸????拙振??'"
"lib\screens\moments_page.dart","1487","'??????憭望?嚗?url嚗?error'"
"lib\screens\moments_page.dart","1512","'???梯???憭望?: $e'"
"lib\screens\moments_page.dart","1549","'??撠?閫憭望?: $e'"
"lib\screens\moments_page.dart","1617","'?梯???憭望?: $e'"
"lib\screens\moments_page.dart","1718","'撠?閫憭望?: $e'"
"lib\screens\moment_card.dart","124","""?? ?曆???ShowCaseWidget: $e"""
"lib\screens\moment_card.dart","212","'????憭望?嚗?e'"
"lib\screens\moment_card.dart","229","""瑼Ｘ?嗉?憭望?: $e"""
"lib\screens\moment_card.dart","281","""?湔?嗉?蝝?仃?? $e"""
"lib\screens\moment_card.dart","371","'?? 霈??憭抵??脣仃??'"
"lib\screens\moment_card.dart","372","'$characterId嚗?e'"
"lib\screens\moment_card.dart","385","'??霈??憭抵??脣?銵典仃??$e'"
"lib\screens\moment_card.dart","577","'? 頧 AI ???嚗?rawResponse'"
"lib\screens\moment_card.dart","585","'?? 頧閮撌脤嚗? AI ??澆?銝?拐辣'"
"lib\screens\moment_card.dart","610","'?? 頧閮撌脤嚗? AI 隢??芣???'"
"lib\screens\moment_card.dart","619","'?? MomentCard 皞?撖怠 directResponse'"
"lib\screens\moment_card.dart","657","'? MomentCard 皞?撖怠 completed response'"
"lib\screens\moment_card.dart","664","'??頧 AI 隢?撌脣???'"
"lib\screens\moment_card.dart","665","'銝 MomentCard ??撖怠閮'"
"lib\screens\moment_card.dart","686","""??頧憭望?: $e"""
"lib\screens\moment_card.dart","941","""https://apps.apple.com/tw/app/???曉?/id6773677178"""
"lib\screens\moment_detail_page.dart","109","'霈?底蝝圈???頨怠?憭望?嚗?error'"
"lib\screens\moment_detail_page.dart","161","'霈?底蝝圈???閫憭望?嚗?error'"
"lib\screens\moment_detail_page.dart","281","""???芷憭望?: $e"""
"lib\screens\moment_detail_page.dart","309","'?? playerID 憭望?: $e'"
"lib\screens\moment_detail_page.dart","333","""??憭望?: $e"""
"lib\screens\moment_detail_page.dart","383","""????靽∩辣憭望?: $e"""
"lib\screens\moment_detail_page.dart","511","'??閰喟敦??閮憭望?嚗?error'"
"lib\screens\moment_detail_page.dart","569","""?? 撌脩??Tag ?蝯?$name ?扛慦?($motherUid)"""
"lib\screens\moment_detail_page.dart","576","""???? Tag 璅酉憭望?: $e"""
"lib\screens\moment_search_page.dart","145","'???曉??仃??$error'"
"lib\screens\moment_search_page.dart","323","'?曆??啁???祇?鞎潭?'"
"lib\screens\my_characters_list_page.dart","60","""霈???萄遣???脣?銵典仃?? $e"""
"lib\screens\notification_list_page.dart","62","'?? ?郊瘣餃?蝳桃靽∩辣?潛??航炊嚗?error'"
"lib\screens\notification_list_page.dart","232","'???寞活?芷靽∩辣憭望?嚗?e'"
"lib\screens\notification_list_page.dart","1230","'????瘣餃?蝳桃?潛??航炊嚗?error'"
"lib\screens\notification_list_page.dart","1717","'????靽∩辣?澈??憭望?嚗?error'"
"lib\screens\notification_list_page.dart","1847","'???湔靽∩辣?嗉???仃??$error'"
"lib\screens\notification_list_page.dart","1986","'?澈靽∩辣'"
"lib\screens\notification_list_page.dart","2342","'靘 ${widget.fromName} ??憭縑'"
"lib\screens\onboarding_page.dart","5","'; // ??靽格迤嚗圾瘙?Undefined name '"
"lib\screens\onboarding_page.dart","6","'; // ??靽格迤嚗圾瘙?ThemeNotifier isn'"
"lib\screens\period_tracker_page.dart","90","'?弘'"
"lib\screens\period_tracker_page.dart","91","'雿'"
"lib\screens\period_tracker_page.dart","93","'?抵?'"
"lib\screens\period_tracker_page.dart","95","'?行'"
"lib\screens\period_tracker_page.dart","99","'?寧?'"
"lib\screens\period_tracker_page.dart","100","'?啁?'"
"lib\screens\period_tracker_page.dart","101","'?剔?'"
"lib\screens\period_tracker_page.dart","102","'?貉'"
"lib\screens\period_tracker_page.dart","103","'瘞渲'"
"lib\screens\period_tracker_page.dart","104","'?喟'"
"lib\screens\period_tracker_page.dart","105","'憌憓?'"
"lib\screens\period_tracker_page.dart","106","'?貉?銝'"
"lib\screens\period_tracker_page.dart","332","'?? ???????蝘餃仃??$e'"
"lib\screens\period_tracker_page.dart","417","'??霈?????格蝝?仃??$e'"
"lib\screens\period_tracker_page.dart","632","'???脣????閮仃??$e'"
"lib\screens\period_tracker_page.dart","856","'雿'"
"lib\screens\period_tracker_page.dart","858","'?抵?'"
"lib\screens\period_tracker_page.dart","860","'?行'"
"lib\screens\period_tracker_page.dart","868","'?寧?'"
"lib\screens\period_tracker_page.dart","869","'?啁?'"
"lib\screens\period_tracker_page.dart","870","'?剔?'"
"lib\screens\period_tracker_page.dart","871","'?貉'"
"lib\screens\period_tracker_page.dart","872","'瘞渲'"
"lib\screens\period_tracker_page.dart","873","'?喟'"
"lib\screens\period_tracker_page.dart","874","'憌憓?'"
"lib\screens\period_tracker_page.dart","875","'?貉?銝'"
"lib\screens\period_tracker_page.dart","1360","').format(record.startDate)}嚗?{DateFormat('"
"lib\screens\preference_selection_page.dart","23","'?扳瘞?釭'"
"lib\screens\preference_selection_page.dart","25","'皞急?'"
"lib\screens\preference_selection_page.dart","26","'擃'"
"lib\screens\preference_selection_page.dart","27","'?寥?'"
"lib\screens\preference_selection_page.dart","28","'?脣?'"
"lib\screens\preference_selection_page.dart","29","'敹'"
"lib\screens\preference_selection_page.dart","31","'蟡?'"
"lib\screens\preference_selection_page.dart","32","'瘝餌?'"
"lib\screens\preference_selection_page.dart","37","'???餃僑朣⊥?'"
"lib\screens\preference_selection_page.dart","39","'撟港?'"
"lib\screens\preference_selection_page.dart","40","'撟港?'"
"lib\screens\preference_selection_page.dart","44","'??瘞?'"
"lib\screens\preference_selection_page.dart","46","'?貊蜇'"
"lib\screens\preference_selection_page.dart","48","'?瑕'"
"lib\screens\preference_selection_page.dart","49","'?日◢'"
"lib\screens\preference_selection_page.dart","50","'?犖'"
"lib\screens\preference_selection_page.dart","125","'???脣??末憭望?嚗?e'"
"lib\screens\preference_selection_page.dart","198","'?豢? 3嚚? ???迭????'"
"lib\screens\preference_selection_page.dart","298","'撌脤'"
"lib\screens\preference_selection_page.dart","359","'撠勗??ㄐ??'"
"lib\screens\profile_page.dart","210","'??摰?蝬嚗???FB 憭折鞎澆歇瘞訾??脫??摨恬?'"
"lib\screens\profile_page.dart","215","'?? ???啁雯?敺??嗡?頛仃????Ⅳ: ${response.statusCode}'"
"lib\screens\profile_page.dart","220","'?? ?捏?券??剝?銝??菜?: $e'"
"lib\screens\profile_page.dart","272","""???拙振 ID 頛?郊??嚗?finalID, ?????$isChanged"""
"lib\screens\profile_page.dart","275","""??霈?摰?PID 憭望?: $e"""
"lib\screens\profile_page.dart","413","'隞予撌脩?蝪賢??'"
"lib\screens\profile_page.dart","513","""????蝪賢憭望?: $e"""
"lib\screens\profile_page.dart","518","'隞予撌脩?蝪賢??'"
"lib\screens\profile_page.dart","890","'???犖????郊憭望?嚗?error'"
"lib\screens\profile_page.dart","915","'???梯暺憭望?: $error'"
"lib\screens\profile_page.dart","987","'); // 餈? '"
"lib\screens\profile_page.dart","1189","'? ???蝝?摰?隤歹?$e'"
"lib\screens\profile_page.dart","1667","'?桀?蝝舐?瘚芣憤蝢?'"
"lib\screens\profile_page.dart","1673","'?? 撖阡?蝳桃?閫?????'"
"lib\screens\profile_page.dart","1695","'??蝝?祕擃?VIP 撠惇蝳桃?'"
"lib\screens\profile_page.dart","1723","'靽格?嗡辣?啣?鞈?'"
"lib\screens\profile_page.dart","1723","'?? 撌脰圾??暺迨憛怠神?嗡辣鞈?'"
"lib\screens\profile_page.dart","1784","'???拙振撠???曉???璆菔摰?\n隢‵撖思誑銝隞嗉?閮????箸撖?撅祆?撖思縑???脖誨銵典?憡?'"
"lib\screens\profile_page.dart","1800","'?舐窗?餉店'"
"lib\screens\profile_page.dart","1809","'摰?嗡辣?啣?嚗?菟????'"
"lib\screens\profile_page.dart","1817","'?唾??嗅???脖誨銵典???'"
"lib\screens\profile_page.dart","1828","'蝔?憛怠神'"
"lib\screens\profile_page.dart","1864","'蝣箄??'"
"lib\screens\profile_page.dart","2041","'?砍?'"
"lib\screens\profile_page.dart","2062","'閮剖?'"
"lib\screens\profile_page.dart","2145","'霈???仃?? $e'"
"lib\screens\profile_page.dart","2246","'?芣?隞晶'"
"lib\screens\profile_page.dart","2305","'霈???仃?? $e'"
"lib\screens\profile_page.dart","2502","'撌脩偷?? : '"
"lib\screens\profile_page.dart","2899","'?迭'"
"lib\screens\profile_page.dart","2931","'撌脩偷?? : '"
"lib\screens\profile_page.dart","2936","'隞予撌脩?銝雲頝? : '"
"lib\screens\profile_page.dart","2955","'閮?敹??祇?'"
"lib\screens\profile_page.dart","3142","'?萄遣?'"
"lib\screens\profile_page.dart","3245","'?????犖???憭望?嚗?e'"
"lib\screens\profile_page.dart","4090","'??霈?雿撣??仃??$e'"
"lib\screens\profile_page.dart","4240","'撖思?甇文'"
"lib\screens\profile_page.dart","4306","'???犖??霈?仃??$_profileMomentsError'"
"lib\screens\profile_page.dart","4619","'???芷??憭望?嚗?e'"
"lib\screens\profile_page.dart","4667","'?犖銝駁?蝷曄黎撌∠旨蝝?仃??$e'"
"lib\screens\profile_page.dart","4745","""?Ｙ? PlayerID 憭望?: $e"""
"lib\screens\profile_page.dart","4841","'?對? ?犖閫?祆?敹怠?撠撱箇?嚗?e'"
"lib\screens\profile_page.dart","4858","'?????芸楛???脰????潛??航炊: $e'"
"lib\screens\profile_page.dart","4923","'?? 憟賢?閫??湔憭望?嚗?e'"
"lib\screens\qixi_event_page.dart","211","'霈??憭暑?脣漲憭望?嚗?error'"
"lib\screens\qixi_event_page.dart","458","'撱箇?銝??予摰文仃??$error'"
"lib\screens\qixi_event_page.dart","624","'蟡?閫'"
"lib\screens\qixi_event_page.dart","786","'蟡?閫'"
"lib\screens\recommendation_page.dart","37","'?貊蜇'"
"lib\screens\recommendation_page.dart","37","'?貊蜇'"
"lib\screens\recommendation_page.dart","37","'?賊?蝮質?'"
"lib\screens\recommendation_page.dart","37","'蝮質?'"
"lib\screens\recommendation_page.dart","37","'鞎⊿'"
"lib\screens\recommendation_page.dart","38","'皞急?'"
"lib\screens\recommendation_page.dart","38","'皞急?'"
"lib\screens\recommendation_page.dart","38","'皞急?蝟?, '"
"lib\screens\recommendation_page.dart","38","'?頂'"
"lib\screens\recommendation_page.dart","38","'撖菜犖'"
"lib\screens\recommendation_page.dart","39","'擃'"
"lib\screens\recommendation_page.dart","39","'擃'"
"lib\screens\recommendation_page.dart","39","'?瑟楚'"
"lib\screens\recommendation_page.dart","39","'撖∟?'"
"lib\screens\recommendation_page.dart","39","'蝳'"
"lib\screens\recommendation_page.dart","40","'?寥?'"
"lib\screens\recommendation_page.dart","40","'?寥?'"
"lib\screens\recommendation_page.dart","40","'敹?'"
"lib\screens\recommendation_page.dart","41","'撟港?'"
"lib\screens\recommendation_page.dart","41","'撟港?'"
"lib\screens\recommendation_page.dart","41","'撘?'"
"lib\screens\recommendation_page.dart","41","'撘頂'"
"lib\screens\recommendation_page.dart","41","'摮詨?'"
"lib\screens\recommendation_page.dart","42","'撟港?'"
"lib\screens\recommendation_page.dart","42","'撟港?'"
"lib\screens\recommendation_page.dart","42","'?頂'"
"lib\screens\recommendation_page.dart","42","'摮賊'"
"lib\screens\recommendation_page.dart","43","'?脣?'"
"lib\screens\recommendation_page.dart","43","'?脣?'"
"lib\screens\recommendation_page.dart","43","'?渡′'"
"lib\screens\recommendation_page.dart","43","'敶'"
"lib\screens\recommendation_page.dart","44","'敹'"
"lib\screens\recommendation_page.dart","44","'敹'"
"lib\screens\recommendation_page.dart","44","'暺犖'"
"lib\screens\recommendation_page.dart","44","'撠?'"
"lib\screens\recommendation_page.dart","44","'摰風'"
"lib\screens\recommendation_page.dart","44","'敹?'"
"lib\screens\recommendation_page.dart","45","'暺?'"
"lib\screens\recommendation_page.dart","46","'蟡?'"
"lib\screens\recommendation_page.dart","46","'蟡?'"
"lib\screens\recommendation_page.dart","46","'雓見'"
"lib\screens\recommendation_page.dart","46","'瘛曹??舀葫'"
"lib\screens\recommendation_page.dart","47","'瘝餌?'"
"lib\screens\recommendation_page.dart","47","'瘝餌?'"
"lib\screens\recommendation_page.dart","47","'皞急?'"
"lib\screens\recommendation_page.dart","47","'摰?'"
"lib\screens\recommendation_page.dart","48","'?榆??: ['"
"lib\screens\recommendation_page.dart","48","'?榆??, '"
"lib\screens\recommendation_page.dart","48","'憭?抒'"
"lib\screens\recommendation_page.dart","49","'摮貊?'"
"lib\screens\recommendation_page.dart","49","'摮賊'"
"lib\screens\recommendation_page.dart","49","'摮詨?'"
"lib\screens\recommendation_page.dart","49","'?飛'"
"lib\screens\recommendation_page.dart","49","'?葦'"
"lib\screens\recommendation_page.dart","50","'?瑕'"
"lib\screens\recommendation_page.dart","50","'?瑕'"
"lib\screens\recommendation_page.dart","50","'銝'"
"lib\screens\recommendation_page.dart","50","'蝘'"
"lib\screens\recommendation_page.dart","50","'蝮賜'"
"lib\screens\recommendation_page.dart","50","'蝬?'"
"lib\screens\recommendation_page.dart","51","'?日◢'"
"lib\screens\recommendation_page.dart","51","'?日◢'"
"lib\screens\recommendation_page.dart","51","'?支誨'"
"lib\screens\recommendation_page.dart","51","'憭芸?'"
"lib\screens\recommendation_page.dart","51","'撠?'"
"lib\screens\recommendation_page.dart","51","'瘙?'"
"lib\screens\recommendation_page.dart","51","'甇虫?'"
"lib\screens\recommendation_page.dart","52","'?犖'"
"lib\screens\recommendation_page.dart","52","'?犖'"
"lib\screens\recommendation_page.dart","52","'?貉?擛?, '"
"lib\screens\recommendation_page.dart","52","'憒?, '"
"lib\screens\recommendation_page.dart","52","'蟡?'"
"lib\screens\recommendation_page.dart","52","'蝎暸?'"
"lib\screens\recommendation_page.dart","52","'?訾犖'"
"lib\screens\recommendation_page.dart","52","'鈭粹?'"
"lib\screens\recommendation_page.dart","82","'撠?餃'"
"lib\screens\recommendation_page.dart","197","'??頛?刻憭望?嚗?e'"
"lib\screens\recommendation_page.dart","378","'靘雿?餈?鈭??箔??渡?'"
"lib\screens\recommendation_page.dart","453","'?? 閮??刻鈭?憭望?嚗?e'"
"lib\screens\recommendation_page.dart","508","'?頛'"
"lib\screens\recommendation_page.dart","648","'頞?頞?雿??末'"
"lib\screens\recommendation_page.dart","675","'銋迂雿??迭'"
"lib\screens\recommendation_page.dart","832","'?箔??刻'"
"lib\screens\recommendation_page.dart","832","'蝎暸?賊?'"
"lib\screens\recommendation_page.dart","1122","'?Ｙ揣'"
"lib\screens\recommendation_page.dart","1224","'?雿?甇～${initialMatchedTags.take(2).join('"
"lib\screens\recommendation_page.dart","1228","'?餈???撠犖暺脣??'"
"lib\screens\recommendation_page.dart","1231","'銋迂?雿?銝甈∪?憟賜??賊?'"
"lib\screens\scene_page.dart","118","'蝣箏?閬?扎?{title.isEmpty ? '"
"lib\screens\scene_page.dart","132","'?芷'"
"lib\screens\scene_page.dart","263","'蝯??'"
"lib\screens\scene_page.dart","350","'?桀?甇??脰?'"
"lib\screens\scene_page.dart","375","'蝯??'"
"lib\screens\scene_page.dart","451","'閫?嚗?opening'"
"lib\screens\scene_page.dart","467","'蝺刻摩'"
"lib\screens\scene_page.dart","477","'?芷'"
"lib\screens\scene_page.dart","592","'???撌梁??'"
"lib\screens\scene_page.dart","618","'?啣??'"
"lib\screens\scene_page.dart","694","'?芾??萄遣'"
"lib\screens\search_character_page.dart","109","'???????????脣仃??$e'"
"lib\screens\search_character_page.dart","135","'?????????雿仃??$e'"
"lib\screens\search_character_page.dart","265","'??閫?雿璆剜?璅惜'"
"lib\screens\search_character_page.dart","271","'皜'"
"lib\screens\search_character_page.dart","358","'皜'"
"lib\screens\search_character_page.dart","453","'??閫?亥岷憭望?嚗?{snapshot.error}'"
"lib\screens\select_chat_page.dart","140","'?????脣??仃??$error'"
"lib\screens\select_chat_page.dart","161","""??霈?末??銵典仃?? $e"""
"lib\screens\select_chat_page.dart","176","""??霈????銵典仃?? $e"""
"lib\screens\select_chat_page.dart","197","'??霈???雿?銵典仃?? $e'"
"lib\screens\select_chat_page.dart","255","'? ?祆活?洵銝雿??莎?'"
"lib\screens\select_chat_page.dart","262","'??霈?????脣仃??$e'"
"lib\screens\select_chat_page.dart","610","'?桀????隞仿???閫'"
"lib\screens\select_chat_page.dart","683","'鈭箸除璁??脤???亙仃??$error'"
"lib\screens\select_chat_page.dart","754","'?券'"
"lib\screens\select_chat_page.dart","759","'?券'"
"lib\screens\select_chat_page.dart","760","'?貊蜇'"
"lib\screens\select_chat_page.dart","761","'撟港?'"
"lib\screens\select_chat_page.dart","762","'撟港?'"
"lib\screens\select_chat_page.dart","764","'?瑕'"
"lib\screens\select_chat_page.dart","765","'?日◢'"
"lib\screens\select_chat_page.dart","766","'隞?'"
"lib\screens\select_chat_page.dart","768","'敹'"
"lib\screens\select_chat_page.dart","769","'擃'"
"lib\screens\select_chat_page.dart","770","'??蝡寥收'"
"lib\screens\select_chat_page.dart","771","'撣怠?'"
"lib\screens\select_chat_page.dart","772","'?秘'"
"lib\screens\select_chat_page.dart","773","'?犖'"
"lib\screens\select_chat_page.dart","774","'?嗡?'"
"lib\screens\select_chat_page.dart","782","'?貊蜇'"
"lib\screens\select_chat_page.dart","782","'?貊蜇'"
"lib\screens\select_chat_page.dart","782","'?賊?蝮質?'"
"lib\screens\select_chat_page.dart","782","'蝮質?'"
"lib\screens\select_chat_page.dart","782","'鞎⊿'"
"lib\screens\select_chat_page.dart","783","'撟港?'"
"lib\screens\select_chat_page.dart","783","'撟港?'"
"lib\screens\select_chat_page.dart","783","'?頂'"
"lib\screens\select_chat_page.dart","784","'撟港?'"
"lib\screens\select_chat_page.dart","784","'撟港?'"
"lib\screens\select_chat_page.dart","784","'撘?'"
"lib\screens\select_chat_page.dart","784","'撘頂'"
"lib\screens\select_chat_page.dart","785","'摮貊?'"
"lib\screens\select_chat_page.dart","785","'摮賊'"
"lib\screens\select_chat_page.dart","785","'摮詨?'"
"lib\screens\select_chat_page.dart","785","'?飛'"
"lib\screens\select_chat_page.dart","785","'?葦'"
"lib\screens\select_chat_page.dart","786","'?瑕'"
"lib\screens\select_chat_page.dart","786","'?瑕'"
"lib\screens\select_chat_page.dart","786","'銝'"
"lib\screens\select_chat_page.dart","786","'蝘'"
"lib\screens\select_chat_page.dart","786","'蝮賜'"
"lib\screens\select_chat_page.dart","786","'蝬?'"
"lib\screens\select_chat_page.dart","787","'?日◢'"
"lib\screens\select_chat_page.dart","787","'?日◢'"
"lib\screens\select_chat_page.dart","787","'?支誨'"
"lib\screens\select_chat_page.dart","787","'憭芸?'"
"lib\screens\select_chat_page.dart","787","'撠?'"
"lib\screens\select_chat_page.dart","787","'瘙?'"
"lib\screens\select_chat_page.dart","787","'甇虫?'"
"lib\screens\select_chat_page.dart","788","'隞?'"
"lib\screens\select_chat_page.dart","788","'隞?'"
"lib\screens\select_chat_page.dart","788","'靽桐?'"
"lib\screens\select_chat_page.dart","788","'隞?'"
"lib\screens\select_chat_page.dart","788","'摰蜓'"
"lib\screens\select_chat_page.dart","788","'撣怠?'"
"lib\screens\select_chat_page.dart","788","'隞?'"
"lib\screens\select_chat_page.dart","788","'擳?'"
"lib\screens\select_chat_page.dart","789","'暺?'"
"lib\screens\select_chat_page.dart","790","'敹'"
"lib\screens\select_chat_page.dart","790","'敹'"
"lib\screens\select_chat_page.dart","790","'暺犖'"
"lib\screens\select_chat_page.dart","790","'撠?'"
"lib\screens\select_chat_page.dart","790","'摰風'"
"lib\screens\select_chat_page.dart","790","'敹?'"
"lib\screens\select_chat_page.dart","791","'擃'"
"lib\screens\select_chat_page.dart","791","'擃'"
"lib\screens\select_chat_page.dart","791","'?瑟楚'"
"lib\screens\select_chat_page.dart","791","'撖∟?'"
"lib\screens\select_chat_page.dart","791","'蝳'"
"lib\screens\select_chat_page.dart","792","'??蝡寥收'"
"lib\screens\select_chat_page.dart","792","'??蝡寥收'"
"lib\screens\select_chat_page.dart","792","'蝡寥收'"
"lib\screens\select_chat_page.dart","793","'撣怠?'"
"lib\screens\select_chat_page.dart","793","'撣怠?'"
"lib\screens\select_chat_page.dart","793","'撣怎'"
"lib\screens\select_chat_page.dart","793","'撣怠?'"
"lib\screens\select_chat_page.dart","793","'敺?'"
"lib\screens\select_chat_page.dart","794","'?秘'"
"lib\screens\select_chat_page.dart","794","'?秘'"
"lib\screens\select_chat_page.dart","794","'撖菜犖'"
"lib\screens\select_chat_page.dart","794","'皞急?'"
"lib\screens\select_chat_page.dart","794","'瘝餌?'"
"lib\screens\select_chat_page.dart","795","'?犖'"
"lib\screens\select_chat_page.dart","795","'?犖'"
"lib\screens\select_chat_page.dart","795","'?貉?擛?, '"
"lib\screens\select_chat_page.dart","795","'憒?, '"
"lib\screens\select_chat_page.dart","795","'蟡?'"
"lib\screens\select_chat_page.dart","795","'蝎暸?'"
"lib\screens\select_chat_page.dart","795","'?訾犖'"
"lib\screens\select_chat_page.dart","795","'鈭粹?'"
"lib\screens\select_chat_page.dart","876","'?券'"
"lib\screens\select_chat_page.dart","877","'?嗡?'"
"lib\screens\select_chat_page.dart","879","'?券'"
"lib\screens\select_chat_page.dart","879","'?嗡?'"
"lib\screens\select_chat_page.dart","1000","'??憿??瘝?閫'"
"lib\screens\select_chat_page.dart","2034","'???亦??游?霈?????脣仃??$e'"
"lib\screens\settings_page.dart","212","""?? 撘瑕?瑟??憭望?嚗?賡?閬??啁?? $e"""
"lib\screens\settings_page.dart","266","'?潛??航炊'"
"lib\screens\settings_page.dart","558","'?湔撖Ⅳ'"
"lib\screens\settings_page.dart","585","'蝞∠?'"
"lib\screens\settings_page.dart","590","'蝞∠?敺'"
"lib\screens\settings_page.dart","591","'?曉??折蝞∠?撌亙'"
"lib\screens\settings_page.dart","684","'???曉?'"
"lib\screens\splash_loading_screen.dart","38","""????憭望?: $e"""
"lib\screens\storage_test_page.dart","28","'甇??豢???...'"
"lib\screens\storage_test_page.dart","42","'??撌脤??頝臬?: ${image.path}'"
"lib\screens\storage_test_page.dart","55","'?航炊嚗????撘萄????賭??喉?'"
"lib\screens\storage_test_page.dart","61","'銝銝哨?隢???..'"
"lib\screens\storage_test_page.dart","68","'?航炊嚗蝙?刻?餃'"
"lib\screens\storage_test_page.dart","82","'--- ??銝??Firebase Storage ---'"
"lib\screens\storage_test_page.dart","86","'--- 銝??嚗迤?典?敺?頛雯?... ---'"
"lib\screens\storage_test_page.dart","89","'--- ??蝬脣???嚗RL: $url ---'"
"lib\screens\storage_test_page.dart","96","'!!! 銝頞? !!!'"
"lib\screens\storage_test_page.dart","101","'!!! 銝憭望?: $e'"
"lib\screens\storage_test_page.dart","116","'Firebase Storage 皜祈岫'"
"lib\screens\storage_test_page.dart","184","'1. ?豢???'"
"lib\screens\storage_test_page.dart","199","'2. 銝??Firebase'"
"lib\screens\store_page.dart","325","'?堻? 塈?堥媟塈?堜 塈?奡?堭?堜'"
"lib\screens\store_page.dart","332","'?? ?到'"
"lib\screens\store_page.dart","335","'鉊萵鉊腦鉊?葡鉊Ｒ?鉊虞鉊冢?'"
"lib\screens\store_page.dart","336","'Th廕?th獺ng'"
"lib\screens\store_page.dart","337","'?撠?'"
"lib\screens\store_page.dart","646","'???曉?'"
"lib\screens\store_page.dart","646","'20 暺??+ 撠惇?唳?蝔梯?'"
"lib\screens\store_page.dart","647","'敺桀??詨?'"
"lib\screens\store_page.dart","647","'撠惇?剖?獢凝???, '"
"lib\screens\store_page.dart","648","'?征?Ｗ?'"
"lib\screens\store_page.dart","648","'撠惇?予瘞?部 + 50 暺??, '"
"lib\screens\store_page.dart","649","'瘚芣憤憭'"
"lib\screens\store_page.dart","649","'撠惇 App 獢?內 (Icon)'"
"lib\screens\store_page.dart","650","'?衣敹?'"
"lib\screens\store_page.dart","650","'暺??Ｗ??寞? (Lottie) + 100 暺??, '"
"lib\screens\store_page.dart","651","'瘞豢?隤?'"
"lib\screens\store_page.dart","651","'?脤????剖?獢?+ 200 暺??, '"
"lib\screens\store_page.dart","652","'??鈭斗?'"
"lib\screens\store_page.dart","652","'???予瘞?部?寞? + 撠惇?脤?蝔梯?'"
"lib\screens\store_page.dart","653","'撠惇摰?, '"
"lib\screens\store_page.dart","653","'?????? + 500 暺??, '"
"lib\screens\store_page.dart","654","'??冽?瘝?, '"
"lib\screens\store_page.dart","654","'撠惇?脣 Lottie ?寞? + 撠惇摰Ｘ?'"
"lib\screens\store_page.dart","655","'???舀?'"
"lib\screens\store_page.dart","655","'?祕擃?VIP 撠惇蝳桃????神靽?隞?”憡?'"
"lib\screens\store_page.dart","741","'蝝舐?瘚芣憤蝢?'"
"lib\screens\store_page.dart","758","'?典歇閫?????蝝甈?'"
"lib\screens\store_page.dart","1627","'蝪賢'"
"lib\screens\store_page.dart","1631","'?予'"
"lib\screens\store_page.dart","1636","'??憟?'"
"lib\screens\store_page.dart","1639","'蝳桀?'"
"lib\screens\store_page.dart","1644","'鋆?'"
"lib\screens\story_summary_page.dart","263","'???霈??????憭望?: $e'"
"lib\screens\story_summary_page.dart","534","'撖思?雿???...'"
"lib\screens\user_profile_popup.dart","120","'?身瑼?'"
"lib\screens\user_profile_popup.dart","160","'霈???獢仃?? $e'"
"lib\screens\user_profile_popup.dart","347","'??閮??曉?瑼?蝔?憛怠神憭望?嚗?e'"
"lib\screens\user_profile_popup.dart","489","'嚗? ${l10n.createNewProfileButton}'"
"lib\screens\user_profile_popup.dart","624","'  繚  '"
"lib\screens\user_profile_popup.dart","699","'?箸鞈?'"
"lib\screens\welcome_guide_page.dart","296","'?券ㄐ嚗?銝甈∠??'"
"lib\screens\welcome_guide_page.dart","298","'撣?????曉???芯撈雿?'"
"lib\screens\welcome_guide_page.dart","333","'?予璅∪?'"
"lib\screens\welcome_guide_page.dart","337","'????曉???靘?蝔株?憭拇芋撘?'"
"lib\screens\welcome_guide_page.dart","349","'?亙虜璅∪?'"
"lib\screens\welcome_guide_page.dart","355","'??璅∪?'"
"lib\screens\welcome_guide_page.dart","361","'瘝絡璅∪?'"
"lib\screens\welcome_guide_page.dart","407","'???迭???脣?嚗隞亙??亙末??'"
"lib\screens\welcome_guide_page.dart","408","'???予鈭???鈭怎?瘣鳴?'"
"lib\screens\welcome_guide_page.dart","431","'?游??批捆'"
"lib\services\app_update_service.dart","170","'?? 瑼Ｘ App ?湔憭望?嚗?error'"
"lib\services\auth_service.dart","46","""🌐 執行網頁版 Google 登入..."""
"lib\services\auth_service.dart","54","""📱 執行手機版 Google 登入..."""
"lib\services\auth_service.dart","73","""Firebase 登入成功！使用者: ${userCredential.user?.displayName}"""
"lib\services\auth_service.dart","87","""🔴 Google 登入時發生錯誤: $e"""
"lib\services\auth_service.dart","95","'🧪 開始信箱註冊 email=$email'"
"lib\services\auth_service.dart","102","'✅ Firebase Auth 註冊成功 uid=${userCredential.user?.uid}'"
"lib\services\auth_service.dart","105","'🧪 準備建立 Firestore user document'"
"lib\services\auth_service.dart","107","'✅ Firestore user document 建立/補洞完成'"
"lib\services\auth_service.dart","115","'❌ 信箱註冊 FirebaseAuthException code=${e.code}, message=${e.message}'"
"lib\services\auth_service.dart","118","'❌ 信箱註冊未知錯誤: $e'"
"lib\services\auth_service.dart","143","'信箱登入失敗: ${e.message}'"
"lib\services\auth_service.dart","150","""🚀 開始執行強制登出..."""
"lib\services\auth_service.dart","168","""❌ 登出發生災難: $e"""
"lib\services\auth_service.dart","179","""🌐 執行網頁版 Facebook 登入..."""
"lib\services\auth_service.dart","185","""📱 執行手機版 Facebook 登入..."""
"lib\services\auth_service.dart","198","""🔑 抓到的 FB Token 是: ${result.accessToken!.tokenString}"""
"lib\services\auth_service.dart","203","""🍎 偵測到 iOS 限定 OIDC 長憑證，切換專屬驗證通道..."""
"lib\services\auth_service.dart","210","""🤖 偵測到傳統 Facebook 短憑證..."""
"lib\services\auth_service.dart","216","""⚠️ Facebook 登入取消或失敗: ${result.message}"""
"lib\services\auth_service.dart","221","""🎉 Facebook 登入成功！使用者: ${userCredential.user?.displayName}"""
"lib\services\auth_service.dart","235","""🔴 Facebook 登入時發生錯誤: $e"""
"lib\services\auth_service.dart","271","'Apple 登入報錯: $e'"
"lib\services\auth_service.dart","299","""尚未登入"""
"lib\services\auth_service.dart","313","""❌ 取消刪除失敗: $e"""
"lib\services\auth_service.dart","314","""取消刪除帳號失敗，請稍後再試"""
"lib\services\auth_service.dart","327","""✅ 帳號刪除完成"""
"lib\services\auth_service.dart","330","""❌ 刪除失敗: $e"""
"lib\services\auth_service.dart","331","""刪除帳號失敗"""
"lib\services\auth_service.dart","340","""尚未登入"""
"lib\services\auth_service.dart","355","""❌ 申請刪除失敗: $e"""
"lib\services\auth_service.dart","356","""申請刪除帳號失敗，請稍後再試"""
"lib\services\auth_service.dart","380","""⚠️ 玩家文件已存在，不需要修復：$uid"""
"lib\services\auth_service.dart","389","'初識的旅人'"
"lib\services\auth_service.dart","390","'初識的旅人'"
"lib\services\auth_service.dart","414","""✅ 玩家資料修復完成 UID=$uid"""
"lib\services\auth_service.dart","417","""❌ 玩家資料修復失敗：$e"""
"lib\services\auth_service.dart","468","""⚠️ 發現玩家資料異常 UID=${user.uid}，存在子集合但 users 文件不存在"""
"lib\services\auth_service.dart","478","""初識的旅人"""
"lib\services\auth_service.dart","480","""初識的旅人"""
"lib\services\auth_service.dart","503","""✅ 玩家資料修復完成 UID=${user.uid}, 花花=$repairedFlowerPoints"""
"lib\services\auth_service.dart","512","""初識的旅人"""
"lib\services\auth_service.dart","513","""初識的旅人"""
"lib\services\auth_service.dart","532","'新手禮物'"
"lib\services\auth_service.dart","555","""初識的旅人"""
"lib\services\auth_service.dart","559","""初識的旅人"""
"lib\services\butterfly_loading_view.dart","52","""甇??????..."""
"lib\services\character_block_service.dart","25","'隢??餃敺?撠?閫'"
"lib\services\character_block_service.dart","56","'撠?閫'"
"lib\services\character_block_service.dart","60","'蝣箏?閬???{character.name}??嚗n\n'"
"lib\services\character_block_service.dart","85","'蝣箄?撠?'"
"lib\services\character_block_service.dart","117","'? ??撠?閫嚗?{character.name} (${character.id})'"
"lib\services\character_block_service.dart","142","'??blockedCharacters 撖怠??嚗?{character.id}'"
"lib\services\character_block_service.dart","159","'??撠?閫憭望?嚗?e'"
"lib\services\character_block_service.dart","169","'撠?憭望?嚗?蝔??岫'"
"lib\services\character_block_service.dart","210","'??閫?撠?憭望?嚗?e'"
"lib\services\character_block_service.dart","220","'閫?撠?憭望?嚗?蝔??岫'"
"lib\services\character_report_service.dart","22","'隢??餃敺?瑼Ｚ?閫'"
"lib\services\character_report_service.dart","61","'瑼Ｚ?撌脤嚗????脰?撖拇'"
"lib\services\character_report_service.dart","68","'????閫瑼Ｚ??仃??$e'"
"lib\services\character_report_service.dart","79","'?⊥???瑼Ｚ??嚗?蝔??岫'"
"lib\services\daily_task_service.dart","165","'??蝷曄黎撌∠旨隞餃?蝝?仃??$e'"
"lib\services\help_translation_admin_service.dart","105","'甇?蝧餉陌??嚗?{category.title}'"
"lib\services\help_translation_admin_service.dart","170","'皞?蝧餉陌 ${targetLanguage.toUpperCase()}...'"
"lib\services\help_translation_admin_service.dart","193","'蝧餉陌?脣漲 ${index + 1}/'"
"lib\services\help_translation_admin_service.dart","221","'甇?撖怠 Firestore...'"
"lib\services\profile_service.dart","58","""甇?ID 撌脰◤雿輻嚗?????"""
"lib\services\purchase_service.dart","41","""??鞈潸眺?湔??隤? $error"""
"lib\services\purchase_service.dart","81","""?? ?曆??唬誑銝??D (隢炎??Google Play 敺?臬撌脣???: ${response.notFoundIDs}"""
"lib\services\purchase_service.dart","127","""???澆鞈潸眺?Ｘ憭望?: $e"""
"lib\services\purchase_service.dart","151","""iOS 憭望?閮蝯?摰?: $e"""
"lib\services\purchase_service.dart","160","""iOS ??閮蝯?摰?: $e"""
"lib\services\purchase_service.dart","288","""?? 撌脤??僑銝?嚗矽?游???180 憭拙?"""
"lib\services\purchase_service.dart","301","""?? ?拙振擐頃??蝵格??∴????甈⊥撌脰?皛?20 甈∴?"""
"lib\services\purchase_service.dart","304","""?? ?拙振?潭??⊥???蝝?靽??嗡??拚????啁??活?賂?"""
"lib\services\purchase_service.dart","339","'??嚗???蝝?(?蝡韐?) ??'"
"lib\services\purchase_service.dart","343","'?脣潘?$pointsToAdd 暺?(?恍?鞈潮?????)'"
"lib\services\purchase_service.dart","363","""撖怠 Firebase 憭望?: $e"""
"lib\services\reminder_notification_service.dart","33","'??撌脣摮????嚗?payload'"
"lib\services\reminder_notification_service.dart","53","'??鋆蔭??憭望?嚗?e'"
"lib\services\reminder_notification_service.dart","84","'?拙振暺????嚗?{response.payload}'"
"lib\services\reminder_notification_service.dart","134","'蝎暹?擛折?甈?嚗?exactAlarmGranted'"
"lib\services\reminder_notification_service.dart","169","'?脣?'"
"lib\services\reminder_notification_service.dart","170","'??銝??雿??芣??敹??歇??憭拙敹?嚗?memoContent'"
"lib\services\reminder_notification_service.dart","173","'?貊蜇'"
"lib\services\reminder_notification_service.dart","174","'撘瑕'"
"lib\services\reminder_notification_service.dart","175","'蝮質?'"
"lib\services\reminder_notification_service.dart","176","'銵?撌脩??蹂?閮末鈭?皞?摰???憭拙敹?嚗?memoContent'"
"lib\services\reminder_notification_service.dart","180","'銝隞亙?閮?嚗??舀???渲?敺???憭拙敹?嚗?memoContent'"
"lib\services\reminder_notification_service.dart","183","'皞急?'"
"lib\services\reminder_notification_service.dart","186","'??敹?敹?撠勗?鈭??隞交??雿?銝?憭拙敹?嚗?memoContent'"
"lib\services\reminder_notification_service.dart","189","'擃'"
"lib\services\reminder_notification_service.dart","190","'?瑟楚'"
"lib\services\reminder_notification_service.dart","191","'?琿'"
"lib\services\reminder_notification_service.dart","192","'??雿?隞嗡???憭拙敹?嚗?memoContent'"
"lib\services\reminder_notification_service.dart","195","'?賢?'"
"lib\services\reminder_notification_service.dart","196","'瘣餅?'"
"lib\services\reminder_notification_service.dart","197","'撠僑'"
"lib\services\reminder_notification_service.dart","198","'?選?隞予??銝隞園?閬?鈭?嚗敹?嚗?memoContent'"
"lib\services\reminder_notification_service.dart","201","'?菜'"
"lib\services\reminder_notification_service.dart","202","'?敺蝜潛?頨箄?嚗??敺?????憭拙敹?嚗?memoContent'"
"lib\services\reminder_notification_service.dart","205","'撟港?'"
"lib\services\reminder_notification_service.dart","206","'?亙'"
"lib\services\reminder_notification_service.dart","208","'銋?隞予???敹?鈭?敺?$memoContent'"
"lib\services\reminder_notification_service.dart","211","'撟港?'"
"lib\services\reminder_notification_service.dart","212","'憟嗥?'"
"lib\services\reminder_notification_service.dart","213","'??銋?撟思?閮???隞予?亙?鈭?$memoContent'"
"lib\services\reminder_notification_service.dart","216","'璈１'"
"lib\services\reminder_notification_service.dart","218","'??鈭?撌脣????乩遙??$memoContent'"
"lib\services\reminder_notification_service.dart","221","'隞予?亙?鈭?$memoContent'"
"lib\services\reminder_notification_service.dart","247","'?????撌脩???嚗???嚗?scheduledDate'"
"lib\services\reminder_notification_service.dart","303","'?????撌脫?蝔?'"
"lib\services\reminder_notification_service.dart","321","'??儭?撌脣?瘨?敹??嚗?notificationId'"
"lib\services\toast_utils.dart","137","'?? 蝘駁??Toast Overlay 憭望?嚗?e'"
"lib\services\toast_utils.dart","309","'??Toast Overlay ?憭望?嚗?e'"
"lib\services\toast_utils.dart","347","'?? Toast Overlay 蝘駁憭望?嚗?e'"
"lib\services\translationService.dart","15","""?? [AI 蝧餉陌] 甇?撠??蕃霅舐 $targetLang..."""
"lib\services\translationService.dart","32","""?陌??title"""
"lib\services\translationService.dart","33","""嚗 AI 蝧餉陌敺??批摰對?\n\n$content"""
"lib\services\translationService.dart","36","""? [AI 蝧餉陌] 憭望?: $e"""
"lib\services\translationService.dart","37","""蝧餉陌憭望?: $e"""
"lib\services\translationService.dart","61","""??[?脩垢蝺拙?] 蝣? $loreId ??$lang 蝧餉陌?撌脣摮?"""
"lib\services\translationService.dart","63","""? [?脩垢蝺拙?] 摮?憭望?: $e"""
"lib\utils\character_navigator.dart","128","'??CharacterNavigator ??憭望?嚗?e'"
"lib\utils\character_navigator.dart","176","'璈?瑼?'"
"lib\utils\character_navigator.dart","254","'蝣箏?'"
"lib\utils\moment_search_utils.dart","3","'[嚗?嚗?嚗?嚗?)?[\],.!?;:'"
"lib\widgets\character_image_carousel.dart","73","'??閫??憭望?嚗?imagePath嚗?error'"
"lib\widgets\dice_duel_overlay.dart","159","'撠捱蝯?撌脣?摮?'"
"lib\widgets\dice_duel_overlay.dart","162","'? 摰??賡??航?銝?..'"
